PRAGMA foreign_keys=OFF;
BEGIN TRANSACTION;
CREATE TABLE author (
    id INTEGER PRIMARY KEY AUTOINCREMENT,
    name TEXT NOT NULL,
    email TEXT
);
INSERT INTO author VALUES(1,'Kevin Eloff','k.eloff@instadeep.com');
INSERT INTO author VALUES(2,'Konstantinos Kalogeropoulos','konka@dtu.dk');
INSERT INTO author VALUES(3,'Amandla Mabona',NULL);
INSERT INTO author VALUES(4,'Oliver Morell',NULL);
INSERT INTO author VALUES(5,'Rachel Catzel',NULL);
INSERT INTO author VALUES(6,'Esperanza Rivera-de-Torre',NULL);
INSERT INTO author VALUES(7,'Jakob Berg Jespersen',NULL);
INSERT INTO author VALUES(8,'Wesley Williams',NULL);
INSERT INTO author VALUES(9,'Sam P. B. van Beljouw',NULL);
INSERT INTO author VALUES(10,'Marcin J. Skwark',NULL);
INSERT INTO author VALUES(11,'Andreas Hougaard Laustsen',NULL);
INSERT INTO author VALUES(12,'Stan J. J. Brouns',NULL);
INSERT INTO author VALUES(13,'Anne Ljungars',NULL);
INSERT INTO author VALUES(14,'Erwin M. Schoof',NULL);
INSERT INTO author VALUES(15,'Jeroen Van Goey',NULL);
INSERT INTO author VALUES(16,'Ulrich auf dem Keller',NULL);
INSERT INTO author VALUES(17,'Karim Beguir',NULL);
INSERT INTO author VALUES(18,'Nicolas Lopez Carranza',NULL);
INSERT INTO author VALUES(19,'Timothy P. Jenkins','tpaje@dtu.dk');
INSERT INTO author VALUES(20,'Jesper Lauridsen',NULL);
INSERT INTO author VALUES(21,'Pathmanaban Ramasamy',NULL);
INSERT INTO author VALUES(22,'Vahap Canbay',NULL);
INSERT INTO author VALUES(23,'Paul Fullwood',NULL);
INSERT INTO author VALUES(24,'Jennifer Ferguson',NULL);
INSERT INTO author VALUES(25,'Annekatrine Kirketerp-Møller',NULL);
INSERT INTO author VALUES(26,'Ida Sofie Goldschmidt',NULL);
INSERT INTO author VALUES(27,'Tine Claeys',NULL);
INSERT INTO author VALUES(28,'Sam van Puyenbroeck',NULL);
INSERT INTO author VALUES(29,'Lennart Martens','Lennart.Martens@UGent.be');
INSERT INTO author VALUES(30,'Chiara Francavilla',NULL);
INSERT INTO author VALUES(31,'Joel Lapin',NULL);
INSERT INTO author VALUES(32,'Alfred Nilsson',NULL);
INSERT INTO author VALUES(33,'Mathias Wilhelm','mathias.wilhelm@tum.de');
INSERT INTO author VALUES(34,'Lukas Käll','lukas.kall@scilifelab.se');
INSERT INTO author VALUES(35,'Zixuan Cao',NULL);
INSERT INTO author VALUES(36,'Xueli Peng',NULL);
INSERT INTO author VALUES(37,'Di Zhang',NULL);
INSERT INTO author VALUES(38,'Piyu Zhou',NULL);
INSERT INTO author VALUES(39,'Li Kang',NULL);
INSERT INTO author VALUES(40,'Hao Chi','chihao@ict.ac.cn');
INSERT INTO author VALUES(41,'Ruitao Wu',NULL);
INSERT INTO author VALUES(42,'Zhiyuan Cheng',NULL);
INSERT INTO author VALUES(43,'Yao Zhang',NULL);
INSERT INTO author VALUES(44,'Jiaxin Dai',NULL);
INSERT INTO author VALUES(45,'Yanchang Li',NULL);
INSERT INTO author VALUES(46,'Lijin Yao',NULL);
INSERT INTO author VALUES(47,'Xinming Li',NULL);
INSERT INTO author VALUES(48,'Jinghan Yang',NULL);
INSERT INTO author VALUES(49,'Haipeng Wang','hpwang@sdut.edu.cn');
INSERT INTO author VALUES(50,'Ping Xu','xuping_bprc@126.com');
INSERT INTO author VALUES(51,'Yan Fu','yfu@amss.ac.cn');
INSERT INTO author VALUES(52,'Yuqi Chang',NULL);
INSERT INTO author VALUES(53,'Siqi Liu','siqiliu@genomics.cn');
INSERT INTO author VALUES(54,'Karsten Kristiansen','kk@bio.ku.dk');
INSERT INTO author VALUES(55,'Shaorong Chen','chenshaorong@westlake.edu.cn');
INSERT INTO author VALUES(56,'Jingbo Zhou',NULL);
INSERT INTO author VALUES(57,'Jun Xia','junxia@hkust-gz.edu.cn');
INSERT INTO author VALUES(58,'Yuhan Chen',NULL);
INSERT INTO author VALUES(59,'Shang Qu',NULL);
INSERT INTO author VALUES(60,'Zhiqiang Gao','gaozhiqiang@pjlab.org.cn');
INSERT INTO author VALUES(61,'Yuejin Yang',NULL);
INSERT INTO author VALUES(62,'Xiang Zhang','xzhang23@ualberta.ca');
INSERT INTO author VALUES(63,'Sheng Xu',NULL);
INSERT INTO author VALUES(64,'Xinjie Mao',NULL);
INSERT INTO author VALUES(65,'Liujia Qian',NULL);
INSERT INTO author VALUES(66,'Jiaqi Wei',NULL);
INSERT INTO author VALUES(67,'Zijie Qiu',NULL);
INSERT INTO author VALUES(68,'Chenyu You',NULL);
INSERT INTO author VALUES(69,'Lei Bai',NULL);
INSERT INTO author VALUES(70,'Ning Ding',NULL);
INSERT INTO author VALUES(71,'Tiannan Guo','guotiannan@westlake.edu.cn');
INSERT INTO author VALUES(72,'Bowen Zhou',NULL);
INSERT INTO author VALUES(73,'Siqi Sun','siqisun@fudan.edu.cn');
INSERT INTO author VALUES(74,'Zhi Jin',NULL);
INSERT INTO author VALUES(75,'Nanqing Dong',NULL);
INSERT INTO author VALUES(76,'Daniela Klaproth-Andrade',NULL);
INSERT INTO author VALUES(77,'Yanik Bruns',NULL);
INSERT INTO author VALUES(78,'Wassim Gabriel',NULL);
INSERT INTO author VALUES(79,'Christian Nix',NULL);
INSERT INTO author VALUES(80,'Valter Bergant',NULL);
INSERT INTO author VALUES(81,'Andreas Pichlmair',NULL);
INSERT INTO author VALUES(82,'Julien Gagneur',NULL);
INSERT INTO author VALUES(83,'Zheng Ma',NULL);
INSERT INTO author VALUES(84,'Gwenneth Straub',NULL);
INSERT INTO author VALUES(85,'Varun Ananth',NULL);
INSERT INTO author VALUES(86,'William E. Fondrie',NULL);
INSERT INTO author VALUES(87,'Chris Hsu',NULL);
INSERT INTO author VALUES(88,'Michael Riffle',NULL);
INSERT INTO author VALUES(89,'Justin Sanders',NULL);
INSERT INTO author VALUES(90,'Bo Wen',NULL);
INSERT INTO author VALUES(91,'Lingwen Xu',NULL);
INSERT INTO author VALUES(92,'Melih Yilmaz',NULL);
INSERT INTO author VALUES(93,'Michael J. MacCoss',NULL);
INSERT INTO author VALUES(94,'Sewoong Oh',NULL);
INSERT INTO author VALUES(95,'Wout Bittremieux','wout.bittremieux@uantwerpen.be');
INSERT INTO author VALUES(96,'William Stafford Noble','william-noble@uw.edu');
INSERT INTO author VALUES(97,'Shiva Ebrahimi','Shiva.Ebrahimi@unt.edu');
INSERT INTO author VALUES(98,'Jiancheng Li',NULL);
INSERT INTO author VALUES(99,'Xuan Guo','Xuan.Guo@unt.edu');
INSERT INTO author VALUES(100,'Zeping Mao',NULL);
INSERT INTO author VALUES(101,'Chao Peng',NULL);
INSERT INTO author VALUES(102,'Yuling Chen',NULL);
INSERT INTO author VALUES(103,'Ping Wu',NULL);
INSERT INTO author VALUES(104,'Qianqiu Zhang',NULL);
INSERT INTO author VALUES(105,'Lei Xin','lxin@bioinfor.com');
INSERT INTO author VALUES(106,'Haiteng Deng',NULL);
INSERT INTO author VALUES(107,'Ming Li','mli@uwaterloo.ca');
INSERT INTO author VALUES(108,'Jun A',NULL);
INSERT INTO author VALUES(109,'Xiaofan Zhang',NULL);
INSERT INTO author VALUES(110,'Te Zhang',NULL);
INSERT INTO author VALUES(111,'Yamin Deng',NULL);
INSERT INTO author VALUES(112,'Pu Liu',NULL);
INSERT INTO author VALUES(113,'Zongxiang Nie',NULL);
INSERT INTO author VALUES(114,'Yi Chen',NULL);
INSERT INTO author VALUES(115,'Ye Du',NULL);
INSERT INTO author VALUES(116,'Chen Yang',NULL);
INSERT INTO author VALUES(117,'Nanxi Yu',NULL);
INSERT INTO author VALUES(118,'Wanyu Lin',NULL);
INSERT INTO author VALUES(119,'Qian Zhao',NULL);
INSERT INTO author VALUES(120,'Shujun Wang','shu-jun.wang@polyu.edu.hk');
INSERT INTO author VALUES(121,'Yang Zhao',NULL);
INSERT INTO author VALUES(122,'Shuo Wang',NULL);
INSERT INTO author VALUES(123,'Jinze Huang',NULL);
INSERT INTO author VALUES(124,'Bo Meng',NULL);
INSERT INTO author VALUES(125,'Dong An',NULL);
INSERT INTO author VALUES(126,'Xiang Fang',NULL);
INSERT INTO author VALUES(127,'Yaoguang Wei',NULL);
INSERT INTO author VALUES(128,'Xinhua Dai',NULL);
INSERT INTO author VALUES(129,'Yueting Xiong',NULL);
INSERT INTO author VALUES(130,'Wenbin Jiang',NULL);
INSERT INTO author VALUES(131,'Jin Xiao',NULL);
INSERT INTO author VALUES(132,'Qingfang Bu',NULL);
INSERT INTO author VALUES(133,'Jingyi Wang',NULL);
INSERT INTO author VALUES(134,'Zhenjian Jiang',NULL);
INSERT INTO author VALUES(135,'Ling Luo',NULL);
INSERT INTO author VALUES(136,'Xiaoqing Chen',NULL);
INSERT INTO author VALUES(137,'Yijie Qiu',NULL);
INSERT INTO author VALUES(138,'Yangtao Wu',NULL);
INSERT INTO author VALUES(139,'Fan Liu',NULL);
INSERT INTO author VALUES(140,'Rongshan Yu',NULL);
INSERT INTO author VALUES(141,'Ning-Shao Xia',NULL);
INSERT INTO author VALUES(142,'Quan Yuan',NULL);
INSERT INTO author VALUES(143,'Tianze Ling',NULL);
INSERT INTO author VALUES(144,'Boyan Sun',NULL);
INSERT INTO author VALUES(145,'Guangshuai Wang',NULL);
INSERT INTO author VALUES(146,'Guibin Wang',NULL);
INSERT INTO author VALUES(147,'Leyuan Li',NULL);
INSERT INTO author VALUES(148,'Muhammad Abdul-Mageed',NULL);
INSERT INTO author VALUES(149,'Laks V.S. Lakshmanan',NULL);
INSERT INTO author VALUES(150,'Wanli Ouyang','ouyangwanli@pjlab.org.cn');
INSERT INTO author VALUES(151,'Cheng Chang','changcheng@ncpsb.org.cn');
INSERT INTO author VALUES(152,'Lecheng Zhang',NULL);
INSERT INTO author VALUES(153,'Zhangyang Gao',NULL);
INSERT INTO author VALUES(154,'Bozhen Hu',NULL);
INSERT INTO author VALUES(155,'Cheng Tan',NULL);
INSERT INTO author VALUES(156,'Wenjie Du',NULL);
INSERT INTO author VALUES(157,'Stan Z. Li','stan.zq.li@westlake.edu.cn');
INSERT INTO author VALUES(158,'Ruixue Zhang',NULL);
INSERT INTO author VALUES(159,'Jiazhen Chen',NULL);
INSERT INTO author VALUES(161,'Ali Ghodsi','ali.ghodsi@uwaterloo.ca');
INSERT INTO author VALUES(162,'Kai Zou',NULL);
INSERT INTO author VALUES(163,'Yu Wang','wangy20@pcl.ac.cn');
INSERT INTO author VALUES(164,'Zhendong Liang',NULL);
INSERT INTO author VALUES(165,'Tingpeng Yang',NULL);
INSERT INTO author VALUES(166,'Linhai Xie',NULL);
INSERT INTO author VALUES(167,'Yonghong He',NULL);
INSERT INTO author VALUES(168,'Rowan Nelson',NULL);
INSERT INTO author VALUES(169,'Matin Ahmadi',NULL);
INSERT INTO author VALUES(170,'Denis V. Petrovskiy',NULL);
INSERT INTO author VALUES(171,'Kirill S. Nikolsky',NULL);
INSERT INTO author VALUES(172,'Liudmila I. Kulikova',NULL);
INSERT INTO author VALUES(173,'Vladimir R. Rudnev',NULL);
INSERT INTO author VALUES(174,'Tatiana V. Butkova','t.butkova@gmail.com');
INSERT INTO author VALUES(175,'Kristina A. Malsagova',NULL);
INSERT INTO author VALUES(176,'Arthur T. Kopylov',NULL);
INSERT INTO author VALUES(177,'Anna L. Kaysheva','kaysheva1@gmail.com');
INSERT INTO author VALUES(178,'Paul Rudnick',NULL);
INSERT INTO author VALUES(179,'Rich Johnson',NULL);
INSERT INTO author VALUES(180,'Christine C. Wu',NULL);
INSERT INTO author VALUES(181,'Seunghyuk Choi',NULL);
INSERT INTO author VALUES(182,'Eunok Paek','eunokpaek@hanyang.ac.kr');
INSERT INTO author VALUES(183,'Sizhe Liu',NULL);
INSERT INTO author VALUES(184,'Sangjeong Lee',NULL);
INSERT INTO author VALUES(185,'Hyunwoo Kim','pardess@kisti.re.kr');
INSERT INTO author VALUES(186,'Fan Xu',NULL);
INSERT INTO author VALUES(187,'Xiansong Huang',NULL);
INSERT INTO author VALUES(188,'Fuchu He',NULL);
INSERT INTO author VALUES(189,'Hanqing Liao',NULL);
INSERT INTO author VALUES(190,'Carolina Barra',NULL);
INSERT INTO author VALUES(191,'Zhicheng Zhou',NULL);
INSERT INTO author VALUES(192,'Xu Peng',NULL);
INSERT INTO author VALUES(193,'Isaac Woodhouse',NULL);
INSERT INTO author VALUES(194,'Arun Tailor',NULL);
INSERT INTO author VALUES(195,'Robert Parker',NULL);
INSERT INTO author VALUES(196,'Alexia Carré',NULL);
INSERT INTO author VALUES(197,'Persephone Borrow',NULL);
INSERT INTO author VALUES(198,'Michael J. Hogan',NULL);
INSERT INTO author VALUES(199,'Wayne Paes',NULL);
INSERT INTO author VALUES(200,'Laurence C. Eisenlohr',NULL);
INSERT INTO author VALUES(201,'Roberto Mallone',NULL);
INSERT INTO author VALUES(202,'Morten Nielsen',NULL);
INSERT INTO author VALUES(203,'Nicola Ternette','nicola.ternette@ndm.ox.ac.uk');
INSERT INTO author VALUES(204,'Johannes Hingerl',NULL);
INSERT INTO author VALUES(205,'Nicholas H. Smith',NULL);
INSERT INTO author VALUES(206,'Jakob Träuble',NULL);
INSERT INTO author VALUES(207,'Kaiyuan Liu',NULL);
INSERT INTO author VALUES(208,'Yuzhen Ye',NULL);
INSERT INTO author VALUES(209,'Sujun Li',NULL);
INSERT INTO author VALUES(210,'Haixu Tang',NULL);
INSERT INTO author VALUES(211,'Ngoc Hieu Tran','nh2tran@uwaterloo.ca');
INSERT INTO author VALUES(212,'Ke Wang','wangke@jnu.edu.cn');
INSERT INTO author VALUES(213,'Mingjia Zhu',NULL);
INSERT INTO author VALUES(214,'Weiping Sun',NULL);
INSERT INTO author VALUES(215,'Yizhou Li',NULL);
INSERT INTO author VALUES(216,'Siyu Wu',NULL);
INSERT INTO author VALUES(217,'Zhongzhi Luan','luan.zhongzhi@buaa.edu.cn');
INSERT INTO author VALUES(219,'Qunying Wang',NULL);
INSERT INTO author VALUES(220,'Xiaofang Xu',NULL);
INSERT INTO author VALUES(221,'Chunde Yang',NULL);
INSERT INTO author VALUES(222,'Qiang He',NULL);
INSERT INTO author VALUES(223,'Kunxian Shu',NULL);
INSERT INTO author VALUES(224,'Yuan Xinpu',NULL);
INSERT INTO author VALUES(225,'Zhiguang Chen','zhiguang.chen@nscc-gz.cn');
INSERT INTO author VALUES(226,'Yunping Zhu','zhuyunping@ncpsb.org.cn');
INSERT INTO author VALUES(227,'Tao Chen','taochen1019@163.com');
INSERT INTO author VALUES(228,'Rui Zhang',NULL);
INSERT INTO author VALUES(229,'Qixin Liu',NULL);
INSERT INTO author VALUES(230,'Mingjie Xie',NULL);
INSERT INTO author VALUES(231,'Dennis Trede',NULL);
INSERT INTO author VALUES(232,'Tharan Srikumar',NULL);
INSERT INTO author VALUES(233,'Jonathan Krieger',NULL);
INSERT INTO author VALUES(234,'Bin Ma',NULL);
INSERT INTO author VALUES(235,'George Rosenberger',NULL);
INSERT INTO author VALUES(236,'Runtao Wang',NULL);
INSERT INTO author VALUES(237,'Jangho Seo',NULL);
INSERT INTO author VALUES(238,'Joon-Yong Lee',NULL);
INSERT INTO author VALUES(239,'Hugh D. Mitchell',NULL);
INSERT INTO author VALUES(240,'Cheng Ge','13851520957@163.com');
INSERT INTO author VALUES(241,'Yi Lu',NULL);
INSERT INTO author VALUES(242,'Jia Qu',NULL);
INSERT INTO author VALUES(243,'Liangxu Xie',NULL);
INSERT INTO author VALUES(244,'Feng Wang',NULL);
INSERT INTO author VALUES(245,'Hong Zhang',NULL);
INSERT INTO author VALUES(246,'Ren Kong','rkong@jsut.edu.cn');
INSERT INTO author VALUES(247,'Shan Chang','schang@jsut.edu.cn');
INSERT INTO author VALUES(248,'Lei Di',NULL);
INSERT INTO author VALUES(249,'Yongxing He',NULL);
INSERT INTO author VALUES(250,'Rui Qiao','rqiao@uwaterloo.ca');
INSERT INTO author VALUES(251,'Xin Chen',NULL);
INSERT INTO author VALUES(252,'Baozhen Shan','bshan@bioinfor.com');
INSERT INTO author VALUES(253,'Bahar Behsaz','bbehsaz@ucsd.edu');
INSERT INTO author VALUES(254,'Hosein Mohimani',NULL);
INSERT INTO author VALUES(255,'Hao Yang',NULL);
INSERT INTO author VALUES(256,'Wen-Feng Zeng',NULL);
INSERT INTO author VALUES(257,'Wen-Jing Zhou',NULL);
INSERT INTO author VALUES(258,'Si-Min He','smhe@ict.ac.cn');
INSERT INTO author VALUES(259,'Samuel E. Miller',NULL);
INSERT INTO author VALUES(260,'Adriana I. Rizzo',NULL);
INSERT INTO author VALUES(261,'Jacob R. Waldbauer',NULL);
INSERT INTO author VALUES(262,'Xianglilan Zhang',NULL);
INSERT INTO author VALUES(263,'Yuanliang Zhang',NULL);
INSERT INTO author VALUES(264,'Lequan Yu',NULL);
INSERT INTO author VALUES(265,'J. Alex Taylor',NULL);
INSERT INTO author VALUES(266,'Richard S. Johnson',NULL);
INSERT INTO author VALUES(267,'Vlado Dancík',NULL);
INSERT INTO author VALUES(268,'Theresa A. Addona',NULL);
INSERT INTO author VALUES(269,'Karl R. Clauser',NULL);
INSERT INTO author VALUES(270,'James E. Vath',NULL);
INSERT INTO author VALUES(271,'Pavel A. Pevzner',NULL);
INSERT INTO author VALUES(272,'Kaizhong Zhang',NULL);
INSERT INTO author VALUES(273,'Christopher Hendrie',NULL);
INSERT INTO author VALUES(274,'Chengzhi Liang',NULL);
INSERT INTO author VALUES(275,'Amanda Doherty-Kirby',NULL);
INSERT INTO author VALUES(276,'Gilles Lajoie',NULL);
INSERT INTO author VALUES(277,'Ari Frank',NULL);
INSERT INTO author VALUES(278,'Bernd Fischer',NULL);
INSERT INTO author VALUES(279,'Volker Roth',NULL);
INSERT INTO author VALUES(280,'Franz Roos',NULL);
INSERT INTO author VALUES(281,'Jonas Grossmann',NULL);
INSERT INTO author VALUES(282,'Sacha Baginsky',NULL);
INSERT INTO author VALUES(283,'Peter Widmayer',NULL);
INSERT INTO author VALUES(284,'Wilhelm Gruissem',NULL);
INSERT INTO author VALUES(285,'Joachim M. Buhmann',NULL);
INSERT INTO author VALUES(286,'Lijuan Mo',NULL);
INSERT INTO author VALUES(287,'Debojyoti Dutta',NULL);
INSERT INTO author VALUES(288,'Yunhu Wan',NULL);
INSERT INTO author VALUES(289,'Ting Chen',NULL);
INSERT INTO author VALUES(290,'Rui-Xiang Sun',NULL);
INSERT INTO author VALUES(291,'Bing Yang',NULL);
INSERT INTO author VALUES(292,'Chun-Qing Song',NULL);
INSERT INTO author VALUES(293,'Le-Heng Wang',NULL);
INSERT INTO author VALUES(294,'Chao Liu',NULL);
INSERT INTO author VALUES(295,'Zuo-Fei Yuan',NULL);
INSERT INTO author VALUES(298,'Meng-Qiu Dong',NULL);
INSERT INTO author VALUES(299,'Haifeng Chen',NULL);
INSERT INTO author VALUES(300,'Kun He',NULL);
INSERT INTO author VALUES(301,'Long Wu',NULL);
INSERT INTO author VALUES(302,'Jianyun Liu',NULL);
INSERT INTO author VALUES(303,'Yonggang Lu',NULL);
INSERT INTO author VALUES(304,'Jemma Daniel',NULL);
INSERT INTO author VALUES(305,'Henrik Servais Janssen Knudsen',NULL);
INSERT INTO author VALUES(306,'Carlo F. Melendez',NULL);
INSERT INTO author VALUES(307,'Marina Pominova',NULL);
INSERT INTO author VALUES(308,'Korrawe Karunratanakul',NULL);
INSERT INTO author VALUES(309,'Hsin-Yao Tang',NULL);
INSERT INTO author VALUES(310,'David W. Speicher',NULL);
INSERT INTO author VALUES(311,'Ekapol Chuangsuwanich',NULL);
INSERT INTO author VALUES(312,'Sira Sriswasdi',NULL);
INSERT INTO author VALUES(313,'Yue Liu',NULL);
INSERT INTO author VALUES(314,'Jianwei Yin',NULL);
INSERT INTO author VALUES(315,'Hongxin Xiang',NULL);
INSERT INTO author VALUES(316,'Zicheng Liu',NULL);
INSERT INTO author VALUES(317,'Shengying Pan',NULL);
INSERT INTO author VALUES(318,'Qing Zhang',NULL);
INSERT INTO author VALUES(319,'Wenting Li',NULL);
INSERT INTO author VALUES(320,'Yuxing Liao',NULL);
INSERT INTO author VALUES(321,'Zhiao Shi',NULL);
INSERT INTO author VALUES(322,'Sara R. Savage',NULL);
INSERT INTO author VALUES(323,'Wen Jiang',NULL);
INSERT INTO author VALUES(324,'Bing Zhang',NULL);
INSERT INTO author VALUES(325,'Rui-Min Wang',NULL);
INSERT INTO author VALUES(326,'Zhao-Wei Wang',NULL);
INSERT INTO author VALUES(327,'Xiu-Nan Niu',NULL);
INSERT INTO author VALUES(328,'Zhen-Lin Chen',NULL);
INSERT INTO author VALUES(329,'Bernhard Blank-Landeshammer',NULL);
INSERT INTO author VALUES(330,'Laxmikanth Kollipara',NULL);
INSERT INTO author VALUES(331,'Karsten Biß',NULL);
INSERT INTO author VALUES(332,'Markus Pfenninger',NULL);
INSERT INTO author VALUES(333,'Sebastian Malchow',NULL);
INSERT INTO author VALUES(334,'Konstantin Shuvaev',NULL);
INSERT INTO author VALUES(335,'René P. Zahedi',NULL);
INSERT INTO author VALUES(336,'Albert Sickmann',NULL);
INSERT INTO author VALUES(337,'Matthew T. Olson',NULL);
INSERT INTO author VALUES(338,'Jonathan A. Epstein',NULL);
INSERT INTO author VALUES(339,'Alfred L. Yergey',NULL);
INSERT INTO author VALUES(340,'Mikhail M. Savitski',NULL);
INSERT INTO author VALUES(341,'Michael L. Nielsen',NULL);
INSERT INTO author VALUES(342,'Roman A. Zubarev',NULL);
INSERT INTO author VALUES(343,'Wenzhu Zhang',NULL);
INSERT INTO author VALUES(344,'Andrew N. Krutchinsky',NULL);
INSERT INTO author VALUES(345,'Brian T. Chait',NULL);
INSERT INTO author VALUES(346,'Zhongqi Zhang',NULL);
INSERT INTO author VALUES(347,'James S. McElvain',NULL);
INSERT INTO author VALUES(348,'Mingrui An',NULL);
INSERT INTO author VALUES(349,'Xiao Zou',NULL);
INSERT INTO author VALUES(350,'Qingsong Wang',NULL);
INSERT INTO author VALUES(351,'Xuyang Zhao',NULL);
INSERT INTO author VALUES(352,'Jing Wu',NULL);
INSERT INTO author VALUES(353,'Li-Ming Xu',NULL);
INSERT INTO author VALUES(354,'Hong-Yan Shen',NULL);
INSERT INTO author VALUES(355,'Xueyuan Xiao',NULL);
INSERT INTO author VALUES(356,'Dacheng He',NULL);
INSERT INTO author VALUES(357,'Jianguo Ji',NULL);
INSERT INTO author VALUES(358,'Andrew P. Horton',NULL);
INSERT INTO author VALUES(359,'Scott A. Robotham',NULL);
INSERT INTO author VALUES(360,'Joe R. Cannon',NULL);
INSERT INTO author VALUES(361,'Dustin D. Holden',NULL);
INSERT INTO author VALUES(362,'Edward M. Marcotte',NULL);
INSERT INTO author VALUES(363,'Jennifer S. Brodbelt',NULL);
INSERT INTO author VALUES(364,'Victoria C. Cotham',NULL);
INSERT INTO author VALUES(365,'Zhi-Biao Mai',NULL);
INSERT INTO author VALUES(366,'Zhong-Hua Zhou',NULL);
INSERT INTO author VALUES(367,'Qing-Yu He',NULL);
INSERT INTO author VALUES(368,'Gong Zhang',NULL);
INSERT INTO author VALUES(369,'Zihan Lin',NULL);
INSERT INTO author VALUES(370,'Lihong Huang',NULL);
INSERT INTO author VALUES(371,'Yiie Qiu',NULL);
INSERT INTO author VALUES(372,'Sainan Zhang',NULL);
INSERT INTO author VALUES(373,'Chao Wang',NULL);
INSERT INTO author VALUES(374,'Ningshao Xia',NULL);
INSERT INTO author VALUES(375,'Yan Yang',NULL);
INSERT INTO author VALUES(376,'Zakir Hossain',NULL);
INSERT INTO author VALUES(377,'Khandaker Asif',NULL);
INSERT INTO author VALUES(378,'Liyuan Pan',NULL);
INSERT INTO author VALUES(379,'Shafin Rahman',NULL);
INSERT INTO author VALUES(380,'Eric Stone',NULL);
INSERT INTO author VALUES(381,'Petra Gutenbrunner',NULL);
INSERT INTO author VALUES(382,'Pelagia Kyriakidou',NULL);
INSERT INTO author VALUES(383,'Frido Welker',NULL);
INSERT INTO author VALUES(384,'Jürgen Cox',NULL);
INSERT INTO author VALUES(385,'Jing Zhang',NULL);
INSERT INTO author VALUES(386,'Weiwu Chen',NULL);
INSERT INTO author VALUES(387,'Denis Yuen',NULL);
INSERT INTO author VALUES(388,'Weiming Zhang',NULL);
INSERT INTO author VALUES(389,'Zefeng Zhang',NULL);
INSERT INTO author VALUES(390,'Chengxin Dai',NULL);
INSERT INTO author VALUES(391,'Yi Liu',NULL);
INSERT INTO author VALUES(392,'Yang Qiu',NULL);
INSERT INTO author VALUES(393,'Huali Xu',NULL);
INSERT INTO author VALUES(394,'Qingyuan Zhang',NULL);
INSERT INTO author VALUES(395,'Xiaowei Huang',NULL);
INSERT INTO author VALUES(396,'Timo Sachsenberg',NULL);
INSERT INTO author VALUES(397,'Mingze Bai',NULL);
INSERT INTO author VALUES(398,'Yasset Perez-Riverol',NULL);
INSERT INTO author VALUES(408,'Chi-en Amy Tai',NULL);
INSERT INTO author VALUES(409,'Alexander Wong',NULL);
INSERT INTO author VALUES(410,'Shu Yang',NULL);
INSERT INTO author VALUES(411,'Binyang Li',NULL);
INSERT INTO author VALUES(412,'Yuxiaomei Liu',NULL);
INSERT INTO author VALUES(413,'Fangzheng Li',NULL);
INSERT INTO author VALUES(414,'Jiaxing Qi',NULL);
INSERT INTO author VALUES(415,'Xiaohui Liang',NULL);
INSERT INTO author VALUES(416,'Tim Van Den Bossche',NULL);
INSERT INTO author VALUES(417,'Denis Beslic',NULL);
INSERT INTO author VALUES(418,'Tomi Suomi',NULL);
INSERT INTO author VALUES(419,'Tanja Holstein',NULL);
INSERT INTO author VALUES(420,'Laura L. Elo',NULL);
INSERT INTO author VALUES(421,'Thilo Muth',NULL);
INSERT INTO author VALUES(422,'Joerg Seidler',NULL);
INSERT INTO author VALUES(423,'Nico Zinn',NULL);
INSERT INTO author VALUES(424,'Martin E. Boehm',NULL);
INSERT INTO author VALUES(425,'Wolf D. Lehmann',NULL);
INSERT INTO author VALUES(426,'Yonghan Yu',NULL);
INSERT INTO author VALUES(427,'Sandro Andreotti',NULL);
INSERT INTO author VALUES(428,'Gunnar W. Klau',NULL);
INSERT INTO author VALUES(429,'Knut Reinert',NULL);
INSERT INTO author VALUES(430,'Bernhard Y. Renard',NULL);
INSERT INTO author VALUES(431,'Jiale Zhao','zhaojiale22z@ict.ac.cn');
INSERT INTO author VALUES(432,'Pengzhi Mao',NULL);
INSERT INTO author VALUES(433,'Kaifei Wang',NULL);
INSERT INTO author VALUES(434,'Yiming Li',NULL);
INSERT INTO author VALUES(435,'Yaping Peng',NULL);
INSERT INTO author VALUES(436,'Ranfei Chen',NULL);
INSERT INTO author VALUES(437,'Shuqi Lu',NULL);
INSERT INTO author VALUES(438,'Xiaohong Ji',NULL);
INSERT INTO author VALUES(439,'Jiaxiang Ding',NULL);
INSERT INTO author VALUES(440,'Xin Zhang',NULL);
INSERT INTO author VALUES(441,'Yucheng Liao',NULL);
INSERT INTO author VALUES(442,'Weinan E',NULL);
INSERT INTO author VALUES(443,'Han Wen','wenh@dp.tech');
INSERT INTO author VALUES(444,'Weijie Zhang','zhangweijie@dp.tech');
CREATE TABLE country (
    id INTEGER PRIMARY KEY AUTOINCREMENT,
    name TEXT NOT NULL UNIQUE
);
INSERT INTO country VALUES(1,'Belgium');
INSERT INTO country VALUES(2,'China');
INSERT INTO country VALUES(3,'Denmark');
INSERT INTO country VALUES(4,'Germany');
INSERT INTO country VALUES(5,'Netherlands');
INSERT INTO country VALUES(6,'Sweden');
INSERT INTO country VALUES(7,'UK');
INSERT INTO country VALUES(8,'USA');
INSERT INTO country VALUES(9,'Canada');
INSERT INTO country VALUES(10,'Slovenia');
INSERT INTO country VALUES(11,'UAE');
INSERT INTO country VALUES(12,'Russia');
INSERT INTO country VALUES(13,'South Korea');
INSERT INTO country VALUES(14,'France');
INSERT INTO country VALUES(15,'Australia');
INSERT INTO country VALUES(16,'Switzerland');
INSERT INTO country VALUES(17,'Slovakia');
INSERT INTO country VALUES(18,'Thailand');
INSERT INTO country VALUES(19,'Singapore');
INSERT INTO country VALUES(20,'Norway');
INSERT INTO country VALUES(21,'Bangladesh');
INSERT INTO country VALUES(22,'Finland');
CREATE TABLE city (
    id INTEGER PRIMARY KEY AUTOINCREMENT,
    name TEXT NOT NULL,
    country_id INTEGER, lat REAL, lng REAL,
    FOREIGN KEY (country_id) REFERENCES country(id)
        ON DELETE CASCADE
        ON UPDATE CASCADE
);
INSERT INTO city VALUES(1,'London',7,51.5073999999999969,-0.127799999999999996);
INSERT INTO city VALUES(2,'Manchester',7,53.4808000000000021,-2.24259999999999992);
INSERT INTO city VALUES(3,'Copenhagen',3,55.6760999999999981,12.5683000000000006);
INSERT INTO city VALUES(4,'Kongens Lyngby',3,55.7700000000000031,12.5024999999999995);
INSERT INTO city VALUES(5,'Delft',5,52.0116000000000013,4.35709999999999997);
INSERT INTO city VALUES(6,'Freising',4,48.4027999999999991,11.7414000000000005);
INSERT INTO city VALUES(7,'Garching',4,48.2486000000000032,11.6509999999999998);
INSERT INTO city VALUES(8,'Stockholm',6,59.3293000000000034,18.0685999999999999);
INSERT INTO city VALUES(9,'Beijing',2,39.904200000000003,116.407399999999995);
INSERT INTO city VALUES(10,'Shenzhen',2,22.543099999999999,114.057900000000003);
INSERT INTO city VALUES(11,'Shenyang',2,41.8057000000000016,123.431499999999999);
INSERT INTO city VALUES(12,'Zibo',2,36.8132000000000019,118.0548);
INSERT INTO city VALUES(13,'Ghent',1,51.0542999999999977,3.71740000000000003);
INSERT INTO city VALUES(14,'Brussels',1,50.8502999999999971,4.35170000000000012);
INSERT INTO city VALUES(15,'Hangzhou',2,30.2741000000000006,120.155100000000004);
INSERT INTO city VALUES(16,'Guangzhou',2,23.1291000000000011,113.264399999999994);
INSERT INTO city VALUES(17,'Hong Kong',2,22.3192999999999983,114.169399999999996);
INSERT INTO city VALUES(18,'Shanghai',2,31.2303999999999994,121.473699999999993);
INSERT INTO city VALUES(19,'New York',8,40.7128000000000014,-74.0060000000000002);
INSERT INTO city VALUES(20,'Vancouver',9,49.2826999999999984,-123.120699999999999);
INSERT INTO city VALUES(21,'Munich',4,48.1351000000000013,11.5820000000000007);
INSERT INTO city VALUES(22,'Ljubljana',10,46.0568999999999988,14.5058000000000006);
INSERT INTO city VALUES(23,'Neuherberg',4,48.2177999999999968,11.5945);
INSERT INTO city VALUES(24,'Waterloo',9,43.4643000000000014,-80.520399999999995);
INSERT INTO city VALUES(25,'Seattle',8,47.6062000000000011,-122.332099999999996);
INSERT INTO city VALUES(26,'Antwerp',1,51.2194000000000002,4.40249999999999985);
INSERT INTO city VALUES(27,'Denton',8,33.2147999999999967,-97.1330999999999988);
INSERT INTO city VALUES(28,'Wuhan',2,30.5928000000000004,114.305499999999995);
INSERT INTO city VALUES(29,'Xiamen',2,24.4798000000000008,118.089399999999997);
INSERT INTO city VALUES(30,'Suzhou',2,31.2988999999999997,120.585300000000003);
INSERT INTO city VALUES(31,'Abu Dhabi',11,24.4539000000000008,54.3772999999999981);
INSERT INTO city VALUES(32,'Moscow',12,55.7558000000000006,37.6173000000000001);
INSERT INTO city VALUES(33,'Seoul',13,37.5664999999999977,126.977999999999994);
INSERT INTO city VALUES(34,'Los Angeles',8,34.0521999999999991,-118.243700000000004);
INSERT INTO city VALUES(35,'Daejeon',13,36.3504000000000004,127.384500000000002);
INSERT INTO city VALUES(36,'Oxford',7,51.7520000000000024,-1.25770000000000004);
INSERT INTO city VALUES(37,'Paris',14,48.8566000000000002,2.35219999999999984);
INSERT INTO city VALUES(38,'Philadelphia',8,39.9525999999999967,-75.1651999999999986);
INSERT INTO city VALUES(39,'Utrecht',5,52.0906999999999982,5.12140000000000039);
INSERT INTO city VALUES(40,'Bloomington',8,39.165300000000002,-86.5263999999999953);
INSERT INTO city VALUES(41,'Guiyang',2,26.6469999999999984,106.630200000000002);
INSERT INTO city VALUES(42,'London',9,42.9849000000000032,-81.2453000000000003);
INSERT INTO city VALUES(43,'Chongqing',2,29.5629999999999988,106.551599999999993);
INSERT INTO city VALUES(44,'Melbourne',15,-37.8136000000000009,144.963099999999997);
INSERT INTO city VALUES(45,'Kitchener',9,43.4515999999999991,-80.4925000000000068);
INSERT INTO city VALUES(46,'Bremen',4,53.0793000000000034,8.8017000000000003);
INSERT INTO city VALUES(47,'Milton',9,43.5183000000000035,-79.8773999999999944);
INSERT INTO city VALUES(48,'Fällanden',16,47.3701999999999969,8.63599999999999923);
INSERT INTO city VALUES(49,'San Diego',8,32.7156999999999982,-117.161100000000004);
INSERT INTO city VALUES(50,'Richland',8,46.2856000000000022,-119.284499999999994);
INSERT INTO city VALUES(51,'Provo',8,40.2338000000000022,-111.658500000000003);
INSERT INTO city VALUES(52,'Changzhou',2,31.7728000000000001,119.946899999999999);
INSERT INTO city VALUES(53,'Xuzhou',2,34.2045999999999992,117.285099999999999);
INSERT INTO city VALUES(54,'Pittsburgh',8,40.4406000000000034,-79.995900000000006);
INSERT INTO city VALUES(55,'Chicago',8,41.8781000000000034,-87.629800000000003);
INSERT INTO city VALUES(56,'La Jolla',8,32.8327999999999988,-117.271299999999996);
INSERT INTO city VALUES(57,'Cambridge',8,42.3736000000000032,-71.1097000000000036);
INSERT INTO city VALUES(58,'Košice',17,48.7164000000000001,21.261099999999999);
INSERT INTO city VALUES(59,'Zurich',16,47.3768999999999991,8.54170000000000051);
INSERT INTO city VALUES(60,'Lanzhou',2,36.0611000000000032,103.834299999999998);
INSERT INTO city VALUES(61,'Bangkok',18,13.7562999999999995,100.501800000000002);
INSERT INTO city VALUES(62,'Changsha',2,28.228200000000001,112.9388);
INSERT INTO city VALUES(63,'Singapore',19,1.35210000000000007,103.8198);
INSERT INTO city VALUES(64,'Houston',8,29.7604000000000006,-95.3697999999999979);
INSERT INTO city VALUES(65,'Austin',8,30.2671999999999989,-97.7430999999999983);
INSERT INTO city VALUES(66,'Bethesda',8,38.9846999999999965,-77.0947000000000031);
INSERT INTO city VALUES(67,'Thousand Oaks',8,34.1706000000000003,-118.837599999999994);
INSERT INTO city VALUES(68,'Uppsala',6,59.8586000000000026,17.6388999999999995);
INSERT INTO city VALUES(69,'Dortmund',4,51.5135999999999967,7.46530000000000004);
INSERT INTO city VALUES(70,'Frankfurt am Main',4,50.1109000000000008,8.68210000000000015);
INSERT INTO city VALUES(71,'Harbin',2,45.8038000000000025,126.534999999999996);
INSERT INTO city VALUES(72,'Canberra',15,-35.2809000000000025,149.129999999999995);
INSERT INTO city VALUES(73,'Martinsried',4,48.1058000000000021,11.4519000000000001);
INSERT INTO city VALUES(74,'Bergen',20,60.391300000000001,5.32209999999999983);
INSERT INTO city VALUES(75,'Dhaka',21,23.8103000000000015,90.4124999999999943);
INSERT INTO city VALUES(76,'Tübingen',4,48.5215999999999993,9.05760000000000076);
INSERT INTO city VALUES(77,'Hinxton',7,52.0833000000000012,0.1875);
INSERT INTO city VALUES(78,'Berlin',4,52.5200000000000031,13.4049999999999993);
INSERT INTO city VALUES(79,'Turku',22,60.4517999999999986,22.2666000000000003);
INSERT INTO city VALUES(80,'Heidelberg',4,49.3988000000000013,8.67239999999999966);
CREATE TABLE affiliation (
    id INTEGER PRIMARY KEY AUTOINCREMENT,
    name TEXT NOT NULL,
    department TEXT,
    country_id INTEGER,
    city_id INTEGER,
    UNIQUE (name, department),
    FOREIGN KEY (country_id) REFERENCES country(id)
        ON DELETE SET NULL
        ON UPDATE CASCADE,
    FOREIGN KEY (city_id) REFERENCES city(id)
        ON DELETE SET NULL
        ON UPDATE CASCADE
);
INSERT INTO affiliation VALUES(1,'InstaDeep Ltd',NULL,7,1);
INSERT INTO affiliation VALUES(2,'Technical University of Denmark','Department of Biotechnology and Biomedicine',3,4);
INSERT INTO affiliation VALUES(3,'Technical University of Denmark','Novo Nordisk Foundation Center for Biosustainability',3,4);
INSERT INTO affiliation VALUES(4,'Delft University of Technology','Department of Bionanoscience',5,5);
INSERT INTO affiliation VALUES(5,'Kavli Institute of Nanoscience',NULL,5,5);
INSERT INTO affiliation VALUES(6,'Technical University of Denmark','Department of Applied Mathematics and Computer Science',3,4);
INSERT INTO affiliation VALUES(7,'VIB','CompOmics, VIB Center for Medical Biotechnology',1,13);
INSERT INTO affiliation VALUES(8,'Ghent University','Department of Biomolecular Medicine, Faculty of Medicine and Health Sciences',1,13);
INSERT INTO affiliation VALUES(9,'ULB-VUB','Interuniversity Institute of Bioinformatics in Brussels',1,14);
INSERT INTO affiliation VALUES(10,'Vrije Universiteit Brussel','Structural Biology Brussels',1,14);
INSERT INTO affiliation VALUES(11,'The University of Manchester',replace('Division of Molecular and Cellular Function, School of Biological Science, Faculty of Biology Medicine and Health\n(FBMH)','\n',char(10)),7,2);
INSERT INTO affiliation VALUES(12,'Technical University of Munich','Computational Mass Spectrometry, TUM School of Life Sciences',4,6);
INSERT INTO affiliation VALUES(13,'Technical University of Munich','Munich Data Science Institute',4,7);
INSERT INTO affiliation VALUES(14,'KTH - Royal Institute of Technology','Science for Life Laboratory',6,8);
INSERT INTO affiliation VALUES(15,'Chinese Academy of Sciences','State Key Laboratory of Mathematical Science, Academy of Mathematics and Systems Science',2,9);
INSERT INTO affiliation VALUES(16,'Shandong University of Technology','School of Computer Science and Technology',2,12);
INSERT INTO affiliation VALUES(17,'Beijing Institute of Lifeomics',replace('State Key Laboratory of Medical Proteomics, National Center for Protein Sciences (Beijing),\nResearch Unit of Proteomics and Research and Development of New Drug of Chinese Academy of\nMedical Sciences, Beijing Proteome Research Center','\n',char(10)),2,9);
INSERT INTO affiliation VALUES(18,'Chinese Academy of Sciences',replace('Key Laboratory of Intelligent Information Processing of Chinese Academy of Sciences, Institute of\nComputing Technology','\n',char(10)),2,9);
INSERT INTO affiliation VALUES(19,'University of Chinese Academy of Sciences',NULL,2,9);
INSERT INTO affiliation VALUES(20,'China Medical University','Program of Environmental Toxicology, School of Public Health',2,11);
INSERT INTO affiliation VALUES(21,'University of Copenhagen','Department of Biology',3,3);
INSERT INTO affiliation VALUES(22,'BGI-Shenzhen',NULL,2,10);
INSERT INTO affiliation VALUES(23,'Zhejiang University',NULL,2,15);
INSERT INTO affiliation VALUES(24,'Westlake University','AI Lab',2,15);
INSERT INTO affiliation VALUES(25,'The Hong Kong University of Science and Technology (Guangzhou)','AIMS Lab',2,16);
INSERT INTO affiliation VALUES(26,'The Hong Kong University of Science and Technology',NULL,2,17);
INSERT INTO affiliation VALUES(27,'Tongji University','Shanghai Research Institute for Intelligent Autonomous Systems',2,18);
INSERT INTO affiliation VALUES(28,'Westlake University','School of Medicine',2,15);
INSERT INTO affiliation VALUES(29,'Shanghai Innovation Institute',NULL,2,18);
INSERT INTO affiliation VALUES(30,'Stony Brook University','Department of Computer Science',8,19);
INSERT INTO affiliation VALUES(31,'Shanghai Artificial Intelligence Laboratory',NULL,2,18);
INSERT INTO affiliation VALUES(32,'Tsinghua University','Department of Electronic Engineering',2,9);
INSERT INTO affiliation VALUES(33,'Fudan University','Research Institute of Intelligent Complex Systems',2,18);
INSERT INTO affiliation VALUES(34,'University of British Columbia','Department of Computer Science',9,20);
INSERT INTO affiliation VALUES(35,'Zhejiang University','College of Computer Science and Technology',2,15);
INSERT INTO affiliation VALUES(36,'Technical University of Munich','Institute of Virology, School of Medicine',4,21);
INSERT INTO affiliation VALUES(37,'National Institute of Chemistry',NULL,10,22);
INSERT INTO affiliation VALUES(38,'German Centre for Infection Research (DZIF)',NULL,4,21);
INSERT INTO affiliation VALUES(39,'Technical University of Munich','Institute of Human Genetics, School of Medicine',4,21);
INSERT INTO affiliation VALUES(40,'Helmholtz Center Munich','Computational Health Center',4,23);
INSERT INTO affiliation VALUES(41,'Technical University of Munich','TUM School of Computation, Information and Technology',4,7);
INSERT INTO affiliation VALUES(42,'Technical University of Munich','TUM School of Life Sciences',4,21);
INSERT INTO affiliation VALUES(43,'University of Waterloo','David R. Cheriton School of Computer Science',9,24);
INSERT INTO affiliation VALUES(44,'Talus Bioscience',NULL,8,25);
INSERT INTO affiliation VALUES(45,'University of Washington','Department of Electrical and Computer Engineering',8,25);
INSERT INTO affiliation VALUES(46,'University of Antwerp','Department of Computer Science',1,26);
INSERT INTO affiliation VALUES(47,'University of Washington','Department of Genome Sciences',8,25);
INSERT INTO affiliation VALUES(48,'University of Washington','Paul G. Allen School of Computer Science and Engineering',8,25);
INSERT INTO affiliation VALUES(49,'University of North Texas','Department of Computer Science and Engineering',8,27);
INSERT INTO affiliation VALUES(50,'Baizhen Biotechnologies Inc.',NULL,2,28);
INSERT INTO affiliation VALUES(51,'Tsinghua University',NULL,2,9);
INSERT INTO affiliation VALUES(52,'Bioinformatics Solutions Inc.',NULL,9,24);
INSERT INTO affiliation VALUES(53,'Westlake University','Affiliated Hangzhou First People''s Hospital, School of Medicine',2,15);
INSERT INTO affiliation VALUES(54,'Westlake University','Westlake Center for Intelligent Proteomics, Westlake Laboratory of Life Sciences and Biomedicine',2,15);
INSERT INTO affiliation VALUES(55,'Westlake University','Research Center for Industries of the Future, School of Life Sciences',2,15);
INSERT INTO affiliation VALUES(56,'Westlake Omics (Hangzhou) Biotechnology Co., Ltd.',NULL,2,15);
INSERT INTO affiliation VALUES(57,'The Hong Kong Polytechnic University','Department of Biomedical Engineering',2,17);
INSERT INTO affiliation VALUES(58,'The Hong Kong Polytechnic University','Department of Computing',2,17);
INSERT INTO affiliation VALUES(59,'The Hong Kong Polytechnic University','Department of Applied Biology and Chemical Technology',2,17);
INSERT INTO affiliation VALUES(60,'The Hong Kong Polytechnic University','Research Institute for Smart Ageing',2,17);
INSERT INTO affiliation VALUES(61,'The Hong Kong Polytechnic University','Research Institute for Artificial Intelligence of Things',2,17);
INSERT INTO affiliation VALUES(62,'National Institute of Metrology',NULL,2,9);
INSERT INTO affiliation VALUES(63,'Beijing University of Technology',NULL,2,9);
INSERT INTO affiliation VALUES(64,'Xiang An Biomedicine Laboratory',NULL,2,29);
INSERT INTO affiliation VALUES(65,'Xiamen University',NULL,2,29);
INSERT INTO affiliation VALUES(66,'Fudan University','Department of Pathology, Zhongshan Hospital',2,18);
INSERT INTO affiliation VALUES(67,'Soochow University',NULL,2,30);
INSERT INTO affiliation VALUES(68,'Mohamed bin Zayed University of Artificial Intelligence',NULL,11,31);
INSERT INTO affiliation VALUES(69,'Tsinghua University','School of Life Sciences',2,9);
INSERT INTO affiliation VALUES(70,'Beijing Institute of Lifeomics','State Key Laboratory of Medical Proteomics, Beijing Proteome Research Center, National Center for Protein Sciences (Beijing)',2,9);
INSERT INTO affiliation VALUES(71,'Westlake University','School of Engineering',2,15);
INSERT INTO affiliation VALUES(72,'University of Waterloo','Department of Statistics and Actuarial Science',9,24);
INSERT INTO affiliation VALUES(73,'Tsinghua University','Tsinghua Shenzhen International Graduate School',2,10);
INSERT INTO affiliation VALUES(74,'Beijing Institute of Lifeomics','National Center for Protein Sciences (Beijing)',2,9);
INSERT INTO affiliation VALUES(75,'Peng Cheng Laboratory',NULL,2,10);
INSERT INTO affiliation VALUES(76,'Institute of Biomedical Chemistry',NULL,12,32);
INSERT INTO affiliation VALUES(77,'Spectragen Informatics',NULL,8,25);
INSERT INTO affiliation VALUES(78,'Hanyang University',NULL,13,33);
INSERT INTO affiliation VALUES(79,'University of Southern California',NULL,8,34);
INSERT INTO affiliation VALUES(80,'Korea Institute of Science and Technology Information','Center for Biomedical Computing',13,35);
INSERT INTO affiliation VALUES(81,'Beijing Institute of Lifeomics','Research Unit of Proteomics Driven Cancer Precision Medicine, Chinese Academy of Medical Sciences',2,9);
INSERT INTO affiliation VALUES(82,'University of Oxford','The Jenner Institute',7,36);
INSERT INTO affiliation VALUES(83,'University of Oxford','Centre for Immuno-Oncology, Nuffield Department of Medicine',7,36);
INSERT INTO affiliation VALUES(84,'Technical University of Denmark',NULL,3,3);
INSERT INTO affiliation VALUES(85,'Université Paris Cité','Institut Cochin, CNRS, INSERM',14,37);
INSERT INTO affiliation VALUES(86,'Children''s Hospital of Philadelphia','Department of Pathology and Laboratory Medicine',8,38);
INSERT INTO affiliation VALUES(87,'University of Pennsylvania','Department of Pathology and Laboratory Medicine, Perelman School of Medicine',8,38);
INSERT INTO affiliation VALUES(88,'Assistance Publique Hôpitaux de Paris','Service de Diabétologie et Immunologie Clinique, Cochin Hospital',14,37);
INSERT INTO affiliation VALUES(89,'Utrecht University','Department of Pharmaceutical Sciences',5,39);
INSERT INTO affiliation VALUES(90,'Technical University of Munich','Computational Molecular Medicine, School of Computation, Information and Technology',4,21);
INSERT INTO affiliation VALUES(91,'Technical University of Munich','Computational Mass Spectrometry, School of Life Sciences',4,21);
INSERT INTO affiliation VALUES(92,'Indiana University Bloomington','Luddy School of Informatics, Computing, and Engineering',8,40);
INSERT INTO affiliation VALUES(93,'Guizhou University','Key Laboratory of Advanced Manufacturing Technology',2,41);
INSERT INTO affiliation VALUES(94,'Jinan University','College of Information Science and Technology',2,16);
INSERT INTO affiliation VALUES(95,'Western University','Department of Computer Science',9,42);
INSERT INTO affiliation VALUES(96,'Beihang University','Sino-German Joint Software Institute (JSI)',2,9);
INSERT INTO affiliation VALUES(97,'Westlake University','Zhejiang Provincial Laboratory of Life Sciences and Biomedicine, School of Life Sciences',2,15);
INSERT INTO affiliation VALUES(98,'Westlake Institute for Advanced Study','Institute of Basic Medical Sciences',2,15);
INSERT INTO affiliation VALUES(99,'Peking University','Computer Center',2,9);
INSERT INTO affiliation VALUES(100,'Chongqing University of Posts and Telecommunications','School of Computer Science and Technology',2,43);
INSERT INTO affiliation VALUES(101,'Swinburne University of Technology','School of Software and Electrical Engineering',15,44);
INSERT INTO affiliation VALUES(102,'Sun Yat-Sen University','School of Computer Science and Engineering',2,16);
INSERT INTO affiliation VALUES(103,'Chinese PLA General Hospital','Department of General Surgery, First Medical Center',2,9);
INSERT INTO affiliation VALUES(104,'Rapid Novor Inc.',NULL,9,45);
INSERT INTO affiliation VALUES(105,'Bruker Daltonics GmbH & Co. KG',NULL,4,46);
INSERT INTO affiliation VALUES(106,'Bruker Ltd.',NULL,9,47);
INSERT INTO affiliation VALUES(107,'Bruker AG',NULL,16,48);
INSERT INTO affiliation VALUES(108,'University of California San Diego','Skaggs School of Pharmacy and Pharmaceutical Science',8,49);
INSERT INTO affiliation VALUES(109,'Pacific Northwest National Laboratory',NULL,8,50);
INSERT INTO affiliation VALUES(110,'Brigham Young University',NULL,8,51);
INSERT INTO affiliation VALUES(111,'Jiangsu University of Technology','Institute of Bioinformatics and Medical Engineering, School of Electrical and Information Engineering',2,52);
INSERT INTO affiliation VALUES(112,'Changzhou University','School of Computer Science and Artificial Intelligence & Aliyun School of Big Data',2,52);
INSERT INTO affiliation VALUES(113,'China University of Mining and Technology','School of Mathematics',2,53);
INSERT INTO affiliation VALUES(114,'University of California San Diego',NULL,8,49);
INSERT INTO affiliation VALUES(115,'Carnegie Mellon University',NULL,8,54);
INSERT INTO affiliation VALUES(117,'University of Waterloo','Department of Electrical & Computer Engineering',9,24);
INSERT INTO affiliation VALUES(118,'Beijing Institute of Microbiology and Epidemiology','State Key Laboratory of Pathogen and Biosecurity',2,9);
INSERT INTO affiliation VALUES(119,'University of Chicago','Department of the Geophysical Sciences',8,55);
INSERT INTO affiliation VALUES(120,'National Institute of Biological Sciences, Beijing',NULL,2,9);
INSERT INTO affiliation VALUES(121,'Beihang University','Laboratory of Intelligent Recognition and Image Processing, Beijing Key Laboratory of Digital Media',2,9);
INSERT INTO affiliation VALUES(122,'Immunex Corporation',NULL,8,25);
INSERT INTO affiliation VALUES(123,'Millennium Pharmaceuticals',NULL,8,57);
INSERT INTO affiliation VALUES(124,'Slovak Academy of Sciences','Mathematical Institute',17,58);
INSERT INTO affiliation VALUES(125,'University of Southern California','Departments of Mathematics, Computer Science and Molecular Biology',8,34);
INSERT INTO affiliation VALUES(126,'University of California San Diego','Department of Computer Science & Engineering',8,56);
INSERT INTO affiliation VALUES(127,'ETH Zurich','Institute of Computational Science, Institute of Plant Sciences, and Institute of Theoretical Computer Science',16,59);
INSERT INTO affiliation VALUES(128,'University of Southern California','Department of Biology, Department of Mathematics',8,34);
INSERT INTO affiliation VALUES(129,'Lanzhou University','School of Information Science and Engineering',2,60);
INSERT INTO affiliation VALUES(130,'Lanzhou University','School of Life Science',2,60);
INSERT INTO affiliation VALUES(131,'University of Western Ontario','Department of Computer Science',9,42);
INSERT INTO affiliation VALUES(132,'University of Western Ontario','Department of Biochemistry',9,42);
INSERT INTO affiliation VALUES(133,'The University of Hong Kong',NULL,2,17);
INSERT INTO affiliation VALUES(134,'Chulalongkorn University','Department of Computer Engineering, Faculty of Engineering',18,61);
INSERT INTO affiliation VALUES(135,'Chulalongkorn University','Computational Molecular Biology Group, Faculty of Medicine',18,61);
INSERT INTO affiliation VALUES(136,'Chulalongkorn University','Research Affairs, Faculty of Medicine and King Chulalongkorn Memorial Hospital',18,61);
INSERT INTO affiliation VALUES(137,'The Wistar Institute','Proteomics and Metabolomics Facility',8,38);
INSERT INTO affiliation VALUES(138,'The Wistar Institute','Center for Systems and Computational Biology',8,38);
INSERT INTO affiliation VALUES(139,'Hunan University',NULL,2,62);
INSERT INTO affiliation VALUES(140,'National University of Singapore',NULL,19,63);
INSERT INTO affiliation VALUES(141,'Baylor College of Medicine','Lester and Sue Smith Breast Center',8,64);
INSERT INTO affiliation VALUES(142,'Baylor College of Medicine','Department of Molecular and Human Genetics',8,64);
INSERT INTO affiliation VALUES(143,'University of Texas at Austin','Department of Chemistry',8,65);
INSERT INTO affiliation VALUES(144,'University of Texas at Austin','Center for Systems and Synthetic Biology, Department of Molecular Biosciences',8,65);
INSERT INTO affiliation VALUES(145,'Amgen Inc.','Analytical Research & Development',8,67);
INSERT INTO affiliation VALUES(146,'National Institute of Child Health and Human Development',NULL,8,66);
INSERT INTO affiliation VALUES(147,'Uppsala University','Laboratory for Biological and Medical Mass Spectrometry',6,68);
INSERT INTO affiliation VALUES(148,'Rockefeller University','Mass Spectrometric Biotechnology Resource',8,19);
INSERT INTO affiliation VALUES(149,'Peking University','State Key Laboratory of Protein and Plant Gene Research, College of Life Sciences',2,9);
INSERT INTO affiliation VALUES(150,'Beijing Normal University','Key Laboratory for Cell Proliferation and Regulation Biology',2,9);
INSERT INTO affiliation VALUES(151,'Jinan University','Big Data Decision Institute',2,16);
INSERT INTO affiliation VALUES(152,'Jinan University','Institute of Life and Health Engineering',2,16);
INSERT INTO affiliation VALUES(153,'Chinese Academy of Sciences','Guangzhou Institutes of Biomedicine and Health',2,16);
INSERT INTO affiliation VALUES(154,'Leibniz-Institut für Analytische Wissenschaften (ISAS)',NULL,4,69);
INSERT INTO affiliation VALUES(155,'Senckenberg Gesellschaft für Naturforschung','Biodiversity and Climate Research Centre',4,70);
INSERT INTO affiliation VALUES(156,'Goethe University','Faculty of Biological Science, Institute for Ecology, Evolution and Diversity, Department of Molecular Ecology',4,70);
INSERT INTO affiliation VALUES(157,'Xiamen University','The First Affiliated Hospital of Xiamen University, School of Medicine',2,29);
INSERT INTO affiliation VALUES(158,'Harbin Medical University','College of Bioinformatics Science and Technology',2,71);
INSERT INTO affiliation VALUES(159,'Aginome Scientific',NULL,2,29);
INSERT INTO affiliation VALUES(160,'Australian National University','Biological Data Science Institute (BDSI)',15,72);
INSERT INTO affiliation VALUES(161,'Max Planck Institute of Biochemistry','Computational Systems Biochemistry Research Group',4,73);
INSERT INTO affiliation VALUES(162,'CSIRO','Agriculture and Food',15,72);
INSERT INTO affiliation VALUES(163,'North South University','Department of Electrical and Computer Engineering',21,75);
INSERT INTO affiliation VALUES(164,'Ludwig-Maximilians-Universität München','Department of Earth and Environmental Sciences',4,21);
INSERT INTO affiliation VALUES(165,'University of Copenhagen','Evolutionary Genomics Section, Globe Institute',3,3);
INSERT INTO affiliation VALUES(166,'University of Bergen','Department of Biological and Medical Psychology',20,74);
INSERT INTO affiliation VALUES(167,'International Academy of Phronesis Medicine (Guangdong)',NULL,2,16);
INSERT INTO affiliation VALUES(168,'Peking Union Medical College Hospital','Stem cell and Regenerative Medicine Lab, Institute of Clinical Medicine, State Key Laboratory of Complex, Severe, and Rare Diseases',2,9);
INSERT INTO affiliation VALUES(169,'University of Tübingen','Department of Computer Science, Applied Bioinformatics',4,76);
INSERT INTO affiliation VALUES(170,'Chongqing University of Posts and Telecommunications','Chongqing Key Laboratory of Big Data for Bio Intelligence',2,43);
INSERT INTO affiliation VALUES(171,'European Molecular Biology Laboratory','European Bioinformatics Institute (EMBL-EBI), Wellcome Trust Genome Campus',7,77);
INSERT INTO affiliation VALUES(172,'University of Waterloo','Department of Systems Design Engineering',9,24);
INSERT INTO affiliation VALUES(173,'Beihang University','State Key Laboratory of Virtual Reality Technology and Systems',2,9);
INSERT INTO affiliation VALUES(174,'Robert Koch Institute','Centre for Artificial Intelligence in Public Health Research',4,78);
INSERT INTO affiliation VALUES(175,'Robert Koch Institute','Data Competence Center MF 2',4,78);
INSERT INTO affiliation VALUES(176,'University of Turku and Åbo Akademi University','Turku Bioscience Centre',22,79);
INSERT INTO affiliation VALUES(177,'University of Turku','Institute of Biomedicine',22,79);
INSERT INTO affiliation VALUES(178,'German Cancer Research Center','Molecular Structure Analysis',4,80);
INSERT INTO affiliation VALUES(179,'Freie Universität Berlin',NULL,4,78);
INSERT INTO affiliation VALUES(180,'International Max Planck Research School','Computational Biology and Scientific Computing',4,78);
INSERT INTO affiliation VALUES(181,'Robert Koch Institute','Research Group Bioinformatics',4,78);
INSERT INTO affiliation VALUES(182,'DP Technology Co., Ltd.',NULL,2,9);
INSERT INTO affiliation VALUES(183,'AI for Science Institute',NULL,2,9);
INSERT INTO affiliation VALUES(184,'Peking University','Center for Machine Learning Research',2,9);
INSERT INTO affiliation VALUES(185,'Peking University','School of Mathematical Sciences',2,9);
INSERT INTO affiliation VALUES(186,'State Key Laboratory of Medical Proteomics',NULL,2,9);
CREATE TABLE author_affiliation (
    author_id INTEGER, -- NOT NULL,
    affiliation_id INTEGER, -- NOT NULL,
    PRIMARY KEY (author_id, affiliation_id),
    FOREIGN KEY (author_id) REFERENCES author(id)
        ON DELETE CASCADE,
    FOREIGN KEY (affiliation_id) REFERENCES affiliation(id)
        ON DELETE CASCADE
);
INSERT INTO author_affiliation VALUES(1,1);
INSERT INTO author_affiliation VALUES(2,2);
INSERT INTO author_affiliation VALUES(3,1);
INSERT INTO author_affiliation VALUES(4,2);
INSERT INTO author_affiliation VALUES(5,1);
INSERT INTO author_affiliation VALUES(6,2);
INSERT INTO author_affiliation VALUES(7,3);
INSERT INTO author_affiliation VALUES(8,1);
INSERT INTO author_affiliation VALUES(9,4);
INSERT INTO author_affiliation VALUES(9,5);
INSERT INTO author_affiliation VALUES(10,1);
INSERT INTO author_affiliation VALUES(11,2);
INSERT INTO author_affiliation VALUES(12,4);
INSERT INTO author_affiliation VALUES(12,5);
INSERT INTO author_affiliation VALUES(13,2);
INSERT INTO author_affiliation VALUES(14,2);
INSERT INTO author_affiliation VALUES(15,1);
INSERT INTO author_affiliation VALUES(16,2);
INSERT INTO author_affiliation VALUES(17,1);
INSERT INTO author_affiliation VALUES(18,1);
INSERT INTO author_affiliation VALUES(19,2);
INSERT INTO author_affiliation VALUES(20,2);
INSERT INTO author_affiliation VALUES(20,6);
INSERT INTO author_affiliation VALUES(21,7);
INSERT INTO author_affiliation VALUES(21,8);
INSERT INTO author_affiliation VALUES(21,9);
INSERT INTO author_affiliation VALUES(21,10);
INSERT INTO author_affiliation VALUES(22,2);
INSERT INTO author_affiliation VALUES(23,11);
INSERT INTO author_affiliation VALUES(24,11);
INSERT INTO author_affiliation VALUES(25,2);
INSERT INTO author_affiliation VALUES(26,2);
INSERT INTO author_affiliation VALUES(27,7);
INSERT INTO author_affiliation VALUES(27,8);
INSERT INTO author_affiliation VALUES(28,7);
INSERT INTO author_affiliation VALUES(28,8);
INSERT INTO author_affiliation VALUES(29,7);
INSERT INTO author_affiliation VALUES(29,8);
INSERT INTO author_affiliation VALUES(30,11);
INSERT INTO author_affiliation VALUES(31,12);
INSERT INTO author_affiliation VALUES(32,14);
INSERT INTO author_affiliation VALUES(33,12);
INSERT INTO author_affiliation VALUES(33,13);
INSERT INTO author_affiliation VALUES(34,14);
INSERT INTO author_affiliation VALUES(35,15);
INSERT INTO author_affiliation VALUES(35,19);
INSERT INTO author_affiliation VALUES(36,15);
INSERT INTO author_affiliation VALUES(36,19);
INSERT INTO author_affiliation VALUES(37,16);
INSERT INTO author_affiliation VALUES(38,15);
INSERT INTO author_affiliation VALUES(38,19);
INSERT INTO author_affiliation VALUES(39,17);
INSERT INTO author_affiliation VALUES(39,20);
INSERT INTO author_affiliation VALUES(40,18);
INSERT INTO author_affiliation VALUES(40,19);
INSERT INTO author_affiliation VALUES(41,16);
INSERT INTO author_affiliation VALUES(42,15);
INSERT INTO author_affiliation VALUES(42,19);
INSERT INTO author_affiliation VALUES(43,17);
INSERT INTO author_affiliation VALUES(44,17);
INSERT INTO author_affiliation VALUES(45,17);
INSERT INTO author_affiliation VALUES(46,16);
INSERT INTO author_affiliation VALUES(47,16);
INSERT INTO author_affiliation VALUES(48,15);
INSERT INTO author_affiliation VALUES(48,19);
INSERT INTO author_affiliation VALUES(49,16);
INSERT INTO author_affiliation VALUES(50,17);
INSERT INTO author_affiliation VALUES(50,20);
INSERT INTO author_affiliation VALUES(51,15);
INSERT INTO author_affiliation VALUES(51,19);
INSERT INTO author_affiliation VALUES(52,21);
INSERT INTO author_affiliation VALUES(53,22);
INSERT INTO author_affiliation VALUES(54,21);
INSERT INTO author_affiliation VALUES(54,22);
INSERT INTO author_affiliation VALUES(55,23);
INSERT INTO author_affiliation VALUES(55,24);
INSERT INTO author_affiliation VALUES(56,23);
INSERT INTO author_affiliation VALUES(56,24);
INSERT INTO author_affiliation VALUES(57,25);
INSERT INTO author_affiliation VALUES(57,26);
INSERT INTO author_affiliation VALUES(58,27);
INSERT INTO author_affiliation VALUES(58,31);
INSERT INTO author_affiliation VALUES(59,31);
INSERT INTO author_affiliation VALUES(59,32);
INSERT INTO author_affiliation VALUES(60,31);
INSERT INTO author_affiliation VALUES(61,31);
INSERT INTO author_affiliation VALUES(61,33);
INSERT INTO author_affiliation VALUES(62,34);
INSERT INTO author_affiliation VALUES(63,31);
INSERT INTO author_affiliation VALUES(63,33);
INSERT INTO author_affiliation VALUES(64,31);
INSERT INTO author_affiliation VALUES(64,28);
INSERT INTO author_affiliation VALUES(64,29);
INSERT INTO author_affiliation VALUES(65,28);
INSERT INTO author_affiliation VALUES(66,31);
INSERT INTO author_affiliation VALUES(66,35);
INSERT INTO author_affiliation VALUES(67,31);
INSERT INTO author_affiliation VALUES(68,30);
INSERT INTO author_affiliation VALUES(69,31);
INSERT INTO author_affiliation VALUES(70,31);
INSERT INTO author_affiliation VALUES(70,32);
INSERT INTO author_affiliation VALUES(71,28);
INSERT INTO author_affiliation VALUES(72,31);
INSERT INTO author_affiliation VALUES(72,32);
INSERT INTO author_affiliation VALUES(73,33);
INSERT INTO author_affiliation VALUES(62,33);
INSERT INTO author_affiliation VALUES(67,33);
INSERT INTO author_affiliation VALUES(74,31);
INSERT INTO author_affiliation VALUES(75,31);
INSERT INTO author_affiliation VALUES(73,31);
INSERT INTO author_affiliation VALUES(76,41);
INSERT INTO author_affiliation VALUES(77,41);
INSERT INTO author_affiliation VALUES(78,42);
INSERT INTO author_affiliation VALUES(79,41);
INSERT INTO author_affiliation VALUES(80,36);
INSERT INTO author_affiliation VALUES(80,37);
INSERT INTO author_affiliation VALUES(81,36);
INSERT INTO author_affiliation VALUES(81,38);
INSERT INTO author_affiliation VALUES(33,42);
INSERT INTO author_affiliation VALUES(82,41);
INSERT INTO author_affiliation VALUES(82,13);
INSERT INTO author_affiliation VALUES(82,39);
INSERT INTO author_affiliation VALUES(82,40);
INSERT INTO author_affiliation VALUES(83,43);
INSERT INTO author_affiliation VALUES(84,47);
INSERT INTO author_affiliation VALUES(85,48);
INSERT INTO author_affiliation VALUES(86,44);
INSERT INTO author_affiliation VALUES(87,47);
INSERT INTO author_affiliation VALUES(88,47);
INSERT INTO author_affiliation VALUES(89,48);
INSERT INTO author_affiliation VALUES(90,47);
INSERT INTO author_affiliation VALUES(91,45);
INSERT INTO author_affiliation VALUES(92,48);
INSERT INTO author_affiliation VALUES(93,47);
INSERT INTO author_affiliation VALUES(94,48);
INSERT INTO author_affiliation VALUES(95,46);
INSERT INTO author_affiliation VALUES(96,47);
INSERT INTO author_affiliation VALUES(96,48);
INSERT INTO author_affiliation VALUES(97,49);
INSERT INTO author_affiliation VALUES(98,49);
INSERT INTO author_affiliation VALUES(99,49);
INSERT INTO author_affiliation VALUES(100,43);
INSERT INTO author_affiliation VALUES(101,50);
INSERT INTO author_affiliation VALUES(102,51);
INSERT INTO author_affiliation VALUES(103,50);
INSERT INTO author_affiliation VALUES(104,43);
INSERT INTO author_affiliation VALUES(105,52);
INSERT INTO author_affiliation VALUES(106,51);
INSERT INTO author_affiliation VALUES(107,43);
INSERT INTO author_affiliation VALUES(108,53);
INSERT INTO author_affiliation VALUES(108,54);
INSERT INTO author_affiliation VALUES(108,55);
INSERT INTO author_affiliation VALUES(109,53);
INSERT INTO author_affiliation VALUES(109,54);
INSERT INTO author_affiliation VALUES(109,55);
INSERT INTO author_affiliation VALUES(110,53);
INSERT INTO author_affiliation VALUES(110,54);
INSERT INTO author_affiliation VALUES(110,55);
INSERT INTO author_affiliation VALUES(111,53);
INSERT INTO author_affiliation VALUES(111,54);
INSERT INTO author_affiliation VALUES(111,55);
INSERT INTO author_affiliation VALUES(112,56);
INSERT INTO author_affiliation VALUES(113,54);
INSERT INTO author_affiliation VALUES(114,54);
INSERT INTO author_affiliation VALUES(71,53);
INSERT INTO author_affiliation VALUES(71,54);
INSERT INTO author_affiliation VALUES(71,55);
INSERT INTO author_affiliation VALUES(115,57);
INSERT INTO author_affiliation VALUES(116,57);
INSERT INTO author_affiliation VALUES(117,57);
INSERT INTO author_affiliation VALUES(118,58);
INSERT INTO author_affiliation VALUES(119,59);
INSERT INTO author_affiliation VALUES(120,57);
INSERT INTO author_affiliation VALUES(120,60);
INSERT INTO author_affiliation VALUES(120,61);
INSERT INTO author_affiliation VALUES(121,62);
INSERT INTO author_affiliation VALUES(121,63);
INSERT INTO author_affiliation VALUES(122,62);
INSERT INTO author_affiliation VALUES(123,62);
INSERT INTO author_affiliation VALUES(123,63);
INSERT INTO author_affiliation VALUES(124,63);
INSERT INTO author_affiliation VALUES(125,62);
INSERT INTO author_affiliation VALUES(126,63);
INSERT INTO author_affiliation VALUES(127,62);
INSERT INTO author_affiliation VALUES(128,63);
INSERT INTO author_affiliation VALUES(129,64);
INSERT INTO author_affiliation VALUES(130,65);
INSERT INTO author_affiliation VALUES(131,65);
INSERT INTO author_affiliation VALUES(132,65);
INSERT INTO author_affiliation VALUES(133,64);
INSERT INTO author_affiliation VALUES(134,66);
INSERT INTO author_affiliation VALUES(135,65);
INSERT INTO author_affiliation VALUES(136,65);
INSERT INTO author_affiliation VALUES(137,64);
INSERT INTO author_affiliation VALUES(138,65);
INSERT INTO author_affiliation VALUES(139,64);
INSERT INTO author_affiliation VALUES(140,65);
INSERT INTO author_affiliation VALUES(141,65);
INSERT INTO author_affiliation VALUES(142,65);
INSERT INTO author_affiliation VALUES(62,31);
INSERT INTO author_affiliation VALUES(143,69);
INSERT INTO author_affiliation VALUES(143,70);
INSERT INTO author_affiliation VALUES(74,67);
INSERT INTO author_affiliation VALUES(144,70);
INSERT INTO author_affiliation VALUES(145,31);
INSERT INTO author_affiliation VALUES(146,70);
INSERT INTO author_affiliation VALUES(147,70);
INSERT INTO author_affiliation VALUES(148,34);
INSERT INTO author_affiliation VALUES(148,68);
INSERT INTO author_affiliation VALUES(149,34);
INSERT INTO author_affiliation VALUES(150,31);
INSERT INTO author_affiliation VALUES(151,70);
INSERT INTO author_affiliation VALUES(152,71);
INSERT INTO author_affiliation VALUES(153,71);
INSERT INTO author_affiliation VALUES(154,71);
INSERT INTO author_affiliation VALUES(155,71);
INSERT INTO author_affiliation VALUES(156,71);
INSERT INTO author_affiliation VALUES(157,71);
INSERT INTO author_affiliation VALUES(158,43);
INSERT INTO author_affiliation VALUES(159,72);
INSERT INTO author_affiliation VALUES(160,52);
INSERT INTO author_affiliation VALUES(161,72);
INSERT INTO author_affiliation VALUES(162,31);
INSERT INTO author_affiliation VALUES(163,75);
INSERT INTO author_affiliation VALUES(164,75);
INSERT INTO author_affiliation VALUES(151,74);
INSERT INTO author_affiliation VALUES(165,75);
INSERT INTO author_affiliation VALUES(165,73);
INSERT INTO author_affiliation VALUES(166,70);
INSERT INTO author_affiliation VALUES(167,73);
INSERT INTO author_affiliation VALUES(168,47);
INSERT INTO author_affiliation VALUES(170,76);
INSERT INTO author_affiliation VALUES(171,76);
INSERT INTO author_affiliation VALUES(172,76);
INSERT INTO author_affiliation VALUES(173,76);
INSERT INTO author_affiliation VALUES(174,76);
INSERT INTO author_affiliation VALUES(175,76);
INSERT INTO author_affiliation VALUES(176,76);
INSERT INTO author_affiliation VALUES(177,76);
INSERT INTO author_affiliation VALUES(178,77);
INSERT INTO author_affiliation VALUES(179,47);
INSERT INTO author_affiliation VALUES(180,47);
INSERT INTO author_affiliation VALUES(181,78);
INSERT INTO author_affiliation VALUES(182,78);
INSERT INTO author_affiliation VALUES(57,71);
INSERT INTO author_affiliation VALUES(55,71);
INSERT INTO author_affiliation VALUES(56,71);
INSERT INTO author_affiliation VALUES(143,51);
INSERT INTO author_affiliation VALUES(183,79);
INSERT INTO author_affiliation VALUES(184,80);
INSERT INTO author_affiliation VALUES(185,80);
INSERT INTO author_affiliation VALUES(164,73);
INSERT INTO author_affiliation VALUES(186,75);
INSERT INTO author_affiliation VALUES(187,75);
INSERT INTO author_affiliation VALUES(167,75);
INSERT INTO author_affiliation VALUES(188,70);
INSERT INTO author_affiliation VALUES(188,81);
INSERT INTO author_affiliation VALUES(151,81);
INSERT INTO author_affiliation VALUES(189,82);
INSERT INTO author_affiliation VALUES(189,83);
INSERT INTO author_affiliation VALUES(190,84);
INSERT INTO author_affiliation VALUES(191,85);
INSERT INTO author_affiliation VALUES(192,82);
INSERT INTO author_affiliation VALUES(193,82);
INSERT INTO author_affiliation VALUES(193,83);
INSERT INTO author_affiliation VALUES(194,82);
INSERT INTO author_affiliation VALUES(194,83);
INSERT INTO author_affiliation VALUES(195,82);
INSERT INTO author_affiliation VALUES(195,83);
INSERT INTO author_affiliation VALUES(196,85);
INSERT INTO author_affiliation VALUES(197,83);
INSERT INTO author_affiliation VALUES(198,86);
INSERT INTO author_affiliation VALUES(199,82);
INSERT INTO author_affiliation VALUES(199,83);
INSERT INTO author_affiliation VALUES(200,86);
INSERT INTO author_affiliation VALUES(200,87);
INSERT INTO author_affiliation VALUES(201,85);
INSERT INTO author_affiliation VALUES(201,88);
INSERT INTO author_affiliation VALUES(202,84);
INSERT INTO author_affiliation VALUES(203,82);
INSERT INTO author_affiliation VALUES(203,83);
INSERT INTO author_affiliation VALUES(203,89);
INSERT INTO author_affiliation VALUES(76,90);
INSERT INTO author_affiliation VALUES(204,90);
INSERT INTO author_affiliation VALUES(205,90);
INSERT INTO author_affiliation VALUES(206,90);
INSERT INTO author_affiliation VALUES(33,91);
INSERT INTO author_affiliation VALUES(82,90);
INSERT INTO author_affiliation VALUES(143,74);
INSERT INTO author_affiliation VALUES(207,92);
INSERT INTO author_affiliation VALUES(208,92);
INSERT INTO author_affiliation VALUES(209,92);
INSERT INTO author_affiliation VALUES(210,92);
INSERT INTO author_affiliation VALUES(211,43);
INSERT INTO author_affiliation VALUES(212,93);
INSERT INTO author_affiliation VALUES(212,94);
INSERT INTO author_affiliation VALUES(213,94);
INSERT INTO author_affiliation VALUES(214,52);
INSERT INTO author_affiliation VALUES(215,95);
INSERT INTO author_affiliation VALUES(216,96);
INSERT INTO author_affiliation VALUES(217,96);
INSERT INTO author_affiliation VALUES(218,99);
INSERT INTO author_affiliation VALUES(219,96);
INSERT INTO author_affiliation VALUES(71,97);
INSERT INTO author_affiliation VALUES(71,98);
INSERT INTO author_affiliation VALUES(220,100);
INSERT INTO author_affiliation VALUES(221,100);
INSERT INTO author_affiliation VALUES(222,101);
INSERT INTO author_affiliation VALUES(223,100);
INSERT INTO author_affiliation VALUES(224,103);
INSERT INTO author_affiliation VALUES(225,102);
INSERT INTO author_affiliation VALUES(226,70);
INSERT INTO author_affiliation VALUES(227,70);
INSERT INTO author_affiliation VALUES(228,104);
INSERT INTO author_affiliation VALUES(229,104);
INSERT INTO author_affiliation VALUES(230,104);
INSERT INTO author_affiliation VALUES(231,105);
INSERT INTO author_affiliation VALUES(232,106);
INSERT INTO author_affiliation VALUES(233,106);
INSERT INTO author_affiliation VALUES(234,104);
INSERT INTO author_affiliation VALUES(235,107);
INSERT INTO author_affiliation VALUES(62,16);
INSERT INTO author_affiliation VALUES(236,16);
INSERT INTO author_affiliation VALUES(95,108);
INSERT INTO author_affiliation VALUES(237,78);
INSERT INTO author_affiliation VALUES(238,109);
INSERT INTO author_affiliation VALUES(239,109);
INSERT INTO author_affiliation VALUES(240,111);
INSERT INTO author_affiliation VALUES(241,111);
INSERT INTO author_affiliation VALUES(242,112);
INSERT INTO author_affiliation VALUES(243,111);
INSERT INTO author_affiliation VALUES(244,112);
INSERT INTO author_affiliation VALUES(245,113);
INSERT INTO author_affiliation VALUES(246,111);
INSERT INTO author_affiliation VALUES(247,111);
INSERT INTO author_affiliation VALUES(250,72);
INSERT INTO author_affiliation VALUES(251,52);
INSERT INTO author_affiliation VALUES(252,52);
INSERT INTO author_affiliation VALUES(253,114);
INSERT INTO author_affiliation VALUES(254,115);
INSERT INTO author_affiliation VALUES(255,18);
INSERT INTO author_affiliation VALUES(255,19);
INSERT INTO author_affiliation VALUES(256,18);
INSERT INTO author_affiliation VALUES(256,19);
INSERT INTO author_affiliation VALUES(257,18);
INSERT INTO author_affiliation VALUES(257,19);
INSERT INTO author_affiliation VALUES(258,18);
INSERT INTO author_affiliation VALUES(258,19);
INSERT INTO author_affiliation VALUES(259,119);
INSERT INTO author_affiliation VALUES(260,119);
INSERT INTO author_affiliation VALUES(261,119);
INSERT INTO author_affiliation VALUES(262,43);
INSERT INTO author_affiliation VALUES(262,118);
INSERT INTO author_affiliation VALUES(299,18);
INSERT INTO author_affiliation VALUES(300,18);
INSERT INTO author_affiliation VALUES(301,18);
INSERT INTO author_affiliation VALUES(290,18);
INSERT INTO author_affiliation VALUES(299,19);
INSERT INTO author_affiliation VALUES(300,19);
INSERT INTO author_affiliation VALUES(301,19);
INSERT INTO author_affiliation VALUES(291,120);
INSERT INTO author_affiliation VALUES(292,120);
INSERT INTO author_affiliation VALUES(298,120);
INSERT INTO author_affiliation VALUES(302,121);
INSERT INTO author_affiliation VALUES(265,122);
INSERT INTO author_affiliation VALUES(266,122);
INSERT INTO author_affiliation VALUES(267,123);
INSERT INTO author_affiliation VALUES(267,124);
INSERT INTO author_affiliation VALUES(268,123);
INSERT INTO author_affiliation VALUES(269,123);
INSERT INTO author_affiliation VALUES(270,123);
INSERT INTO author_affiliation VALUES(271,125);
INSERT INTO author_affiliation VALUES(271,126);
INSERT INTO author_affiliation VALUES(277,126);
INSERT INTO author_affiliation VALUES(278,127);
INSERT INTO author_affiliation VALUES(279,127);
INSERT INTO author_affiliation VALUES(280,127);
INSERT INTO author_affiliation VALUES(281,127);
INSERT INTO author_affiliation VALUES(282,127);
INSERT INTO author_affiliation VALUES(283,127);
INSERT INTO author_affiliation VALUES(284,127);
INSERT INTO author_affiliation VALUES(285,127);
INSERT INTO author_affiliation VALUES(286,128);
INSERT INTO author_affiliation VALUES(287,128);
INSERT INTO author_affiliation VALUES(288,128);
INSERT INTO author_affiliation VALUES(289,128);
INSERT INTO author_affiliation VALUES(248,129);
INSERT INTO author_affiliation VALUES(249,130);
INSERT INTO author_affiliation VALUES(303,129);
INSERT INTO author_affiliation VALUES(107,131);
INSERT INTO author_affiliation VALUES(234,131);
INSERT INTO author_affiliation VALUES(272,131);
INSERT INTO author_affiliation VALUES(273,52);
INSERT INTO author_affiliation VALUES(274,52);
INSERT INTO author_affiliation VALUES(275,132);
INSERT INTO author_affiliation VALUES(276,132);
INSERT INTO author_affiliation VALUES(263,57);
INSERT INTO author_affiliation VALUES(264,133);
INSERT INTO author_affiliation VALUES(294,18);
INSERT INTO author_affiliation VALUES(294,19);
INSERT INTO author_affiliation VALUES(295,18);
INSERT INTO author_affiliation VALUES(295,19);
INSERT INTO author_affiliation VALUES(49,18);
INSERT INTO author_affiliation VALUES(49,19);
INSERT INTO author_affiliation VALUES(51,18);
INSERT INTO author_affiliation VALUES(293,18);
INSERT INTO author_affiliation VALUES(304,1);
INSERT INTO author_affiliation VALUES(305,2);
INSERT INTO author_affiliation VALUES(306,47);
INSERT INTO author_affiliation VALUES(307,46);
INSERT INTO author_affiliation VALUES(308,134);
INSERT INTO author_affiliation VALUES(309,137);
INSERT INTO author_affiliation VALUES(310,138);
INSERT INTO author_affiliation VALUES(311,134);
INSERT INTO author_affiliation VALUES(311,135);
INSERT INTO author_affiliation VALUES(312,135);
INSERT INTO author_affiliation VALUES(312,136);
INSERT INTO author_affiliation VALUES(313,24);
INSERT INTO author_affiliation VALUES(313,140);
INSERT INTO author_affiliation VALUES(314,23);
INSERT INTO author_affiliation VALUES(183,71);
INSERT INTO author_affiliation VALUES(315,139);
INSERT INTO author_affiliation VALUES(316,71);
INSERT INTO author_affiliation VALUES(211,52);
INSERT INTO author_affiliation VALUES(250,52);
INSERT INTO author_affiliation VALUES(100,52);
INSERT INTO author_affiliation VALUES(317,52);
INSERT INTO author_affiliation VALUES(318,52);
INSERT INTO author_affiliation VALUES(319,52);
INSERT INTO author_affiliation VALUES(90,142);
INSERT INTO author_affiliation VALUES(320,142);
INSERT INTO author_affiliation VALUES(321,142);
INSERT INTO author_affiliation VALUES(322,142);
INSERT INTO author_affiliation VALUES(323,142);
INSERT INTO author_affiliation VALUES(324,142);
INSERT INTO author_affiliation VALUES(90,141);
INSERT INTO author_affiliation VALUES(320,141);
INSERT INTO author_affiliation VALUES(321,141);
INSERT INTO author_affiliation VALUES(322,141);
INSERT INTO author_affiliation VALUES(323,141);
INSERT INTO author_affiliation VALUES(324,141);
INSERT INTO author_affiliation VALUES(325,18);
INSERT INTO author_affiliation VALUES(326,18);
INSERT INTO author_affiliation VALUES(327,18);
INSERT INTO author_affiliation VALUES(328,18);
INSERT INTO author_affiliation VALUES(325,19);
INSERT INTO author_affiliation VALUES(326,19);
INSERT INTO author_affiliation VALUES(327,19);
INSERT INTO author_affiliation VALUES(328,19);
INSERT INTO author_affiliation VALUES(329,154);
INSERT INTO author_affiliation VALUES(330,154);
INSERT INTO author_affiliation VALUES(331,154);
INSERT INTO author_affiliation VALUES(333,154);
INSERT INTO author_affiliation VALUES(334,154);
INSERT INTO author_affiliation VALUES(335,154);
INSERT INTO author_affiliation VALUES(336,154);
INSERT INTO author_affiliation VALUES(337,146);
INSERT INTO author_affiliation VALUES(338,146);
INSERT INTO author_affiliation VALUES(339,146);
INSERT INTO author_affiliation VALUES(340,147);
INSERT INTO author_affiliation VALUES(341,147);
INSERT INTO author_affiliation VALUES(342,147);
INSERT INTO author_affiliation VALUES(343,148);
INSERT INTO author_affiliation VALUES(344,148);
INSERT INTO author_affiliation VALUES(345,148);
INSERT INTO author_affiliation VALUES(346,145);
INSERT INTO author_affiliation VALUES(347,145);
INSERT INTO author_affiliation VALUES(348,149);
INSERT INTO author_affiliation VALUES(349,149);
INSERT INTO author_affiliation VALUES(350,149);
INSERT INTO author_affiliation VALUES(351,149);
INSERT INTO author_affiliation VALUES(352,149);
INSERT INTO author_affiliation VALUES(353,149);
INSERT INTO author_affiliation VALUES(354,149);
INSERT INTO author_affiliation VALUES(357,149);
INSERT INTO author_affiliation VALUES(355,150);
INSERT INTO author_affiliation VALUES(356,150);
INSERT INTO author_affiliation VALUES(359,143);
INSERT INTO author_affiliation VALUES(360,143);
INSERT INTO author_affiliation VALUES(361,143);
INSERT INTO author_affiliation VALUES(363,143);
INSERT INTO author_affiliation VALUES(364,143);
INSERT INTO author_affiliation VALUES(358,144);
INSERT INTO author_affiliation VALUES(362,144);
INSERT INTO author_affiliation VALUES(365,151);
INSERT INTO author_affiliation VALUES(365,153);
INSERT INTO author_affiliation VALUES(366,152);
INSERT INTO author_affiliation VALUES(367,152);
INSERT INTO author_affiliation VALUES(368,152);
INSERT INTO author_affiliation VALUES(332,155);
INSERT INTO author_affiliation VALUES(332,156);
INSERT INTO author_affiliation VALUES(129,65);
INSERT INTO author_affiliation VALUES(133,65);
INSERT INTO author_affiliation VALUES(369,65);
INSERT INTO author_affiliation VALUES(371,65);
INSERT INTO author_affiliation VALUES(374,65);
INSERT INTO author_affiliation VALUES(370,157);
INSERT INTO author_affiliation VALUES(372,158);
INSERT INTO author_affiliation VALUES(373,158);
INSERT INTO author_affiliation VALUES(140,159);
INSERT INTO author_affiliation VALUES(375,160);
INSERT INTO author_affiliation VALUES(376,160);
INSERT INTO author_affiliation VALUES(378,160);
INSERT INTO author_affiliation VALUES(380,160);
INSERT INTO author_affiliation VALUES(381,161);
INSERT INTO author_affiliation VALUES(382,161);
INSERT INTO author_affiliation VALUES(384,161);
INSERT INTO author_affiliation VALUES(385,52);
INSERT INTO author_affiliation VALUES(386,52);
INSERT INTO author_affiliation VALUES(387,52);
INSERT INTO author_affiliation VALUES(388,52);
INSERT INTO author_affiliation VALUES(389,52);
INSERT INTO author_affiliation VALUES(375,162);
INSERT INTO author_affiliation VALUES(376,162);
INSERT INTO author_affiliation VALUES(377,162);
INSERT INTO author_affiliation VALUES(378,162);
INSERT INTO author_affiliation VALUES(380,162);
INSERT INTO author_affiliation VALUES(379,163);
INSERT INTO author_affiliation VALUES(381,164);
INSERT INTO author_affiliation VALUES(383,165);
INSERT INTO author_affiliation VALUES(384,166);
INSERT INTO author_affiliation VALUES(387,43);
INSERT INTO author_affiliation VALUES(390,70);
INSERT INTO author_affiliation VALUES(391,70);
INSERT INTO author_affiliation VALUES(392,70);
INSERT INTO author_affiliation VALUES(393,70);
INSERT INTO author_affiliation VALUES(166,167);
INSERT INTO author_affiliation VALUES(188,167);
INSERT INTO author_affiliation VALUES(390,167);
INSERT INTO author_affiliation VALUES(391,167);
INSERT INTO author_affiliation VALUES(394,167);
INSERT INTO author_affiliation VALUES(395,167);
INSERT INTO author_affiliation VALUES(391,168);
INSERT INTO author_affiliation VALUES(396,169);
INSERT INTO author_affiliation VALUES(397,170);
INSERT INTO author_affiliation VALUES(398,171);
INSERT INTO author_affiliation VALUES(408,172);
INSERT INTO author_affiliation VALUES(409,172);
INSERT INTO author_affiliation VALUES(410,96);
INSERT INTO author_affiliation VALUES(411,96);
INSERT INTO author_affiliation VALUES(412,96);
INSERT INTO author_affiliation VALUES(413,96);
INSERT INTO author_affiliation VALUES(414,96);
INSERT INTO author_affiliation VALUES(415,173);
INSERT INTO author_affiliation VALUES(416,7);
INSERT INTO author_affiliation VALUES(416,8);
INSERT INTO author_affiliation VALUES(419,7);
INSERT INTO author_affiliation VALUES(419,8);
INSERT INTO author_affiliation VALUES(419,175);
INSERT INTO author_affiliation VALUES(417,174);
INSERT INTO author_affiliation VALUES(418,176);
INSERT INTO author_affiliation VALUES(420,176);
INSERT INTO author_affiliation VALUES(420,177);
INSERT INTO author_affiliation VALUES(421,175);
INSERT INTO author_affiliation VALUES(422,178);
INSERT INTO author_affiliation VALUES(423,178);
INSERT INTO author_affiliation VALUES(424,178);
INSERT INTO author_affiliation VALUES(425,178);
INSERT INTO author_affiliation VALUES(426,43);
INSERT INTO author_affiliation VALUES(427,179);
INSERT INTO author_affiliation VALUES(427,180);
INSERT INTO author_affiliation VALUES(428,179);
INSERT INTO author_affiliation VALUES(429,179);
INSERT INTO author_affiliation VALUES(421,181);
INSERT INTO author_affiliation VALUES(430,181);
INSERT INTO author_affiliation VALUES(431,18);
INSERT INTO author_affiliation VALUES(432,18);
INSERT INTO author_affiliation VALUES(433,18);
INSERT INTO author_affiliation VALUES(435,18);
INSERT INTO author_affiliation VALUES(436,18);
INSERT INTO author_affiliation VALUES(439,18);
INSERT INTO author_affiliation VALUES(431,19);
INSERT INTO author_affiliation VALUES(432,19);
INSERT INTO author_affiliation VALUES(433,19);
INSERT INTO author_affiliation VALUES(434,19);
INSERT INTO author_affiliation VALUES(435,19);
INSERT INTO author_affiliation VALUES(436,19);
INSERT INTO author_affiliation VALUES(439,19);
INSERT INTO author_affiliation VALUES(440,19);
INSERT INTO author_affiliation VALUES(437,182);
INSERT INTO author_affiliation VALUES(438,182);
INSERT INTO author_affiliation VALUES(444,182);
INSERT INTO author_affiliation VALUES(443,182);
INSERT INTO author_affiliation VALUES(442,183);
INSERT INTO author_affiliation VALUES(443,183);
INSERT INTO author_affiliation VALUES(441,184);
INSERT INTO author_affiliation VALUES(442,184);
INSERT INTO author_affiliation VALUES(442,185);
INSERT INTO author_affiliation VALUES(443,186);
CREATE TABLE algorithm (
    id INTEGER PRIMARY KEY AUTOINCREMENT,
    name TEXT NOT NULL UNIQUE,
    documentation TEXT,
    website TEXT
, algorithm_family TEXT, short_description TEXT, kind TEXT, is_deep_learning INTEGER, acquisition_mode TEXT, aliases TEXT);
INSERT INTO algorithm VALUES(1,'InstaNovo','https://instadeepai.github.io/InstaNovo/','https://instanovo.ai/','Transformer (AR)','Knapsack beam search','algorithm',1,'DDA',NULL);
INSERT INTO algorithm VALUES(2,'InstaNovo+','https://instadeepai.github.io/InstaNovo/','https://instanovo.ai/','Diffusion','Multinomial diffusion','algorithm',1,'DDA',NULL);
INSERT INTO algorithm VALUES(3,'InstaNovo-P',NULL,'https://instanovo.ai/','Transformer (AR)','Phosphoproteomics','algorithm',1,'DDA',NULL);
INSERT INTO algorithm VALUES(4,'Pairwise',NULL,NULL,'Transformer (AR)','Mass difference attention','algorithm',1,'DDA',NULL);
INSERT INTO algorithm VALUES(5,'DiNovo',NULL,'http://fugroup.amss.ac.cn/software/DiNovo/DiNovoIndex.html','Transformer (AR)','Mirror proteases + DL','algorithm',1,'DDA',NULL);
INSERT INTO algorithm VALUES(6,'PepGo',NULL,NULL,'Transformer (AR)','Tree search-based decoding','algorithm',1,'DDA',NULL);
INSERT INTO algorithm VALUES(7,'DiffuNovo',NULL,NULL,'Diffusion','Regressor-guided diffusion','algorithm',1,'DDA',NULL);
INSERT INTO algorithm VALUES(8,'OmniNovo',NULL,NULL,'Transformer (NAR)','PTM-aware NAR','algorithm',1,'DDA',NULL);
INSERT INTO algorithm VALUES(9,'CrossNovo',NULL,NULL,'Transformer (NAR)','AR + NAR hybrid','algorithm',1,'DDA',NULL);
INSERT INTO algorithm VALUES(10,'Modanovo',NULL,NULL,'Transformer (AR)','Unified PTM-aware model','algorithm',1,'DDA',NULL);
INSERT INTO algorithm VALUES(12,'Casanovo',NULL,NULL,'Transformer (AR)','First Transformer','algorithm',1,'DDA',NULL);
INSERT INTO algorithm VALUES(13,'DiffNovo',NULL,NULL,'Transformer (NAR)','Transformer-diffusion model','algorithm',1,'DDA',NULL);
INSERT INTO algorithm VALUES(14,'RNovA',NULL,NULL,'Transformer (AR)','Zero-shot open PTM discovery','algorithm',1,'DDA',NULL);
INSERT INTO algorithm VALUES(15,'XuanjiNovo',NULL,NULL,'Transformer (NAR)','Billion-scale pretraining','algorithm',1,'DDA',NULL);
INSERT INTO algorithm VALUES(16,'RefineNovo',NULL,NULL,'Transformer (NAR)','Curriculum learning','algorithm',1,'DDA',NULL);
INSERT INTO algorithm VALUES(17,'LIPNovo',NULL,NULL,'Transformer (AR)','Latent imputation','algorithm',1,'DDA',NULL);
INSERT INTO algorithm VALUES(18,'TSARseqNovo',NULL,NULL,'Transformer (AR)','Semi-autoregressive','algorithm',1,'DDA',NULL);
INSERT INTO algorithm VALUES(19,'XA-Novo',NULL,NULL,'Transformer (AR)','NAR knowledge distillation','algorithm',1,'DDA',NULL);
INSERT INTO algorithm VALUES(20,'π-PrimeNovo',NULL,NULL,'Transformer (NAR)','NAR Transformer (CTC)','algorithm',1,'DDA',NULL);
INSERT INTO algorithm VALUES(21,'ReNovo',NULL,NULL,'Transformer (AR)','Retrieval-based sequencing','algorithm',1,'DDA',NULL);
INSERT INTO algorithm VALUES(22,'DIANovo',NULL,NULL,'Transformer (AR)','Transformer-based de novo sequencer for DIA — disentangles coeluted/multiplexed precursor spectra. Presented in Zheng Ma''s arXiv preprint (2024) and his PhD thesis (2025).','algorithm',1,'DIA',NULL);
INSERT INTO algorithm VALUES(23,'RankNovo',NULL,NULL,'Transformer (AR)','Universal reranking','post-processor',1,'both',NULL);
INSERT INTO algorithm VALUES(24,'π-xNovo',NULL,NULL,'Transformer (AR)','Explainable AI sequencing','algorithm',1,'DDA',NULL);
INSERT INTO algorithm VALUES(25,'TransNovo',NULL,NULL,'Transformer (AR)','Transformer-based sequencing','algorithm',1,'DDA',NULL);
INSERT INTO algorithm VALUES(26,'PowerNovo',NULL,NULL,'Transformer (AR)','Transformer + BERT ensemble','algorithm',1,'DDA',NULL);
INSERT INTO algorithm VALUES(27,'Cascadia',NULL,NULL,'Transformer (AR)','Transformer for DIA','algorithm',1,'DIA',NULL);
INSERT INTO algorithm VALUES(28,'DiaTrans',NULL,NULL,'Transformer (AR)','Transformer for DIA','algorithm',1,'DIA','Casanovo-DIA, Transformer-DIA');
INSERT INTO algorithm VALUES(29,'pXg',NULL,NULL,NULL,'MHC-I noncanonical peptides','downstream-application',0,'DDA',NULL);
INSERT INTO algorithm VALUES(30,'AdaNovo',NULL,NULL,'Transformer (AR)','Mutual info for PTMs','algorithm',1,'DDA',NULL);
INSERT INTO algorithm VALUES(31,'NovoB',NULL,NULL,'Transformer (AR)','Bidirectional decoding','algorithm',1,'DDA',NULL);
INSERT INTO algorithm VALUES(32,'π-HelixNovo',NULL,NULL,'Transformer (AR)','Complementary spectra','algorithm',1,'DDA','PandaNovo');
INSERT INTO algorithm VALUES(33,'Casanovo-DB',NULL,NULL,'Transformer (AR)','Database search scoring','adjacent',1,'DDA',NULL);
INSERT INTO algorithm VALUES(34,'MARS',NULL,NULL,NULL,'Non-canonical antigen selection','downstream-application',0,'DDA',NULL);
INSERT INTO algorithm VALUES(35,'Spectralis',NULL,NULL,'CNN','AA-gapped convolutional layer','post-processor',1,'DDA',NULL);
INSERT INTO algorithm VALUES(36,'ContraNovo',NULL,NULL,'Transformer (AR)','Contrastive learning','algorithm',1,'DDA',NULL);
INSERT INTO algorithm VALUES(37,'PepNet',NULL,NULL,'CNN','Temporal convolutional network','algorithm',1,'DDA',NULL);
INSERT INTO algorithm VALUES(38,'DeepNovo Peptidome',NULL,NULL,'CNN + RNN','Immunopeptidomics pipeline','downstream-application',1,'DDA',NULL);
INSERT INTO algorithm VALUES(39,'GraphNovo',NULL,NULL,'GNN','Missing fragments','algorithm',1,'DDA',NULL);
INSERT INTO algorithm VALUES(40,'SeqNovo',NULL,NULL,'Transformer (AR)','Seq2Seq for IoMT','algorithm',1,'DDA',NULL);
INSERT INTO algorithm VALUES(41,'GlycanFinder',NULL,NULL,'CNN','Glycopeptide sequencing','adjacent',1,'DDA',NULL);
INSERT INTO algorithm VALUES(42,'DpNovo',NULL,NULL,'Transformer (AR)','Transformer + dynamic programming','algorithm',1,'DDA',NULL);
INSERT INTO algorithm VALUES(43,'BiATNovo',NULL,NULL,'Transformer (AR)','Bidirectional self-attention','algorithm',1,'DDA',NULL);
INSERT INTO algorithm VALUES(44,'PGPointNovo',NULL,NULL,'CNN + RNN','Parallel GPU-based PointNovo','algorithm',1,'DDA',NULL);
INSERT INTO algorithm VALUES(45,'PaSER Novor',NULL,NULL,'Transformer (AR)','Real-time 4D-proteomics','algorithm',1,'DDA',NULL);
INSERT INTO algorithm VALUES(46,'Denovo-GCN',NULL,NULL,'GNN','GCN on spectrum graph','algorithm',1,'DDA',NULL);
INSERT INTO algorithm VALUES(47,'NovoRank',NULL,NULL,'CNN + RNN','Spectral clustering refinement','post-processor',1,'DDA',NULL);
INSERT INTO algorithm VALUES(48,'Kaiko',NULL,NULL,'CNN + RNN','Metaproteomics','downstream-application',1,'DDA',NULL);
INSERT INTO algorithm VALUES(49,'DePS',NULL,NULL,'CNN + RNN','Improved deep learning model','algorithm',1,'DDA',NULL);
INSERT INTO algorithm VALUES(50,'Deep Novo A+',NULL,NULL,'CNN + RNN','Improved DeepNovo model','algorithm',1,'DDA',NULL);
INSERT INTO algorithm VALUES(51,'PointNovo',NULL,NULL,'CNN + RNN','Point-set network','algorithm',1,'DDA',NULL);
INSERT INTO algorithm VALUES(52,'DeepNovoAA',NULL,NULL,'CNN + RNN','Immunopeptidome neoantigen discovery','downstream-application',1,'DDA',NULL);
INSERT INTO algorithm VALUES(53,'CycloNovo',NULL,NULL,'Graph / DP','Cyclopeptide sequencing','algorithm',0,'DDA',NULL);
INSERT INTO algorithm VALUES(54,'pNovo 3',NULL,NULL,'Learning-to-rank','Learning-to-rank + pDeep','algorithm',0,'DDA',NULL);
INSERT INTO algorithm VALUES(55,'DeepNovo V2',NULL,NULL,'CNN + RNN','Improved CNN+LSTM model','algorithm',1,'DDA',NULL);
INSERT INTO algorithm VALUES(56,'DeepNovo-DIA',NULL,NULL,'CNN + RNN','First de novo for DIA','algorithm',1,'DIA',NULL);
INSERT INTO algorithm VALUES(57,'PostNovo',NULL,NULL,'Random Forest','FDR-controlled ensembling','post-processor',0,'DDA',NULL);
INSERT INTO algorithm VALUES(58,'DeepNovo',NULL,NULL,'CNN + RNN','First DL model (CNN+LSTM)','algorithm',1,'DDA',NULL);
INSERT INTO algorithm VALUES(59,'CausalNovo',NULL,NULL,'Transformer (AR)','Causality-informed framework','algorithm',1,'DDA',NULL);
INSERT INTO algorithm VALUES(60,'Lutefisk',NULL,'https://www.proteomesoftware.com/','Heuristic','First widely-used heuristic de novo tool','algorithm',0,'DDA',NULL);
INSERT INTO algorithm VALUES(61,'Sherenga',NULL,NULL,'Graph / DP','Graph-theoretic de novo (foundational)','algorithm',0,'DDA',NULL);
INSERT INTO algorithm VALUES(62,'PEAKS',NULL,'https://www.bioinfor.com/peaks-de-novo/','Graph / DP','Commercial DP-based de novo','algorithm',0,'DDA',NULL);
INSERT INTO algorithm VALUES(63,'PepNovo',NULL,'http://proteomics.ucsd.edu/Software/PepNovo/','Graph / DP','Probabilistic network + DP','algorithm',0,'DDA',NULL);
INSERT INTO algorithm VALUES(64,'NovoHMM',NULL,NULL,'HMM','Generative HMM scoring','algorithm',0,'DDA',NULL);
INSERT INTO algorithm VALUES(65,'MSNovo',NULL,NULL,'Graph / DP','Mass-array dynamic programming','algorithm',0,'DDA',NULL);
INSERT INTO algorithm VALUES(66,'pNovo',NULL,'http://pfind.org/software/pNovo/','Graph / DP','First HCD-focused de novo','algorithm',0,'DDA',NULL);
INSERT INTO algorithm VALUES(67,'pNovo+',NULL,'http://pfind.org/software/pNovo/','Graph / DP','Complementary HCD + ETD spectra','algorithm',0,'DDA',NULL);
INSERT INTO algorithm VALUES(68,'Novor',NULL,'https://novor.cloud/','Decision tree','Real-time decision-tree scoring','algorithm',0,'DDA',NULL);
INSERT INTO algorithm VALUES(69,'Winnow',NULL,NULL,NULL,'NN rescoring + decoy-free FDR','post-processor',1,'both',NULL);
INSERT INTO algorithm VALUES(70,'Xia 2025 Survey',NULL,NULL,NULL,'Systematic review of DL de novo','review',NULL,NULL,NULL);
INSERT INTO algorithm VALUES(71,'Bittremieux 2024 Review',NULL,NULL,NULL,'Review of DL de novo methods','review',NULL,NULL,NULL);
INSERT INTO algorithm VALUES(72,'SMSNet',NULL,NULL,'CNN + RNN','Sequence-Mask-Search seq2seq','algorithm',1,'DDA',NULL);
INSERT INTO algorithm VALUES(73,'NovoBench',NULL,NULL,NULL,'NeurIPS benchmark for DL de novo','benchmark',NULL,NULL,NULL);
INSERT INTO algorithm VALUES(74,'SearchNovo',NULL,NULL,'Transformer (AR)','DB-search + de novo fusion','adjacent',1,'DDA',NULL);
INSERT INTO algorithm VALUES(75,'NovoBoard',NULL,NULL,NULL,'Decoy-based FDR + accuracy framework','benchmark',0,'DDA',NULL);
INSERT INTO algorithm VALUES(76,'Wen 2020 Review',NULL,NULL,NULL,'Broad DL-in-proteomics review (de novo is one of several topics)','review',NULL,NULL,NULL);
INSERT INTO algorithm VALUES(77,'Open-pNovo',NULL,'http://pfind.org/software/pNovo/','Graph / DP','pNovo with thousands of PTMs','algorithm',0,'DDA',NULL);
INSERT INTO algorithm VALUES(78,'pSite',NULL,NULL,NULL,'AA confidence + site localization','post-processor',0,'DDA',NULL);
INSERT INTO algorithm VALUES(79,'DeNovo Synergy',NULL,NULL,NULL,'Combining multiple de novo tools','post-processor',0,'DDA',NULL);
INSERT INTO algorithm VALUES(80,'ENPC',NULL,NULL,'Heuristic','Exhaustive composition enumeration','algorithm',0,'DDA',NULL);
INSERT INTO algorithm VALUES(81,'MALDI-QIT (Zhang 2003)',NULL,NULL,'Heuristic','Preliminary MALDI-QIT de novo','algorithm',0,'DDA',NULL);
INSERT INTO algorithm VALUES(82,'DC-Novo',NULL,NULL,'Graph / DP','Divide-and-conquer + spectrum simulation','algorithm',0,'DDA',NULL);
INSERT INTO algorithm VALUES(83,'Charge Derivatization (An 2013)',NULL,NULL,'Heuristic','Positive charge derivatization + spectra merging','algorithm',0,'DDA',NULL);
INSERT INTO algorithm VALUES(84,'2D Fragment Correlation',NULL,NULL,'Heuristic','2D fragment correlation MS','algorithm',0,'DDA',NULL);
INSERT INTO algorithm VALUES(85,'Robust FL-Sequencing',NULL,NULL,'Heuristic','Full-length protein sequencing','algorithm',0,'DDA',NULL);
INSERT INTO algorithm VALUES(86,'UVnovo',NULL,NULL,'Graph / DP','UV photodissociation de novo','algorithm',0,'DDA',NULL);
INSERT INTO algorithm VALUES(87,'AbNovoBench',NULL,NULL,NULL,'Monoclonal antibody de novo benchmark','benchmark',NULL,NULL,NULL);
INSERT INTO algorithm VALUES(88,'Noble 2024 commentary',NULL,NULL,NULL,'Behind-the-paper post on benchmark wrangling','meta',NULL,NULL,NULL);
INSERT INTO algorithm VALUES(89,'9-species benchmark (Wen & Noble 2024)',NULL,NULL,NULL,'Multi-species PSM benchmark for ML training','benchmark',NULL,NULL,NULL);
INSERT INTO algorithm VALUES(90,'DPST',NULL,NULL,'Transformer (AR)','Amino-acid-aware transformer','algorithm',1,'DDA',NULL);
INSERT INTO algorithm VALUES(91,'MaxNovo',NULL,'https://www.maxquant.org/','Graph / DP','MaxQuant spectrum-graph de novo','algorithm',0,'DDA',NULL);
INSERT INTO algorithm VALUES(92,'PEAKS DB',NULL,'https://www.bioinfor.com/peaksdb/','Graph / DP','De-novo-assisted DB search','adjacent',0,'DDA',NULL);
INSERT INTO algorithm VALUES(93,'π-MSNet',NULL,NULL,NULL,'Billion-scale AI-ready proteomics data portal','adjacent',NULL,NULL,NULL);
INSERT INTO algorithm VALUES(94,'Casanovo-DM2',NULL,NULL,'Diffusion','Diffusion decoder variants (Casanovo-DS / DM1 / DM2) plugged into Casanovo''s spectrum encoder; DM2 + DINOISER loss reported the best amino-acid recall.','algorithm',1,'DDA',NULL);
INSERT INTO algorithm VALUES(95,'Metaproteomics de novo review',NULL,NULL,NULL,'Mini-review on applying de novo peptide sequencing in metaproteomics — challenges (large search spaces, missing references) and tooling outlook.','review',NULL,NULL,NULL);
INSERT INTO algorithm VALUES(96,'Seidler 2010 de novo review',NULL,NULL,NULL,'Tutorial review (Proteomics 2010) surveying de novo peptide sequencing by MS/MS — fragmentation chemistry, manual interpretation, and the algorithmic landscape pre-deep-learning.','review',NULL,NULL,NULL);
INSERT INTO algorithm VALUES(97,'DiffNovo-DIA',NULL,NULL,'Diffusion','Transformer-diffusion model for DIA de novo peptide sequencing — DIA-side companion to DiffNovo. From Shiva Ebrahimi''s PhD thesis (UNT, 2025); a PyPI package exists (diffnovo-dia v0.1.2) but the GitHub repo is currently empty and no standalone paper has been published.','algorithm',1,'DIA','DiffNovo_DIA');
INSERT INTO algorithm VALUES(98,'ActiveNovo-DIA',NULL,NULL,'CNN + RNN','Active-learning wrapper around Tran et al. 2019''s DeepNovo-DIA — uses acquisition functions to pick the most informative spectra at each training iteration instead of random selection. First published as AL-DeepNovo-DIA (ICML 2022 Workshop on Computational Biology, Ebrahimi & Guo); rebranded ActiveNovo_DIA in Ebrahimi''s 2025 UNT PhD thesis.','algorithm',1,'DIA','AL-DeepNovo-DIA, ActiveNovo_DIA');
INSERT INTO algorithm VALUES(100,'PowerNovo2',NULL,NULL,'Flow','Non-autoregressive generative-flow-based de novo sequencer — successor to PowerNovo v1, designed to skip the cascading-error problem of autoregressive transformers while running 4-5x faster. Published in PLOS Computational Biology, May 2026.','algorithm',1,'DDA',NULL);
INSERT INTO algorithm VALUES(101,'Antilope',NULL,NULL,'Graph / DP','Lagrangian-relaxation formulation of de novo peptide sequencing — frames the problem as a constrained optimization over the spectrum graph and solves it with iterative subgradient ascent.','algorithm',0,'DDA',NULL);
INSERT INTO algorithm VALUES(102,'Muth & Renard 2017 evaluation',NULL,NULL,NULL,'Briefings in Bioinformatics review evaluating whether de novo sequencing has become an accurate alternative to database-driven peptide identification — surveys state-of-the-art tools and benchmark performance circa 2017.','review',NULL,NULL,NULL);
INSERT INTO algorithm VALUES(103,'pUniFind',NULL,NULL,'Transformer (AR)','Multimodal pre-trained transformer for mass spectra that unifies peptide-spectrum scoring and zero-shot de novo sequencing in a single model. Trained on >100M open-search-derived spectra; reports +60% PSMs over prior de novo methods with 1,300+ modifications supported, and a DL-based QC step that recovers 38.5% additional peptides.','algorithm',1,'DDA',NULL);
CREATE TABLE publication (
    id INTEGER PRIMARY KEY AUTOINCREMENT,
    title TEXT NOT NULL,
    publication_date DATE,
    doi TEXT UNIQUE,
    publisher TEXT,
    abstract TEXT,
    url TEXT,
    journal TEXT,
    publication_type TEXT NOT NULL -- 'preprint' or 'peer-reviewed'
, version TEXT);
INSERT INTO publication VALUES(1,'De novo peptide sequencing with InstaNovo: Accurate, database-free peptide identification for large scale proteomics experiments','2023-08-30','10.1101/2023.08.30.555055','Cold Spring Harbor Laboratory','Bottom-up mass spectrometry-based proteomics is challenged by the task of identifying the peptide that generates a tandem mass spectrum. Traditional methods that rely on known peptide sequence databases are limited and may not be applicable in certain contexts. De novo peptide sequencing, which assigns peptide sequences to the spectra without prior information, is valuable for various biological applications; yet, due to a lack of accuracy, it remains challenging to apply this approach in many situations. Here, we introduce InstaNovo, a transformer neural network with the ability to translate fragment ion peaks into the sequence of amino acids that make up the studied peptide(s). The model was trained on 28 million labelled spectra matched to 742k human peptides from the ProteomeTools project. We demonstrate that InstaNovo outperforms current state-of-the-art methods on benchmark datasets and showcase its utility in several applications. Building upon human intuition, we also introduce InstaNovo+, a multinomial diffusion model that further improves performance by iterative refinement of predicted sequences. Using these models, we could de novo sequence antibody-based therapeutics with unprecedented coverage, discover novel peptides, and detect unreported organisms in different datasets, thereby expanding the scope and detection rate of proteomics searches. Finally, we could experimentally validate tryptic and non-tryptic peptides with targeted proteomics, demonstrating the fidelity of our predictions. Our models unlock a plethora of opportunities across different scientific domains, such as direct protein sequencing, immunopeptidomics, and exploration of the dark proteome.','https://www.biorxiv.org/content/10.1101/2023.08.30.555055v3','bioRxiv','preprint',NULL);
INSERT INTO publication VALUES(2,'InstaNovo enables diffusion-powered de novo peptide sequencing in large-scale proteomics experiments','2025-04-01','10.1038/s42256-025-01019-5','Nature Machine Intelligence','Mass spectrometry-based proteomics focuses on identifying the peptide that generates a tandem mass spectrum. Traditional methods rely on protein databases but are often limited or inapplicable in certain contexts. De novo peptide sequencing, which assigns peptide sequences to spectra without prior information, is valuable for diverse biological applications; however, owing to a lack of accuracy, it remains challenging to apply. Here we introduce InstaNovo, a transformer model that translates fragment ion peaks into peptide sequences. We demonstrate that InstaNovo outperforms state-of-the-art methods and showcase its utility in several applications. We also introduce InstaNovo+, a diffusion model that improves performance through iterative refinement of predicted sequences. Using these models, we achieve improved therapeutic sequencing coverage, discover novel peptides and detect unreported organisms in diverse datasets, thereby expanding the scope and detection rate of proteomics searches. Our models unlock opportunities across domains such as direct protein sequencing, immunopeptidomics and exploration of the dark proteome.','https://doi.org/10.1038/s42256-025-01019-5','Nature Machine Intelligence','peer-reviewed',NULL);
INSERT INTO publication VALUES(3,'InstaNovo-P: A de novo peptide sequencing model for phosphoproteomics','2025-05-14','10.1101/2025.05.14.654049','bioRxiv','Phosphorylation, a crucial post-translational modification (PTM), plays a central role in cellular signaling and disease mechanisms. Mass spectrometry-based phosphoproteomics is widely used for system-wide characterization of phosphorylation events. However, traditional methods struggle with accurate phosphorylated site localization, complex search spaces, and detecting sequences outside the reference database. Advances in de novo peptide sequencing offer opportunities to address these limitations, but have yet to become integrated and adapted for phosphoproteomics datasets. Here, we present InstaNovo-P, a phosphorylation specific version of our transformer-based InstaNovo model, fine-tuned on extensive phosphoproteomics datasets. InstaNovo-P significantly surpasses existing methods in phosphorylated peptide detection and phosphorylated site localization accuracy across multiple datasets, including complex experimental scenarios. Our model robustly identifies peptides with single and multiple phosphorylated sites, effectively localizing phosphorylation events on serine, threonine, and tyrosine residues. We experimentally validate our model predictions by studying FGFR2 signaling, further demonstrating that InstaNovo-P uncovers phosphorylated sites previously missed by traditional database searches. These predictions align with critical biological processes, confirming the model''s capacity to yield valuable biological insights. InstaNovo-P adds value to phosphoproteomics experiments by effectively identifying biologically relevant phosphorylation events without prior information, providing a powerful analytical tool for the dissection of signaling pathways.','https://www.biorxiv.org/content/10.1101/2025.05.14.654049v1','bioRxiv','preprint',NULL);
INSERT INTO publication VALUES(4,'Pairwise Attention: Leveraging Mass Differences to Enhance De Novo Sequencing of Mass Spectra','2025-03-28','10.1101/2025.03.28.645943','bioRxiv','A fundamental challenge in mass spectrometry-based proteomics is determining which peptide generated a given MS2 spectrum. Peptide sequencing typically relies on matching spectra against a known sequence database, which in some applications is not available. Deep learning-based de novo sequencing can address this limitation by directly predicting peptide sequences from MS2 data. We have seen the application of the transformer architecture to de novo sequencing produce state-of-the-art results on the so-called nine-species benchmark. In this study, we propose an improved transformer encoder inspired by the heuristics used in the manual interpretation of spectra. We modify the attention mechanism with a learned bias based on pairwise mass differences, termed Pairwise Attention (PA). Adding PA improves average peptide precision at 100\% coverage by 12.7\% (5.9 percentage points) over our base transformer on the original nine-species benchmark. We have also achieved a 7.4\% increase over the previously published model Casanovo. Our MS2 encoding strategy is largely orthogonal to other transformer-based models encoding MS2 spectra, enabling straightforward integration into existing deep-learning approaches. Our results show that integrating domain-specific knowledge into transformers boosts de novo sequencing performance.Competing Interest StatementThe authors have declared no competing interest.','https://www.biorxiv.org/content/10.1101/2025.03.28.645943v1','bioRxiv','preprint',NULL);
INSERT INTO publication VALUES(5,'DiNovo: high-coverage, high-confidence de novo peptide sequencing using mirror proteases and deep learning','2025-03-20','10.1101/2025.03.20.643920','Cold Spring Harbor Laboratory','Despite the recent advancements driven by deep learning, de novo peptide sequencing is still constrained by incomplete peptide fragmentation and insufficient protein digestion in current single protease-based proteomic experiments. Here, we present a software system, named DiNovo, for high-coverage and confidence de novo peptide sequencing by leveraging the complementarity of mirror proteases. DiNovo is empowered by several innovative algorithms, including a mirror-spectra recognition algorithm independent of pre-sequencing, two sequencing algorithms based on deep learning and graph theory, respectively, and target-decoy mapping, a method for sequencing result evaluation free of prior peptide identification. Compared with the trypsin protease used alone, DiNovo using two pairs of mirror proteases led to two to three times high-confidence amino acids sequenced. Compared with previous single-protease de novo sequencing algorithms, DiNovo achieved much higher sequence coverages. DiNovo also showed great potential as a powerful complement or alternative to database search for peptide identification with quality control.Competing Interest StatementThe authors have declared no competing interest.','https://www.biorxiv.org/content/10.1101/2025.03.20.643920v1','bioRxiv','preprint',NULL);
INSERT INTO publication VALUES(6,'PepGo: a deep learning and tree search-based model for de novo peptide sequencing','2025-02-24','10.1101/2025.02.24.640018','bioRxiv','Identifying peptide sequences from tandem mass spectra is a fundamental problem in proteomics. Unlike search-based methods that rely on matching spectra to databases, de novo peptide sequencing determines peptides directly from mass spectra without any prior information. However, the design of models and algorithms for de novo peptide sequencing remains a challenge. Many de novo approaches leverage deep learning but primarily focus on the architecture of neural networks, paying less attention to search algorithms. We introduce PepGo, a de novo peptide sequencing model that integrates Transformer neural networks with Monte Carlo Tree Search (MCTS). PepGo predicts peptide sequences directly from mass spectra without databases, even without prior training. We show that PepGo surpasses existing methods, achieving state-of-the-art performance. To our knowledge, this is the first approach to combine deep learning with MCTS for de novo peptide sequencing, offering a powerful and adaptable solution for peptide identification in proteomics research. Competing Interest Statement The authors have declared no competing interest.','https://www.biorxiv.org/content/10.1101/2025.02.24.640018v1','bioRxiv','preprint',NULL);
INSERT INTO publication VALUES(7,'Regressor-guided Diffusion Model for De Novo Peptide Sequencing with Explicit Mass Control','2026-03-14','10.1609/aaai.v40i1.36968','AAAI Press',NULL,'https://ojs.aaai.org/index.php/AAAI/article/view/36968','AAAI 2026','peer-reviewed',NULL);
INSERT INTO publication VALUES(8,'Accurate de novo sequencing of the modified proteome with OmniNovo','2025-12-13','10.48550/arXiv.2512.12272','arXiv',NULL,'https://arxiv.org/abs/2512.12272','arXiv','preprint',NULL);
INSERT INTO publication VALUES(9,'Bidirectional Representations Augmented Autoregressive Biological Sequence Generation','2025-10-17','10.48550/arXiv.2510.08169','arXiv',NULL,'https://arxiv.org/abs/2510.08169','NeurIPS 2025','preprint',NULL);
INSERT INTO publication VALUES(10,'Modanovo: A Unified Model for Post-Translational Modification-Aware de Novo Sequencing Using Experimental Spectra from In Vivo and Synthetic Peptides','2025-09-16','10.1101/2025.09.12.675784','bioRxiv',NULL,'https://www.biorxiv.org/content/10.1101/2025.09.12.675784v1','bioRxiv','preprint',NULL);
INSERT INTO publication VALUES(11,'Advancing Proteomic Analyses with Graph-Based Deep Learning: Protein Inference and DIA De Novo Peptide Sequencing','2025-08-15',NULL,'PhD thesis',NULL,'https://dspacemainprd01.lib.uwaterloo.ca/server/api/core/bitstreams/2cd3373a-a4cd-4536-8cec-464a86330205/content',NULL,'thesis',NULL);
INSERT INTO publication VALUES(12,'Improvements to CasaNovo, a deep learning de novo peptide sequencer','2025-07-26','10.1101/2025.07.25.666826','Cold Spring Harbor Laboratory',NULL,'https://www.biorxiv.org/content/10.1101/2025.07.25.666826v1','bioRxiv','preprint','v5');
INSERT INTO publication VALUES(13,'DiffNovo: A Transformer-Diffusion Model for De Novo Peptide Sequencing','2025-07-24','10.1007/978-3-031-94039-2_8','Bioinformatics and Computational Biology: 17th International Conference',NULL,'https://link.springer.com/chapter/10.1007/978-3-031-94039-2_8','Bioinformatics and Computational Biology (BICOB 2025)','peer-reviewed',NULL);
INSERT INTO publication VALUES(14,'Zero-Shot De Novo Peptide Sequencing with Open Post-Translational Modification Discovery','2025-06-27','10.21203/rs.3.rs-6950964/v1','Research Square',NULL,'https://www.researchsquare.com/article/rs-6950964/v1','Research Square','preprint',NULL);
INSERT INTO publication VALUES(15,'MassNet: billion-scale AI-friendly mass spectral corpus enables robust de novo peptide sequencing','2025-06-26','10.1101/2025.06.20.660691','bioRxiv',NULL,'https://www.biorxiv.org/content/10.1101/2025.06.20.660691v1','bioRxiv','preprint',NULL);
INSERT INTO publication VALUES(16,'Curriculum Learning for Biological Sequence Prediction: The Case of De Novo Peptide Sequencing','2025-06-16','10.48550/arXiv.2506.13485','arXiv',NULL,'https://arxiv.org/abs/2506.13485','ICML 2025','preprint',NULL);
INSERT INTO publication VALUES(17,'Latent Imputation before Prediction: A New Computational Paradigm for De Novo Peptide Sequencing','2025-05-23','10.48550/arXiv.2505.17524','arXiv',NULL,'https://arxiv.org/abs/2505.17524','ICML 2025','preprint',NULL);
INSERT INTO publication VALUES(18,'A transformer-based semi-autoregressive framework for high-speed and accurate de novo peptide sequencing','2025-02-14','10.1038/s42003-025-07584-0','Nature communications biology',NULL,'https://doi.org/10.1038/s42003-025-07584-0','Communications Biology','peer-reviewed',NULL);
INSERT INTO publication VALUES(19,'XA-Novo: an accurate and high-throughput mass spectrometry-based de novo sequencing technology for monoclonal antibodies and antibody mixtures','2026-02-15','10.1038/s41467-026-70496-y','Springer Nature',NULL,'https://www.nature.com/articles/s41467-026-70496-y','Nature Communications','peer-reviewed',NULL);
INSERT INTO publication VALUES(20,'Distilling Non-Autoregressive Model Knowledge for Autoregressive De Novo Peptide Sequencing','2025-02-05',NULL,'OpenReview, bioRxiv',NULL,'https://openreview.net/forum?id=I2ZYngkRW6','ICLR 2025','preprint',NULL);
INSERT INTO publication VALUES(21,'π-PrimeNovo: an accurate and efficient non-autoregressive deep learning model for de novo peptide sequencing','2025-01-02','10.1038/s41467-024-55021-3','Nature Communications',NULL,'https://doi.org/10.1038/s41467-024-55021-3','Nature Communications','peer-reviewed',NULL);
INSERT INTO publication VALUES(22,'ReNovo: Retrieval-Based De Novo Mass Spectrometry Peptide Sequencing','2024-11-27',NULL,'ICLR 2025',NULL,'https://openreview.net/forum?id=uQnvYP7yX9','ICLR 2025','ML conference',NULL);
INSERT INTO publication VALUES(23,'Disentangling the Complex Multiplexed DIA Spectra in De Novo Peptide Sequencing','2024-11-24','10.48550/arXiv.2411.15684','arXiv',NULL,'https://arxiv.org/abs/2411.15684','arXiv','preprint',NULL);
INSERT INTO publication VALUES(24,'RankNovo: A Universal Reranking Approach for Robust De Novo Peptide Sequencing','2024-11-20',NULL,'ICLR 2025',NULL,'https://openreview.net/forum?id=87B3zDRMjv','ICLR 2025','ML conference',NULL);
INSERT INTO publication VALUES(25,'Transforming de novo peptide sequencing by explainable AI','2024-08-04','10.21203/rs.3.rs-4716013/v1','Research Square',NULL,'https://www.researchsquare.com/article/rs-4716013/v1','Research Square','preprint',NULL);
INSERT INTO publication VALUES(26,'Sequence-to-sequence translation from mass spectra to peptides with a transformer model','2024-07-30','10.1038/s41467-024-49731-x','Nature Communications',NULL,'https://doi.org/10.1038/s41467-024-49731-x','Nature Communications','peer-reviewed','v2');
INSERT INTO publication VALUES(27,'TransNovo','2024-07-15',NULL,NULL,NULL,'https://github.com/ThatMatin/TransNovo',NULL,'preprint',NULL);
INSERT INTO publication VALUES(28,'PowerNovo: de novo peptide sequencing via tandem mass spectrometry using an ensemble of transformer and BERT models','2024-07-01','10.1038/s41598-024-65861-0','Scientific Reports',NULL,'https://doi.org/10.1038/s41598-024-65861-0','Scientific Reports','peer-reviewed',NULL);
INSERT INTO publication VALUES(29,'A transformer model for de novo sequencing of data independent acquisition mass spectrometry data','2025-07-01','10.1038/s41592-025-02718-y','Springer Nature',NULL,'https://www.nature.com/articles/s41592-025-02718-y','Nature Methods','peer-reviewed',NULL);
INSERT INTO publication VALUES(30,'Transformer-Based De Novo Peptide Sequencing for Data-Independent Acquisition Mass Spectrometry','2024-04-09','10.48550/arXiv.2402.11363','arXiv',NULL,'https://arxiv.org/abs/2402.11363','arXiv','preprint',NULL);
INSERT INTO publication VALUES(31,'pXg: Comprehensive Identification of Noncanonical MHC-I-Associated Peptides From De Novo Peptide Sequencing Using RNA-Seq Reads','2024-04-01','10.1016/j.mcpro.2024.100743','Molecular and Cellular Proteomics',NULL,'https://doi.org/10.1016/j.mcpro.2024.100743','Molecular & Cellular Proteomics','peer-reviewed',NULL);
INSERT INTO publication VALUES(32,'AdaNovo: Adaptive De Novo Peptide Sequencing with Conditional Mutual Information','2024-03-15','10.48550/arXiv.2403.07013','arXiv',NULL,'https://arxiv.org/abs/2403.07013','ICML 2024','preprint',NULL);
INSERT INTO publication VALUES(33,'Bidirectional de novo peptide sequencing using a transformer model','2024-02-28','10.1371/journal.pcbi.1011892','PLoS Computational Biology',NULL,'https://doi.org/10.1371/journal.pcbi.1011892','PLoS Computational Biology','peer-reviewed',NULL);
INSERT INTO publication VALUES(34,'Introducing π-HelixNovo for practical large-scale de novo peptide sequencing','2024-02-10','10.1093/bib/bbae021','Briefings in Bioinformatics',NULL,'https://academic.oup.com/bib/article/25/2/bbae021/7604886','Briefings in Bioinformatics','peer-reviewed',NULL);
INSERT INTO publication VALUES(35,'A learned score function improves the power of mass spectrometry database search','2024-02-07','10.1101/2024.01.26.577425','bioRxiv',NULL,'https://www.biorxiv.org/content/10.1101/2024.01.26.577425v1','bioRxiv','preprint',NULL);
INSERT INTO publication VALUES(36,'MARS an improved de novo peptide candidate selection method for non-canonical antigen target discovery in cancer','2024-01-22','10.1038/s41467-023-44460-z','Nature Communications',NULL,'https://doi.org/10.1038/s41467-023-44460-z','Nature Communications','peer-reviewed',NULL);
INSERT INTO publication VALUES(37,'Deep learning-driven fragment ion series classification enables highly precise and sensitive de novo peptide sequencing','2024-01-02','10.1038/s41467-023-44323-7','Nature Communications',NULL,'https://doi.org/10.1038/s41467-023-44323-7','Nature Communications','peer-reviewed',NULL);
INSERT INTO publication VALUES(38,'ContraNovo: A Contrastive Learning Approach to Enhance De Novo Peptide Sequencing','2024-03-24','10.1609/aaai.v38i1.27765','AAAI Press',NULL,'https://ojs.aaai.org/index.php/AAAI/article/view/27765','AAAI 2024','peer-reviewed',NULL);
INSERT INTO publication VALUES(39,'Accurate de novo peptide sequencing using fully convolutional neural networks','2023-12-02','10.1038/s41467-023-43010-x','Nature Communications',NULL,'https://doi.org/10.1038/s41467-023-43010-x','Nature Communications','peer-reviewed',NULL);
INSERT INTO publication VALUES(40,'A complete mass spectrometry-based immunopeptidomics pipeline for neoantigen identification and validation','2023-11-09','10.21203/rs.3.rs-3520814/v1','Research Square',NULL,'https://www.researchsquare.com/article/rs-3520814/v1','Research Square','preprint',NULL);
INSERT INTO publication VALUES(41,'Mitigating the missing-fragmentation problem in de novo peptide sequencing with a two-stage graph-based deep learning model','2023-10-19','10.1038/s42256-023-00738-x','Nature Machine Intelligence',NULL,'https://doi.org/10.1038/s42256-023-00738-x','Nature Machine Intelligence','peer-reviewed',NULL);
INSERT INTO publication VALUES(42,'SeqNovo: De Novo Peptide Sequencing Prediction in IoMT via Seq2Seq','2023-10-04','10.1109/JBHI.2023.3321780','IEEE Journal of Biomedical and Health Informatics',NULL,'https://ieeexplore.ieee.org/document/10271529','IEEE Journal of Biomedical and Health Informatics','peer-reviewed',NULL);
INSERT INTO publication VALUES(43,'Glycopeptide database search and de novo sequencing with PEAKS GlycanFinder enable highly sensitive glycoproteomics','2023-07-08','10.1038/s41467-023-39699-5','Nature Communications',NULL,'https://doi.org/10.1038/s41467-023-39699-5','Nature Communications','peer-reviewed',NULL);
INSERT INTO publication VALUES(44,'DpNovo: A DEEP LEARNING MODEL COMBINED WITH DYNAMIC PROGRAMMING FOR DE NOVO PEPTIDE SEQUENCING','2023-07-07',NULL,'MSc thesis',NULL,'https://uwo.scholaris.ca/items/84378bf5-f2d9-45d6-8264-10823888cb9a',NULL,'thesis',NULL);
INSERT INTO publication VALUES(45,'BiATNovo: An Attention-based Bidirectional De Novo Sequencing Framework for Data-Independent-Acquisition Mass Spectrometry','2023-05-11','10.1101/2023.05.11.540352','bioRxiv',NULL,'https://www.biorxiv.org/content/10.1101/2023.05.11.540352v2','bioRxiv','preprint',NULL);
INSERT INTO publication VALUES(46,'PGPointNovo: an efficient neural network-based tool for parallel de novo peptide sequencing','2023-04-25','10.1093/bioadv/vbad057','Bioinformatics Advances',NULL,'https://doi.org/10.1093/bioadv/vbad057','Bioinformatics Advances','peer-reviewed',NULL);
INSERT INTO publication VALUES(47,'PaSER Novor: Real-time de novo sequencing for 4D-Proteomics applications','2023-04-20',NULL,NULL,NULL,'https://www.bruker.com/en/news-and-events/news/2023/bruker-launches-de-novo-sequencing-for-immunopeptidomics.html',NULL,'preprint',NULL);
INSERT INTO publication VALUES(48,'Denovo-GCN: De Novo Peptide Sequencing by Graph Convolutional Neural Networks','2023-04-05','10.3390/app13074604','MDPI Applied Sciences',NULL,'https://doi.org/10.3390/app13074604','Applied Sciences (MDPI)','peer-reviewed',NULL);
INSERT INTO publication VALUES(49,'De novo mass spectrometry peptide sequencing with a transformer model','2022-02-07','10.1101/2022.02.07.479481','Cold Spring Harbor Laboratory',NULL,'https://www.biorxiv.org/content/10.1101/2022.02.07.479481v1','bioRxiv','preprint','v1');
INSERT INTO publication VALUES(50,'NovoRank: Refinement for De Novo Peptide Sequencing Based on Spectral Clustering and Deep Learning','2022-08-01','10.1021/acs.jproteome.4c00300','American Chemical Society',NULL,'https://pubs.acs.org/doi/10.1021/acs.jproteome.4c00300','Journal of Proteome Research','peer-reviewed',NULL);
INSERT INTO publication VALUES(51,'Uncovering Hidden Members and Functions of the Soil Microbiome Using De Novo Metaproteomics','2022-07-06','10.1021/acs.jproteome.2c00334','Journal of Proteome Research',NULL,'https://doi.org/10.1021/acs.jproteome.2c00334','Journal of Proteome Research','peer-reviewed',NULL);
INSERT INTO publication VALUES(52,'DePS: An improved deep learning model for de novo peptide sequencing','2022-03-16','10.48550/arXiv.2203.08820','arXiv',NULL,'https://arxiv.org/abs/2203.08820','arXiv','preprint',NULL);
INSERT INTO publication VALUES(53,'Deep Novo A+: Improving the Deep Learning Model for De Novo Peptide Sequencing with Additional Ion Types and Validation Set','2022-02-01','10.2174/1574893615666200204112347','Current Bioinformatics',NULL,'https://www.eurekaselect.com/article/104202','Current Bioinformatics','peer-reviewed',NULL);
INSERT INTO publication VALUES(54,'Computationally instrument-resolution-independent de novo peptide sequencing for high-resolution devices','2021-03-18','10.1038/s42256-021-00304-3','Nature Machine Intelligence',NULL,'https://doi.org/10.1038/s42256-021-00304-3','Nature Machine Intelligence','peer-reviewed',NULL);
INSERT INTO publication VALUES(55,'Personalized deep learning of individual immunopeptidomes to identify neoantigens for cancer vaccines','2020-11-16','10.1038/s42256-020-00260-4','Nature Machine Intelligence',NULL,'https://doi.org/10.1038/s42256-020-00260-4','Nature Machine Intelligence','peer-reviewed',NULL);
INSERT INTO publication VALUES(56,'De Novo Peptide Sequencing Reveals Many Cyclopeptides in the Human Gut and Other Environments','2020-01-22','10.1016/j.cels.2019.11.007','Cell Systems',NULL,'https://doi.org/10.1016/j.cels.2019.11.007','Cell Systems','peer-reviewed',NULL);
INSERT INTO publication VALUES(57,'Peptide Sequencing with Deep Learning','2020-01-01',NULL,'PhD thesis',NULL,'https://uwspace.uwaterloo.ca/items/58cef361-a66f-4fe2-a4aa-018da0c4762d',NULL,'thesis',NULL);
INSERT INTO publication VALUES(58,'pNovo 3: precise de novo peptide sequencing using a learning-to-rank framework','2019-07-24','10.1093/bioinformatics/btz366','Bioinformatics',NULL,'https://doi.org/10.1093/bioinformatics/btz366','Bioinformatics','peer-reviewed',NULL);
INSERT INTO publication VALUES(59,'DeepNovoV2: Better de novo peptide sequencing with deep learning','2019-05-22','10.48550/arXiv.1904.08514','arXiv',NULL,'https://arxiv.org/abs/1904.08514','arXiv','preprint',NULL);
INSERT INTO publication VALUES(60,'Deep learning enables de novo peptide sequencing from data-independent-acquisition mass spectrometry','2018-12-20','10.1038/s41592-018-0260-3','Nature Methods',NULL,'https://doi.org/10.1038/s41592-018-0260-3','Nature Methods','peer-reviewed',NULL);
INSERT INTO publication VALUES(61,'Postnovo: Postprocessing Enables Accurate and FDR-Controlled de Novo Peptide Sequencing','2018-10-02','10.1021/acs.jproteome.8b00278','Journal of Proteome Research',NULL,'https://doi.org/10.1021/acs.jproteome.8b00278','Journal of Proteome Research','peer-reviewed',NULL);
INSERT INTO publication VALUES(62,'De novo peptide sequencing by deep learning','2017-07-18','10.1073/pnas.1705691114','PNAS',NULL,'https://doi.org/10.1073/pnas.1705691114','PNAS','peer-reviewed',NULL);
INSERT INTO publication VALUES(64,'CausalNovo: Advancing De Novo Peptide Sequencing via a Causality-Informed Framework','2026-02-14',NULL,'OpenReview',NULL,'https://openreview.net/forum?id=55GsILa8c9','ICLR 2026','preprint',NULL);
INSERT INTO publication VALUES(65,'Sequence database searches via de novo peptide sequencing by tandem mass spectrometry','1997-06-15','10.1002/(SICI)1097-0231(19970615)11:9<1067::AID-RCM953>3.0.CO;2-L','Wiley',NULL,'https://analyticalsciencejournals.onlinelibrary.wiley.com/doi/abs/10.1002/%28SICI%291097-0231%2819970615%2911%3A9%3C1067%3A%3AAID-RCM953%3E3.0.CO%3B2-L','Rapid Communications in Mass Spectrometry','peer-reviewed',NULL);
INSERT INTO publication VALUES(66,'De novo peptide sequencing via tandem mass spectrometry','1999-01-01','10.1089/106652799318300','Mary Ann Liebert',NULL,'https://www.liebertpub.com/doi/abs/10.1089/106652799318300','Journal of Computational Biology','peer-reviewed',NULL);
INSERT INTO publication VALUES(67,'PEAKS: powerful software for peptide de novo sequencing by tandem mass spectrometry','2003-10-15','10.1002/rcm.1196','Wiley',NULL,'https://analyticalsciencejournals.onlinelibrary.wiley.com/doi/abs/10.1002/rcm.1196','Rapid Communications in Mass Spectrometry','peer-reviewed',NULL);
INSERT INTO publication VALUES(68,'PepNovo: de novo peptide sequencing via probabilistic network modeling','2005-02-15','10.1021/ac048788h','American Chemical Society',NULL,'https://pubs.acs.org/doi/abs/10.1021/ac048788h','Analytical Chemistry','peer-reviewed',NULL);
INSERT INTO publication VALUES(69,'NovoHMM: A Hidden Markov Model for de Novo Peptide Sequencing','2005-11-15','10.1021/ac0508853','American Chemical Society',NULL,'https://pubs.acs.org/doi/10.1021/ac0508853','Analytical Chemistry','peer-reviewed',NULL);
INSERT INTO publication VALUES(70,'MSNovo: A Dynamic Programming Algorithm for de Novo Peptide Sequencing via Tandem Mass Spectrometry','2007-06-15','10.1021/ac070039n','American Chemical Society',NULL,'https://pubs.acs.org/doi/10.1021/ac070039n','Analytical Chemistry','peer-reviewed',NULL);
INSERT INTO publication VALUES(71,'pNovo: De novo Peptide Sequencing and Identification Using HCD Spectra','2010-05-07','10.1021/pr100182k','American Chemical Society',NULL,'https://pubs.acs.org/doi/10.1021/pr100182k','Journal of Proteome Research','peer-reviewed',NULL);
INSERT INTO publication VALUES(72,'pNovo+: De Novo Peptide Sequencing Using Complementary HCD and ETD Tandem Mass Spectra','2013-02-01','10.1021/pr3006843','American Chemical Society',NULL,'https://pubs.acs.org/doi/10.1021/pr3006843','Journal of Proteome Research','peer-reviewed',NULL);
INSERT INTO publication VALUES(73,'Novor: Real-Time Peptide de Novo Sequencing Software','2015-06-30','10.1007/s13361-015-1204-0','Springer',NULL,'https://link.springer.com/article/10.1007/s13361-015-1204-0','Journal of the American Society for Mass Spectrometry','peer-reviewed',NULL);
INSERT INTO publication VALUES(74,'De novo peptide sequencing rescoring and FDR estimation with Winnow','2025-09-29','10.48550/arXiv.2509.24952','arXiv',NULL,'https://arxiv.org/abs/2509.24952','arXiv','preprint',NULL);
INSERT INTO publication VALUES(75,'A Comprehensive and Systematic Review for Deep Learning-Based De Novo Peptide Sequencing','2025-08-01','10.24963/ijcai.2025/1191','IJCAI',NULL,'https://www.ijcai.org/proceedings/2025/1191','IJCAI 2025','ML conference',NULL);
INSERT INTO publication VALUES(76,'Deep Learning Methods for De Novo Peptide Sequencing','2024-11-29','10.1002/mas.21919','Wiley',NULL,'https://analyticalsciencejournals.onlinelibrary.wiley.com/doi/10.1002/mas.21919','Mass Spectrometry Reviews','peer-reviewed',NULL);
INSERT INTO publication VALUES(77,'Uncovering Thousands of New Peptides with Sequence-Mask-Search Hybrid De Novo Peptide Sequencing Framework','2019-12-01','10.1074/mcp.TIR119.001656','ASBMB',NULL,'https://www.mcponline.org/article/S1535-9476(20)31650-9/fulltext','Molecular & Cellular Proteomics','peer-reviewed',NULL);
INSERT INTO publication VALUES(78,'NovoBench: Benchmarking Deep Learning-based De Novo Peptide Sequencing Methods in Proteomics','2024-06-16','10.48550/arXiv.2406.11906','arXiv',NULL,'https://arxiv.org/abs/2406.11906','NeurIPS 2024','ML conference',NULL);
INSERT INTO publication VALUES(79,'Bridging the Gap between Database Search and De Novo Peptide Sequencing with SearchNovo','2025-01-22',NULL,'OpenReview',NULL,'https://openreview.net/forum?id=SjMtxqdQ73','ICLR 2025','ML conference',NULL);
INSERT INTO publication VALUES(80,'NovoBoard: A Comprehensive Framework for Evaluating the False Discovery Rate and Accuracy of De Novo Peptide Sequencing','2024-11-01','10.1016/j.mcpro.2024.100849','ASBMB',NULL,'https://www.mcponline.org/article/S1535-9476(24)00139-7/fulltext','Molecular & Cellular Proteomics','peer-reviewed',NULL);
INSERT INTO publication VALUES(81,'Deep Learning in Proteomics','2020-07-01','10.1002/pmic.201900335','Wiley',NULL,'https://analyticalsciencejournals.onlinelibrary.wiley.com/doi/10.1002/pmic.201900335','Proteomics','peer-reviewed',NULL);
INSERT INTO publication VALUES(82,'Open-pNovo: De Novo Peptide Sequencing with Thousands of Protein Modifications','2017-01-23','10.1021/acs.jproteome.6b00716','ACS',NULL,'https://pubs.acs.org/doi/10.1021/acs.jproteome.6b00716','Journal of Proteome Research','peer-reviewed',NULL);
INSERT INTO publication VALUES(83,'pSite: Amino Acid Confidence Evaluation for Quality Control of De Novo Peptide Sequencing and Modification Site Localization','2017-12-04','10.1021/acs.jproteome.7b00428','ACS',NULL,'https://pubs.acs.org/doi/10.1021/acs.jproteome.7b00428','Journal of Proteome Research','peer-reviewed',NULL);
INSERT INTO publication VALUES(84,'Combining De Novo Peptide Sequencing Algorithms, A Synergistic Approach to Boost Both Identifications and Confidence in Bottom-up Proteomics','2017-06-14','10.1021/acs.jproteome.7b00198','ACS',NULL,'https://pubs.acs.org/doi/10.1021/acs.jproteome.7b00198','Journal of Proteome Research','peer-reviewed',NULL);
INSERT INTO publication VALUES(85,'De novo peptide sequencing using exhaustive enumeration of peptide composition','2006-08-01','10.1016/j.jasms.2006.03.007','ASMS',NULL,'https://pubs.acs.org/doi/10.1016/j.jasms.2006.03.007','Journal of the American Society for Mass Spectrometry','peer-reviewed',NULL);
INSERT INTO publication VALUES(86,'De Novo Peptide Sequencing and Identification with Precision Mass Spectrometry','2007-01-05','10.1021/pr060271u','ACS',NULL,'https://pubs.acs.org/doi/10.1021/pr060271u','Journal of Proteome Research','peer-reviewed',NULL);
INSERT INTO publication VALUES(87,'"De novo" peptide sequencing by MALDI-quadrupole-ion trap mass spectrometry: A preliminary study','2003-12-01','10.1016/S1044-0305(03)00346-5','ASMS',NULL,'https://pubs.acs.org/doi/10.1016/S1044-0305%2803%2900346-5','Journal of the American Society for Mass Spectrometry','peer-reviewed',NULL);
INSERT INTO publication VALUES(88,'De Novo Peptide Sequencing Based on a Divide-and-Conquer Algorithm and Peptide Tandem Spectrum Simulation','2004-09-15','10.1021/ac0491206','ACS',NULL,'https://pubs.acs.org/doi/10.1021/ac0491206','Analytical Chemistry','peer-reviewed',NULL);
INSERT INTO publication VALUES(89,'High-Confidence de Novo Peptide Sequencing Using Positive Charge Derivatization and Tandem MS Spectra Merging','2013-04-16','10.1021/ac4001699','ACS',NULL,'https://pubs.acs.org/doi/10.1021/ac4001699','Analytical Chemistry','peer-reviewed',NULL);
INSERT INTO publication VALUES(90,'De Novo Peptide Sequencing by Two-Dimensional Fragment Correlation Mass Spectrometry','2000-06-01','10.1021/ac000226k','ACS',NULL,'https://pubs.acs.org/doi/10.1021/ac000226k','Analytical Chemistry','peer-reviewed',NULL);
INSERT INTO publication VALUES(91,'Comprehensive de Novo Peptide Sequencing from MS/MS Pairs Generated through Complementary Collision Induced Dissociation and 351 nm Ultraviolet Photodissociation','2017-03-30','10.1021/acs.analchem.7b00130','ACS',NULL,'https://pubs.acs.org/doi/10.1021/acs.analchem.7b00130','Analytical Chemistry','peer-reviewed',NULL);
INSERT INTO publication VALUES(92,'Implementation and Uses of Automated de Novo Peptide Sequencing by Tandem Mass Spectrometry','2001-06-01','10.1021/ac001196o','ACS',NULL,'https://pubs.acs.org/doi/10.1021/ac001196o','Analytical Chemistry','peer-reviewed',NULL);
INSERT INTO publication VALUES(93,'Accounting for Digestion Enzyme Bias in Casanovo','2024-09-04','10.1021/acs.jproteome.4c00422','ACS',NULL,'https://pubs.acs.org/doi/10.1021/acs.jproteome.4c00422','Journal of Proteome Research','peer-reviewed',NULL);
INSERT INTO publication VALUES(94,'Highly Robust de Novo Full-Length Protein Sequencing','2021-11-23','10.1021/acs.analchem.1c03718','ACS',NULL,'https://pubs.acs.org/doi/10.1021/acs.analchem.1c03718','Analytical Chemistry','peer-reviewed',NULL);
INSERT INTO publication VALUES(95,'UVnovo: A de Novo Sequencing Algorithm Using Single Series of Fragment Ions via Chromophore Tagging and 351 nm Ultraviolet Photodissociation Mass Spectrometry','2016-04-26','10.1021/acs.analchem.6b00261','ACS',NULL,'https://pubs.acs.org/doi/10.1021/acs.analchem.6b00261','Analytical Chemistry','peer-reviewed',NULL);
INSERT INTO publication VALUES(96,'AbNovoBench: a resource and benchmarking platform for monoclonal antibody de novo sequencing','2026-02-02','10.64898/2026.02.02.703105','bioRxiv',NULL,'https://www.biorxiv.org/content/10.64898/2026.02.02.703105v2','bioRxiv','preprint',NULL);
INSERT INTO publication VALUES(97,'Wrangling a de novo sequencing benchmark','2024-11-12',NULL,'Springer Nature Communities',NULL,'https://communities.springernature.com/posts/wrangling-a-de-novo-sequencing-benchmark','Springer Nature Communities (Behind the Paper)','commentary',NULL);
INSERT INTO publication VALUES(98,'A multi-species benchmark for training and validating mass spectrometry proteomics machine learning models','2024-11-08','10.1038/s41597-024-04068-4','Springer Nature',NULL,'https://www.nature.com/articles/s41597-024-04068-4','Scientific Data','peer-reviewed',NULL);
INSERT INTO publication VALUES(99,'DPST: De Novo Peptide Sequencing with Amino-Acid-Aware Transformers','2022-03-23','10.48550/arXiv.2203.13132','arXiv',NULL,'https://arxiv.org/abs/2203.13132','arXiv','preprint',NULL);
INSERT INTO publication VALUES(100,'Spectrum graph-based de-novo sequencing algorithm MaxNovo achieves high peptide identification rates in collisional dissociation MS/MS spectra','2021-09-04','10.1101/2021.09.04.458985','Cold Spring Harbor Laboratory',NULL,'https://www.biorxiv.org/content/10.1101/2021.09.04.458985v1','bioRxiv','preprint',NULL);
INSERT INTO publication VALUES(101,'PEAKS DB: De Novo Sequencing Assisted Database Search for Sensitive and Accurate Peptide Identification','2012-04-01','10.1074/mcp.M111.010587','ASBMB',NULL,'https://www.mcponline.org/article/S1535-9476(20)30468-0/fulltext','Molecular & Cellular Proteomics','peer-reviewed',NULL);
INSERT INTO publication VALUES(102,'De novo mass spectrometry peptide sequencing with a transformer model','2022-07-17',NULL,'PMLR',NULL,'https://proceedings.mlr.press/v162/yilmaz22a.html','ICML 2022','ML conference','v1');
INSERT INTO publication VALUES(103,'A transformer model for de novo sequencing of data independent acquisition mass spectrometry data','2024-06-04','10.1101/2024.06.03.597251','Cold Spring Harbor Laboratory',NULL,'https://www.biorxiv.org/content/10.1101/2024.06.03.597251v1','bioRxiv','preprint',NULL);
INSERT INTO publication VALUES(104,'XA-Novo: an accurate and high-throughput mass spectrometry-based de novo sequencing technology for monoclonal antibodies and antibody mixtures','2025-02-07','10.21203/rs.3.rs-5858891/v1','Research Square',NULL,'https://www.researchsquare.com/article/rs-5858891/v1','Research Square','preprint',NULL);
INSERT INTO publication VALUES(105,'Sequence-to-sequence translation from mass spectra to peptides with a transformer model','2023-01-04','10.1101/2023.01.03.522621','Cold Spring Harbor Laboratory',NULL,'https://www.biorxiv.org/content/10.1101/2023.01.03.522621v2','bioRxiv','preprint','v2');
INSERT INTO publication VALUES(106,'Personalized deep learning of individual immunopeptidomes to identify neoantigens for cancer vaccines','2019-04-26','10.1101/620468','Cold Spring Harbor Laboratory',NULL,'https://www.biorxiv.org/content/10.1101/620468v3','bioRxiv','preprint',NULL);
INSERT INTO publication VALUES(107,'π-PrimeNovo: an accurate and efficient non-autoregressive deep learning model for de novo peptide sequencing','2024-05-17','10.1101/2024.05.17.594647','Cold Spring Harbor Laboratory',NULL,'https://www.biorxiv.org/content/10.1101/2024.05.17.594647v1','bioRxiv','preprint',NULL);
INSERT INTO publication VALUES(108,'NovoBoard: a comprehensive framework for evaluating the false discovery rate and accuracy of de novo peptide sequencing','2024-04-16','10.1101/2024.04.16.589668','Cold Spring Harbor Laboratory',NULL,'https://www.biorxiv.org/content/10.1101/2024.04.16.589668v1','bioRxiv','preprint',NULL);
INSERT INTO publication VALUES(109,'Bridging the Gap between Database Search and De Novo Peptide Sequencing with SearchNovo','2024-10-19','10.1101/2024.10.19.619186','Cold Spring Harbor Laboratory',NULL,'https://www.biorxiv.org/content/10.1101/2024.10.19.619186v1','bioRxiv','preprint',NULL);
INSERT INTO publication VALUES(110,'PepNet: A Fully Convolutional Neural Network for De novo Peptide Sequencing','2022-02-09','10.21203/rs.3.rs-1341615/v1','Research Square',NULL,'https://www.researchsquare.com/article/rs-1341615/v1','Research Square','preprint',NULL);
INSERT INTO publication VALUES(111,'Deep learning-driven fragment ion series classification enables highly precise and sensitive de novo peptide sequencing','2023-01-06','10.1101/2023.01.05.522752','Cold Spring Harbor Laboratory',NULL,'https://www.biorxiv.org/content/10.1101/2023.01.05.522752v1','bioRxiv','preprint',NULL);
INSERT INTO publication VALUES(112,'MARS: Improved De Novo Peptide Candidate Selection for Non-Canonical Antigen Target Discovery in Cancer','2022-08-04','10.21203/rs.3.rs-1890352/v1','Research Square',NULL,'https://www.researchsquare.com/article/rs-1890352/v1','Research Square','preprint',NULL);
INSERT INTO publication VALUES(113,'A multi-species benchmark for training and validating mass spectrometry proteomics machine learning models','2024-08-30','10.26434/chemrxiv-2024-z5b8m','ChemRxiv',NULL,'https://chemrxiv.org/engage/chemrxiv/article-details/66d24fef20ac769e5f672ad0','ChemRxiv','preprint',NULL);
INSERT INTO publication VALUES(114,'Introducing PandaNovo for practical large-scale de novo peptide sequencing','2023-07-16','10.1101/2023.07.15.549133','Cold Spring Harbor Laboratory',NULL,'https://www.biorxiv.org/content/10.1101/2023.07.15.549133v1','bioRxiv','preprint',NULL);
INSERT INTO publication VALUES(115,'π-MSNet: A billion-scale, AI-ready living proteomics data portal','2026-04-13','10.64898/2026.04.13.718149','bioRxiv',NULL,'https://www.biorxiv.org/content/10.64898/2026.04.13.718149v1','bioRxiv','preprint',NULL);
INSERT INTO publication VALUES(116,'Diffusion Decoding for Peptide De Novo Sequencing','2025-07-15','10.48550/arXiv.2507.10955','arXiv',NULL,'https://arxiv.org/abs/2507.10955','arXiv','preprint',NULL);
INSERT INTO publication VALUES(117,'Metaproteomics Beyond Databases: Addressing the Challenges and Potentials of De Novo Sequencing','2025-01-31','10.1002/pmic.202400321','Wiley',NULL,'https://analyticalsciencejournals.onlinelibrary.wiley.com/doi/10.1002/pmic.202400321','Proteomics','peer-reviewed',NULL);
INSERT INTO publication VALUES(118,'De novo sequencing of peptides by MS/MS','2010-02-18','10.1002/pmic.200900459','Wiley',NULL,'https://analyticalsciencejournals.onlinelibrary.wiley.com/doi/full/10.1002/pmic.200900459','Proteomics','peer-reviewed',NULL);
INSERT INTO publication VALUES(119,'De Novo Peptide Sequencing for Data-independent Acquisition (DIA) Using Deep Learning','2025-05-01','10.12794/metadc2443151','PhD thesis',NULL,'https://digital.library.unt.edu/ark:/67531/metadc2443151/','','thesis',NULL);
INSERT INTO publication VALUES(120,'Transformer-Based De Novo Peptide Sequencing for Data-Independent Acquisition Mass Spectrometry','2023-12-04','10.1109/BIBE60311.2023.00013','IEEE',NULL,'https://ieeexplore.ieee.org/document/10431866','2023 IEEE 23rd International Conference on Bioinformatics and Bioengineering (BIBE)','peer-reviewed',NULL);
INSERT INTO publication VALUES(121,'Deep Active Learning for De Novo Peptide Sequencing from Data-independent-acquisition Mass Spectrometry','2022-07-22',NULL,NULL,NULL,'https://icml-compbio.github.io/icml-website-2022/2022/papers/WCBICML2022_paper_60.pdf','ICML 2022 Workshop on Computational Biology','ML conference',NULL);
INSERT INTO publication VALUES(122,'Zero-shot de novo peptide sequencing with open posttranslational modification discovery','2026-05-19','10.1038/s41587-026-03116-1','Springer Nature',NULL,'https://www.nature.com/articles/s41587-026-03116-1','Nature Biotechnology','peer-reviewed',NULL);
INSERT INTO publication VALUES(123,'Antilope—A Lagrangian Relaxation Approach to the de novo Peptide Sequencing Problem','2012-03-01','10.1109/TCBB.2011.59','IEEE',NULL,'https://ieeexplore.ieee.org/document/5740842','IEEE/ACM Transactions on Computational Biology and Bioinformatics','peer-reviewed',NULL);
INSERT INTO publication VALUES(124,'Evaluating de novo sequencing in proteomics: already an accurate alternative to database-driven peptide identification?','2017-03-21','10.1093/bib/bbx033','Oxford University Press',NULL,'https://academic.oup.com/bib/article/19/5/954/3076504','Briefings in Bioinformatics','peer-reviewed',NULL);
INSERT INTO publication VALUES(125,'PowerNovo2: A generative flow-based approach to non-autoregressive de novo peptide sequencing','2026-05-20','10.1371/journal.pcbi.1014298','Public Library of Science (PLoS)',NULL,'https://journals.plos.org/ploscompbiol/article?id=10.1371/journal.pcbi.1014298','PLOS Computational Biology','peer-reviewed',NULL);
INSERT INTO publication VALUES(126,'pUniFind: a unified large pre-trained deep learning model pushing the limit of mass spectra interpretation','2025-06-30','10.48550/arXiv.2507.00087','arXiv',NULL,'https://arxiv.org/abs/2507.00087','arXiv','preprint',NULL);
INSERT INTO publication VALUES(127,'A large-scale unified deep learning model for peptide mass spectrum interpretation trained on multimodal data','2026-05-25','10.1038/s42256-026-01234-8','Springer Nature',NULL,'https://www.nature.com/articles/s42256-026-01234-8','Nature Machine Intelligence','peer-reviewed',NULL);
CREATE TABLE publication_algorithm (
    publication_id INTEGER NOT NULL,
    algorithm_id INTEGER NOT NULL,
    PRIMARY KEY (publication_id, algorithm_id),
    FOREIGN KEY (publication_id) REFERENCES publication(id)
        ON DELETE CASCADE,
    FOREIGN KEY (algorithm_id) REFERENCES algorithm(id)
        ON DELETE CASCADE
);
INSERT INTO publication_algorithm VALUES(1,1);
INSERT INTO publication_algorithm VALUES(1,2);
INSERT INTO publication_algorithm VALUES(2,1);
INSERT INTO publication_algorithm VALUES(2,2);
INSERT INTO publication_algorithm VALUES(3,3);
INSERT INTO publication_algorithm VALUES(4,4);
INSERT INTO publication_algorithm VALUES(5,5);
INSERT INTO publication_algorithm VALUES(6,6);
INSERT INTO publication_algorithm VALUES(7,7);
INSERT INTO publication_algorithm VALUES(8,8);
INSERT INTO publication_algorithm VALUES(9,9);
INSERT INTO publication_algorithm VALUES(10,10);
INSERT INTO publication_algorithm VALUES(11,22);
INSERT INTO publication_algorithm VALUES(12,12);
INSERT INTO publication_algorithm VALUES(13,13);
INSERT INTO publication_algorithm VALUES(14,14);
INSERT INTO publication_algorithm VALUES(15,15);
INSERT INTO publication_algorithm VALUES(16,16);
INSERT INTO publication_algorithm VALUES(17,17);
INSERT INTO publication_algorithm VALUES(18,18);
INSERT INTO publication_algorithm VALUES(19,19);
INSERT INTO publication_algorithm VALUES(21,20);
INSERT INTO publication_algorithm VALUES(22,21);
INSERT INTO publication_algorithm VALUES(23,22);
INSERT INTO publication_algorithm VALUES(24,23);
INSERT INTO publication_algorithm VALUES(25,24);
INSERT INTO publication_algorithm VALUES(27,25);
INSERT INTO publication_algorithm VALUES(28,26);
INSERT INTO publication_algorithm VALUES(29,27);
INSERT INTO publication_algorithm VALUES(30,28);
INSERT INTO publication_algorithm VALUES(31,29);
INSERT INTO publication_algorithm VALUES(32,30);
INSERT INTO publication_algorithm VALUES(33,31);
INSERT INTO publication_algorithm VALUES(34,32);
INSERT INTO publication_algorithm VALUES(35,33);
INSERT INTO publication_algorithm VALUES(36,34);
INSERT INTO publication_algorithm VALUES(37,35);
INSERT INTO publication_algorithm VALUES(38,36);
INSERT INTO publication_algorithm VALUES(39,37);
INSERT INTO publication_algorithm VALUES(40,38);
INSERT INTO publication_algorithm VALUES(41,39);
INSERT INTO publication_algorithm VALUES(42,40);
INSERT INTO publication_algorithm VALUES(43,41);
INSERT INTO publication_algorithm VALUES(44,42);
INSERT INTO publication_algorithm VALUES(45,43);
INSERT INTO publication_algorithm VALUES(46,44);
INSERT INTO publication_algorithm VALUES(47,45);
INSERT INTO publication_algorithm VALUES(48,46);
INSERT INTO publication_algorithm VALUES(50,47);
INSERT INTO publication_algorithm VALUES(51,48);
INSERT INTO publication_algorithm VALUES(52,49);
INSERT INTO publication_algorithm VALUES(53,50);
INSERT INTO publication_algorithm VALUES(54,51);
INSERT INTO publication_algorithm VALUES(55,52);
INSERT INTO publication_algorithm VALUES(56,53);
INSERT INTO publication_algorithm VALUES(58,54);
INSERT INTO publication_algorithm VALUES(59,55);
INSERT INTO publication_algorithm VALUES(60,56);
INSERT INTO publication_algorithm VALUES(61,57);
INSERT INTO publication_algorithm VALUES(62,58);
INSERT INTO publication_algorithm VALUES(49,12);
INSERT INTO publication_algorithm VALUES(64,59);
INSERT INTO publication_algorithm VALUES(26,12);
INSERT INTO publication_algorithm VALUES(65,60);
INSERT INTO publication_algorithm VALUES(66,61);
INSERT INTO publication_algorithm VALUES(67,62);
INSERT INTO publication_algorithm VALUES(68,63);
INSERT INTO publication_algorithm VALUES(69,64);
INSERT INTO publication_algorithm VALUES(70,65);
INSERT INTO publication_algorithm VALUES(71,66);
INSERT INTO publication_algorithm VALUES(72,67);
INSERT INTO publication_algorithm VALUES(73,68);
INSERT INTO publication_algorithm VALUES(74,69);
INSERT INTO publication_algorithm VALUES(75,70);
INSERT INTO publication_algorithm VALUES(76,71);
INSERT INTO publication_algorithm VALUES(77,72);
INSERT INTO publication_algorithm VALUES(78,73);
INSERT INTO publication_algorithm VALUES(79,74);
INSERT INTO publication_algorithm VALUES(80,75);
INSERT INTO publication_algorithm VALUES(81,76);
INSERT INTO publication_algorithm VALUES(82,77);
INSERT INTO publication_algorithm VALUES(83,78);
INSERT INTO publication_algorithm VALUES(84,79);
INSERT INTO publication_algorithm VALUES(85,80);
INSERT INTO publication_algorithm VALUES(86,63);
INSERT INTO publication_algorithm VALUES(87,81);
INSERT INTO publication_algorithm VALUES(88,82);
INSERT INTO publication_algorithm VALUES(89,83);
INSERT INTO publication_algorithm VALUES(90,84);
INSERT INTO publication_algorithm VALUES(91,86);
INSERT INTO publication_algorithm VALUES(92,60);
INSERT INTO publication_algorithm VALUES(93,12);
INSERT INTO publication_algorithm VALUES(94,85);
INSERT INTO publication_algorithm VALUES(95,86);
INSERT INTO publication_algorithm VALUES(96,87);
INSERT INTO publication_algorithm VALUES(97,88);
INSERT INTO publication_algorithm VALUES(98,89);
INSERT INTO publication_algorithm VALUES(20,9);
INSERT INTO publication_algorithm VALUES(57,51);
INSERT INTO publication_algorithm VALUES(99,90);
INSERT INTO publication_algorithm VALUES(100,91);
INSERT INTO publication_algorithm VALUES(101,92);
INSERT INTO publication_algorithm VALUES(102,12);
INSERT INTO publication_algorithm VALUES(103,27);
INSERT INTO publication_algorithm VALUES(104,19);
INSERT INTO publication_algorithm VALUES(105,12);
INSERT INTO publication_algorithm VALUES(106,52);
INSERT INTO publication_algorithm VALUES(107,20);
INSERT INTO publication_algorithm VALUES(108,75);
INSERT INTO publication_algorithm VALUES(109,74);
INSERT INTO publication_algorithm VALUES(110,37);
INSERT INTO publication_algorithm VALUES(111,35);
INSERT INTO publication_algorithm VALUES(112,34);
INSERT INTO publication_algorithm VALUES(113,89);
INSERT INTO publication_algorithm VALUES(114,32);
INSERT INTO publication_algorithm VALUES(115,93);
INSERT INTO publication_algorithm VALUES(116,94);
INSERT INTO publication_algorithm VALUES(117,95);
INSERT INTO publication_algorithm VALUES(118,96);
INSERT INTO publication_algorithm VALUES(119,98);
INSERT INTO publication_algorithm VALUES(119,28);
INSERT INTO publication_algorithm VALUES(119,97);
INSERT INTO publication_algorithm VALUES(120,28);
INSERT INTO publication_algorithm VALUES(121,98);
INSERT INTO publication_algorithm VALUES(122,14);
INSERT INTO publication_algorithm VALUES(123,101);
INSERT INTO publication_algorithm VALUES(124,102);
INSERT INTO publication_algorithm VALUES(125,100);
INSERT INTO publication_algorithm VALUES(126,103);
INSERT INTO publication_algorithm VALUES(127,103);
CREATE TABLE publication_author (
    publication_id INTEGER NOT NULL,
    author_id INTEGER NOT NULL,
    author_order INTEGER NOT NULL,
    PRIMARY KEY (publication_id, author_id),
    FOREIGN KEY (publication_id) REFERENCES publication(id)
        ON DELETE CASCADE,
    FOREIGN KEY (author_id) REFERENCES author(id)
        ON DELETE CASCADE
);
INSERT INTO publication_author VALUES(1,1,1);
INSERT INTO publication_author VALUES(1,2,2);
INSERT INTO publication_author VALUES(1,4,3);
INSERT INTO publication_author VALUES(1,3,4);
INSERT INTO publication_author VALUES(1,7,5);
INSERT INTO publication_author VALUES(1,8,6);
INSERT INTO publication_author VALUES(1,9,7);
INSERT INTO publication_author VALUES(1,10,8);
INSERT INTO publication_author VALUES(1,11,9);
INSERT INTO publication_author VALUES(1,12,10);
INSERT INTO publication_author VALUES(1,13,11);
INSERT INTO publication_author VALUES(1,14,12);
INSERT INTO publication_author VALUES(1,15,13);
INSERT INTO publication_author VALUES(1,16,14);
INSERT INTO publication_author VALUES(1,17,15);
INSERT INTO publication_author VALUES(1,18,16);
INSERT INTO publication_author VALUES(1,19,17);
INSERT INTO publication_author VALUES(2,1,1);
INSERT INTO publication_author VALUES(2,2,2);
INSERT INTO publication_author VALUES(2,3,3);
INSERT INTO publication_author VALUES(2,4,4);
INSERT INTO publication_author VALUES(2,5,5);
INSERT INTO publication_author VALUES(2,6,6);
INSERT INTO publication_author VALUES(2,7,7);
INSERT INTO publication_author VALUES(2,8,8);
INSERT INTO publication_author VALUES(2,9,9);
INSERT INTO publication_author VALUES(2,10,10);
INSERT INTO publication_author VALUES(2,11,11);
INSERT INTO publication_author VALUES(2,12,12);
INSERT INTO publication_author VALUES(2,13,13);
INSERT INTO publication_author VALUES(2,14,14);
INSERT INTO publication_author VALUES(2,15,15);
INSERT INTO publication_author VALUES(2,16,16);
INSERT INTO publication_author VALUES(2,17,17);
INSERT INTO publication_author VALUES(2,18,18);
INSERT INTO publication_author VALUES(2,19,19);
INSERT INTO publication_author VALUES(3,20,1);
INSERT INTO publication_author VALUES(3,21,2);
INSERT INTO publication_author VALUES(3,5,3);
INSERT INTO publication_author VALUES(3,22,4);
INSERT INTO publication_author VALUES(3,3,5);
INSERT INTO publication_author VALUES(3,1,6);
INSERT INTO publication_author VALUES(3,23,7);
INSERT INTO publication_author VALUES(3,24,8);
INSERT INTO publication_author VALUES(3,25,9);
INSERT INTO publication_author VALUES(3,26,10);
INSERT INTO publication_author VALUES(3,27,11);
INSERT INTO publication_author VALUES(3,28,12);
INSERT INTO publication_author VALUES(3,18,13);
INSERT INTO publication_author VALUES(3,14,14);
INSERT INTO publication_author VALUES(3,29,15);
INSERT INTO publication_author VALUES(3,15,16);
INSERT INTO publication_author VALUES(3,30,17);
INSERT INTO publication_author VALUES(3,19,18);
INSERT INTO publication_author VALUES(3,2,19);
INSERT INTO publication_author VALUES(4,31,1);
INSERT INTO publication_author VALUES(4,32,2);
INSERT INTO publication_author VALUES(4,33,3);
INSERT INTO publication_author VALUES(4,34,4);
INSERT INTO publication_author VALUES(5,35,1);
INSERT INTO publication_author VALUES(5,36,2);
INSERT INTO publication_author VALUES(5,37,3);
INSERT INTO publication_author VALUES(5,38,4);
INSERT INTO publication_author VALUES(5,39,5);
INSERT INTO publication_author VALUES(5,40,6);
INSERT INTO publication_author VALUES(5,41,7);
INSERT INTO publication_author VALUES(5,42,8);
INSERT INTO publication_author VALUES(5,43,9);
INSERT INTO publication_author VALUES(5,44,10);
INSERT INTO publication_author VALUES(5,45,11);
INSERT INTO publication_author VALUES(5,46,12);
INSERT INTO publication_author VALUES(5,47,13);
INSERT INTO publication_author VALUES(5,48,14);
INSERT INTO publication_author VALUES(5,49,15);
INSERT INTO publication_author VALUES(5,50,16);
INSERT INTO publication_author VALUES(5,51,17);
INSERT INTO publication_author VALUES(6,52,1);
INSERT INTO publication_author VALUES(6,53,2);
INSERT INTO publication_author VALUES(6,54,3);
INSERT INTO publication_author VALUES(7,55,1);
INSERT INTO publication_author VALUES(7,56,2);
INSERT INTO publication_author VALUES(7,57,3);
INSERT INTO publication_author VALUES(8,58,1);
INSERT INTO publication_author VALUES(8,59,2);
INSERT INTO publication_author VALUES(8,60,3);
INSERT INTO publication_author VALUES(8,61,4);
INSERT INTO publication_author VALUES(8,62,5);
INSERT INTO publication_author VALUES(8,63,6);
INSERT INTO publication_author VALUES(8,64,7);
INSERT INTO publication_author VALUES(8,65,8);
INSERT INTO publication_author VALUES(8,66,9);
INSERT INTO publication_author VALUES(8,67,10);
INSERT INTO publication_author VALUES(8,68,11);
INSERT INTO publication_author VALUES(8,69,12);
INSERT INTO publication_author VALUES(8,70,13);
INSERT INTO publication_author VALUES(8,71,14);
INSERT INTO publication_author VALUES(8,72,15);
INSERT INTO publication_author VALUES(8,73,16);
INSERT INTO publication_author VALUES(9,62,1);
INSERT INTO publication_author VALUES(9,66,2);
INSERT INTO publication_author VALUES(9,67,3);
INSERT INTO publication_author VALUES(9,63,4);
INSERT INTO publication_author VALUES(9,74,5);
INSERT INTO publication_author VALUES(9,60,6);
INSERT INTO publication_author VALUES(9,75,7);
INSERT INTO publication_author VALUES(9,73,8);
INSERT INTO publication_author VALUES(10,76,1);
INSERT INTO publication_author VALUES(10,77,2);
INSERT INTO publication_author VALUES(10,78,3);
INSERT INTO publication_author VALUES(10,79,4);
INSERT INTO publication_author VALUES(10,80,5);
INSERT INTO publication_author VALUES(10,81,6);
INSERT INTO publication_author VALUES(10,33,7);
INSERT INTO publication_author VALUES(10,82,8);
INSERT INTO publication_author VALUES(11,83,1);
INSERT INTO publication_author VALUES(12,84,1);
INSERT INTO publication_author VALUES(12,85,2);
INSERT INTO publication_author VALUES(12,86,3);
INSERT INTO publication_author VALUES(12,87,4);
INSERT INTO publication_author VALUES(12,76,5);
INSERT INTO publication_author VALUES(12,88,6);
INSERT INTO publication_author VALUES(12,89,7);
INSERT INTO publication_author VALUES(12,90,8);
INSERT INTO publication_author VALUES(12,91,9);
INSERT INTO publication_author VALUES(12,92,10);
INSERT INTO publication_author VALUES(12,93,11);
INSERT INTO publication_author VALUES(12,94,12);
INSERT INTO publication_author VALUES(12,95,13);
INSERT INTO publication_author VALUES(12,96,14);
INSERT INTO publication_author VALUES(13,97,1);
INSERT INTO publication_author VALUES(13,98,2);
INSERT INTO publication_author VALUES(13,99,3);
INSERT INTO publication_author VALUES(14,100,1);
INSERT INTO publication_author VALUES(14,101,2);
INSERT INTO publication_author VALUES(14,102,3);
INSERT INTO publication_author VALUES(14,103,4);
INSERT INTO publication_author VALUES(14,104,5);
INSERT INTO publication_author VALUES(14,105,6);
INSERT INTO publication_author VALUES(14,106,7);
INSERT INTO publication_author VALUES(14,107,8);
INSERT INTO publication_author VALUES(15,108,1);
INSERT INTO publication_author VALUES(15,62,2);
INSERT INTO publication_author VALUES(15,109,3);
INSERT INTO publication_author VALUES(15,66,4);
INSERT INTO publication_author VALUES(15,110,5);
INSERT INTO publication_author VALUES(15,111,6);
INSERT INTO publication_author VALUES(15,112,7);
INSERT INTO publication_author VALUES(15,113,8);
INSERT INTO publication_author VALUES(15,114,9);
INSERT INTO publication_author VALUES(15,75,10);
INSERT INTO publication_author VALUES(15,60,11);
INSERT INTO publication_author VALUES(15,73,12);
INSERT INTO publication_author VALUES(15,71,13);
INSERT INTO publication_author VALUES(16,62,1);
INSERT INTO publication_author VALUES(16,66,2);
INSERT INTO publication_author VALUES(16,67,3);
INSERT INTO publication_author VALUES(16,63,4);
INSERT INTO publication_author VALUES(16,75,5);
INSERT INTO publication_author VALUES(16,60,6);
INSERT INTO publication_author VALUES(16,73,7);
INSERT INTO publication_author VALUES(17,115,1);
INSERT INTO publication_author VALUES(17,116,2);
INSERT INTO publication_author VALUES(17,117,3);
INSERT INTO publication_author VALUES(17,118,4);
INSERT INTO publication_author VALUES(17,119,5);
INSERT INTO publication_author VALUES(17,120,6);
INSERT INTO publication_author VALUES(18,121,1);
INSERT INTO publication_author VALUES(18,122,2);
INSERT INTO publication_author VALUES(18,123,3);
INSERT INTO publication_author VALUES(18,124,4);
INSERT INTO publication_author VALUES(18,125,5);
INSERT INTO publication_author VALUES(18,126,6);
INSERT INTO publication_author VALUES(18,127,7);
INSERT INTO publication_author VALUES(18,128,8);
INSERT INTO publication_author VALUES(19,129,1);
INSERT INTO publication_author VALUES(19,130,2);
INSERT INTO publication_author VALUES(19,131,3);
INSERT INTO publication_author VALUES(19,132,4);
INSERT INTO publication_author VALUES(19,133,5);
INSERT INTO publication_author VALUES(19,134,6);
INSERT INTO publication_author VALUES(19,135,7);
INSERT INTO publication_author VALUES(19,136,8);
INSERT INTO publication_author VALUES(19,137,9);
INSERT INTO publication_author VALUES(19,138,10);
INSERT INTO publication_author VALUES(19,139,11);
INSERT INTO publication_author VALUES(19,140,12);
INSERT INTO publication_author VALUES(19,141,13);
INSERT INTO publication_author VALUES(19,142,14);
INSERT INTO publication_author VALUES(20,62,1);
INSERT INTO publication_author VALUES(20,66,2);
INSERT INTO publication_author VALUES(20,67,3);
INSERT INTO publication_author VALUES(20,63,4);
INSERT INTO publication_author VALUES(20,74,5);
INSERT INTO publication_author VALUES(20,60,6);
INSERT INTO publication_author VALUES(20,75,7);
INSERT INTO publication_author VALUES(20,73,8);
INSERT INTO publication_author VALUES(21,62,1);
INSERT INTO publication_author VALUES(21,143,2);
INSERT INTO publication_author VALUES(21,74,3);
INSERT INTO publication_author VALUES(21,63,4);
INSERT INTO publication_author VALUES(21,60,5);
INSERT INTO publication_author VALUES(21,144,6);
INSERT INTO publication_author VALUES(21,67,7);
INSERT INTO publication_author VALUES(21,75,8);
INSERT INTO publication_author VALUES(21,145,9);
INSERT INTO publication_author VALUES(21,146,10);
INSERT INTO publication_author VALUES(21,147,11);
INSERT INTO publication_author VALUES(21,148,12);
INSERT INTO publication_author VALUES(21,149,13);
INSERT INTO publication_author VALUES(21,150,14);
INSERT INTO publication_author VALUES(21,151,15);
INSERT INTO publication_author VALUES(21,73,16);
INSERT INTO publication_author VALUES(22,55,1);
INSERT INTO publication_author VALUES(22,57,2);
INSERT INTO publication_author VALUES(22,56,3);
INSERT INTO publication_author VALUES(22,152,4);
INSERT INTO publication_author VALUES(22,153,5);
INSERT INTO publication_author VALUES(22,154,6);
INSERT INTO publication_author VALUES(22,155,7);
INSERT INTO publication_author VALUES(22,156,8);
INSERT INTO publication_author VALUES(22,157,9);
INSERT INTO publication_author VALUES(23,83,1);
INSERT INTO publication_author VALUES(23,100,2);
INSERT INTO publication_author VALUES(23,158,3);
INSERT INTO publication_author VALUES(23,159,4);
INSERT INTO publication_author VALUES(23,105,5);
INSERT INTO publication_author VALUES(23,252,6);
INSERT INTO publication_author VALUES(23,161,7);
INSERT INTO publication_author VALUES(23,107,8);
INSERT INTO publication_author VALUES(24,67,1);
INSERT INTO publication_author VALUES(24,66,2);
INSERT INTO publication_author VALUES(24,62,3);
INSERT INTO publication_author VALUES(24,63,4);
INSERT INTO publication_author VALUES(24,162,5);
INSERT INTO publication_author VALUES(24,74,6);
INSERT INTO publication_author VALUES(24,60,7);
INSERT INTO publication_author VALUES(24,75,8);
INSERT INTO publication_author VALUES(24,73,9);
INSERT INTO publication_author VALUES(25,163,1);
INSERT INTO publication_author VALUES(25,164,2);
INSERT INTO publication_author VALUES(25,143,3);
INSERT INTO publication_author VALUES(25,151,4);
INSERT INTO publication_author VALUES(25,165,5);
INSERT INTO publication_author VALUES(25,166,6);
INSERT INTO publication_author VALUES(25,167,7);
INSERT INTO publication_author VALUES(26,92,1);
INSERT INTO publication_author VALUES(26,86,2);
INSERT INTO publication_author VALUES(26,95,3);
INSERT INTO publication_author VALUES(26,168,5);
INSERT INTO publication_author VALUES(26,85,6);
INSERT INTO publication_author VALUES(26,94,7);
INSERT INTO publication_author VALUES(26,96,8);
INSERT INTO publication_author VALUES(27,169,1);
INSERT INTO publication_author VALUES(28,170,1);
INSERT INTO publication_author VALUES(28,171,2);
INSERT INTO publication_author VALUES(28,172,3);
INSERT INTO publication_author VALUES(28,173,4);
INSERT INTO publication_author VALUES(28,174,5);
INSERT INTO publication_author VALUES(28,175,6);
INSERT INTO publication_author VALUES(28,176,7);
INSERT INTO publication_author VALUES(28,177,8);
INSERT INTO publication_author VALUES(29,89,1);
INSERT INTO publication_author VALUES(29,90,2);
INSERT INTO publication_author VALUES(29,178,3);
INSERT INTO publication_author VALUES(29,179,4);
INSERT INTO publication_author VALUES(29,180,6);
INSERT INTO publication_author VALUES(29,94,7);
INSERT INTO publication_author VALUES(29,93,8);
INSERT INTO publication_author VALUES(29,96,9);
INSERT INTO publication_author VALUES(30,97,1);
INSERT INTO publication_author VALUES(30,99,2);
INSERT INTO publication_author VALUES(31,181,1);
INSERT INTO publication_author VALUES(31,182,2);
INSERT INTO publication_author VALUES(32,57,1);
INSERT INTO publication_author VALUES(32,55,2);
INSERT INTO publication_author VALUES(32,56,3);
INSERT INTO publication_author VALUES(32,143,4);
INSERT INTO publication_author VALUES(32,156,5);
INSERT INTO publication_author VALUES(32,183,6);
INSERT INTO publication_author VALUES(32,157,7);
INSERT INTO publication_author VALUES(33,184,1);
INSERT INTO publication_author VALUES(33,185,2);
INSERT INTO publication_author VALUES(34,165,1);
INSERT INTO publication_author VALUES(34,143,2);
INSERT INTO publication_author VALUES(34,144,3);
INSERT INTO publication_author VALUES(34,164,4);
INSERT INTO publication_author VALUES(34,186,5);
INSERT INTO publication_author VALUES(34,187,6);
INSERT INTO publication_author VALUES(34,166,7);
INSERT INTO publication_author VALUES(34,167,8);
INSERT INTO publication_author VALUES(34,147,9);
INSERT INTO publication_author VALUES(34,188,10);
INSERT INTO publication_author VALUES(34,163,11);
INSERT INTO publication_author VALUES(34,151,12);
INSERT INTO publication_author VALUES(35,85,1);
INSERT INTO publication_author VALUES(35,89,2);
INSERT INTO publication_author VALUES(35,92,3);
INSERT INTO publication_author VALUES(35,94,4);
INSERT INTO publication_author VALUES(35,96,5);
INSERT INTO publication_author VALUES(36,189,1);
INSERT INTO publication_author VALUES(36,190,2);
INSERT INTO publication_author VALUES(36,191,3);
INSERT INTO publication_author VALUES(36,192,4);
INSERT INTO publication_author VALUES(36,193,5);
INSERT INTO publication_author VALUES(36,194,6);
INSERT INTO publication_author VALUES(36,195,7);
INSERT INTO publication_author VALUES(36,196,8);
INSERT INTO publication_author VALUES(36,197,9);
INSERT INTO publication_author VALUES(36,198,10);
INSERT INTO publication_author VALUES(36,199,11);
INSERT INTO publication_author VALUES(36,200,12);
INSERT INTO publication_author VALUES(36,201,13);
INSERT INTO publication_author VALUES(36,202,14);
INSERT INTO publication_author VALUES(36,203,15);
INSERT INTO publication_author VALUES(37,76,1);
INSERT INTO publication_author VALUES(37,204,2);
INSERT INTO publication_author VALUES(37,205,3);
INSERT INTO publication_author VALUES(37,206,4);
INSERT INTO publication_author VALUES(37,33,5);
INSERT INTO publication_author VALUES(37,82,6);
INSERT INTO publication_author VALUES(38,74,1);
INSERT INTO publication_author VALUES(38,63,2);
INSERT INTO publication_author VALUES(38,62,3);
INSERT INTO publication_author VALUES(38,143,4);
INSERT INTO publication_author VALUES(38,75,5);
INSERT INTO publication_author VALUES(38,150,6);
INSERT INTO publication_author VALUES(38,60,7);
INSERT INTO publication_author VALUES(38,151,8);
INSERT INTO publication_author VALUES(38,73,9);
INSERT INTO publication_author VALUES(39,207,1);
INSERT INTO publication_author VALUES(39,208,2);
INSERT INTO publication_author VALUES(39,209,3);
INSERT INTO publication_author VALUES(39,210,4);
INSERT INTO publication_author VALUES(40,107,1);
INSERT INTO publication_author VALUES(40,211,2);
INSERT INTO publication_author VALUES(41,100,1);
INSERT INTO publication_author VALUES(41,158,2);
INSERT INTO publication_author VALUES(41,105,3);
INSERT INTO publication_author VALUES(41,107,4);
INSERT INTO publication_author VALUES(42,212,1);
INSERT INTO publication_author VALUES(42,213,2);
INSERT INTO publication_author VALUES(43,214,1);
INSERT INTO publication_author VALUES(43,104,2);
INSERT INTO publication_author VALUES(44,215,1);
INSERT INTO publication_author VALUES(46,220,1);
INSERT INTO publication_author VALUES(46,221,2);
INSERT INTO publication_author VALUES(46,222,3);
INSERT INTO publication_author VALUES(46,223,4);
INSERT INTO publication_author VALUES(46,224,5);
INSERT INTO publication_author VALUES(46,225,6);
INSERT INTO publication_author VALUES(46,226,7);
INSERT INTO publication_author VALUES(46,227,8);
INSERT INTO publication_author VALUES(47,228,1);
INSERT INTO publication_author VALUES(47,229,2);
INSERT INTO publication_author VALUES(47,230,3);
INSERT INTO publication_author VALUES(47,231,4);
INSERT INTO publication_author VALUES(47,232,5);
INSERT INTO publication_author VALUES(47,233,6);
INSERT INTO publication_author VALUES(47,234,7);
INSERT INTO publication_author VALUES(47,235,8);
INSERT INTO publication_author VALUES(48,41,1);
INSERT INTO publication_author VALUES(48,62,2);
INSERT INTO publication_author VALUES(48,236,3);
INSERT INTO publication_author VALUES(48,49,4);
INSERT INTO publication_author VALUES(49,92,1);
INSERT INTO publication_author VALUES(49,86,2);
INSERT INTO publication_author VALUES(49,95,3);
INSERT INTO publication_author VALUES(49,94,4);
INSERT INTO publication_author VALUES(49,96,5);
INSERT INTO publication_author VALUES(50,237,1);
INSERT INTO publication_author VALUES(50,181,2);
INSERT INTO publication_author VALUES(50,182,3);
INSERT INTO publication_author VALUES(51,238,1);
INSERT INTO publication_author VALUES(51,239,2);
INSERT INTO publication_author VALUES(52,240,1);
INSERT INTO publication_author VALUES(52,241,2);
INSERT INTO publication_author VALUES(52,242,3);
INSERT INTO publication_author VALUES(52,243,4);
INSERT INTO publication_author VALUES(52,244,5);
INSERT INTO publication_author VALUES(52,245,6);
INSERT INTO publication_author VALUES(52,246,7);
INSERT INTO publication_author VALUES(52,247,8);
INSERT INTO publication_author VALUES(53,248,1);
INSERT INTO publication_author VALUES(53,249,2);
INSERT INTO publication_author VALUES(54,250,1);
INSERT INTO publication_author VALUES(54,211,2);
INSERT INTO publication_author VALUES(55,211,1);
INSERT INTO publication_author VALUES(55,250,2);
INSERT INTO publication_author VALUES(55,105,3);
INSERT INTO publication_author VALUES(55,251,4);
INSERT INTO publication_author VALUES(55,252,5);
INSERT INTO publication_author VALUES(55,107,6);
INSERT INTO publication_author VALUES(56,253,1);
INSERT INTO publication_author VALUES(56,254,2);
INSERT INTO publication_author VALUES(57,250,1);
INSERT INTO publication_author VALUES(58,255,1);
INSERT INTO publication_author VALUES(58,40,2);
INSERT INTO publication_author VALUES(58,256,3);
INSERT INTO publication_author VALUES(58,257,4);
INSERT INTO publication_author VALUES(58,258,5);
INSERT INTO publication_author VALUES(59,250,1);
INSERT INTO publication_author VALUES(59,211,2);
INSERT INTO publication_author VALUES(59,105,3);
INSERT INTO publication_author VALUES(59,252,4);
INSERT INTO publication_author VALUES(59,107,5);
INSERT INTO publication_author VALUES(59,161,6);
INSERT INTO publication_author VALUES(60,211,1);
INSERT INTO publication_author VALUES(60,250,2);
INSERT INTO publication_author VALUES(61,259,1);
INSERT INTO publication_author VALUES(61,260,2);
INSERT INTO publication_author VALUES(61,261,3);
INSERT INTO publication_author VALUES(62,211,1);
INSERT INTO publication_author VALUES(62,262,2);
INSERT INTO publication_author VALUES(62,105,3);
INSERT INTO publication_author VALUES(62,252,4);
INSERT INTO publication_author VALUES(62,107,5);
INSERT INTO publication_author VALUES(64,115,1);
INSERT INTO publication_author VALUES(64,116,2);
INSERT INTO publication_author VALUES(64,263,3);
INSERT INTO publication_author VALUES(64,264,4);
INSERT INTO publication_author VALUES(64,119,5);
INSERT INTO publication_author VALUES(64,120,6);
INSERT INTO publication_author VALUES(65,265,1);
INSERT INTO publication_author VALUES(65,266,2);
INSERT INTO publication_author VALUES(66,267,1);
INSERT INTO publication_author VALUES(66,268,2);
INSERT INTO publication_author VALUES(66,269,3);
INSERT INTO publication_author VALUES(66,270,4);
INSERT INTO publication_author VALUES(66,271,5);
INSERT INTO publication_author VALUES(67,234,1);
INSERT INTO publication_author VALUES(67,272,2);
INSERT INTO publication_author VALUES(67,273,3);
INSERT INTO publication_author VALUES(67,274,4);
INSERT INTO publication_author VALUES(67,107,5);
INSERT INTO publication_author VALUES(67,275,6);
INSERT INTO publication_author VALUES(67,276,7);
INSERT INTO publication_author VALUES(68,277,1);
INSERT INTO publication_author VALUES(68,271,2);
INSERT INTO publication_author VALUES(69,278,1);
INSERT INTO publication_author VALUES(69,279,2);
INSERT INTO publication_author VALUES(69,280,3);
INSERT INTO publication_author VALUES(69,281,4);
INSERT INTO publication_author VALUES(69,282,5);
INSERT INTO publication_author VALUES(69,283,6);
INSERT INTO publication_author VALUES(69,284,7);
INSERT INTO publication_author VALUES(69,285,8);
INSERT INTO publication_author VALUES(70,286,1);
INSERT INTO publication_author VALUES(70,287,2);
INSERT INTO publication_author VALUES(70,288,3);
INSERT INTO publication_author VALUES(70,289,4);
INSERT INTO publication_author VALUES(71,40,1);
INSERT INTO publication_author VALUES(71,290,2);
INSERT INTO publication_author VALUES(71,291,3);
INSERT INTO publication_author VALUES(71,292,4);
INSERT INTO publication_author VALUES(71,293,5);
INSERT INTO publication_author VALUES(71,294,6);
INSERT INTO publication_author VALUES(71,51,7);
INSERT INTO publication_author VALUES(71,295,8);
INSERT INTO publication_author VALUES(71,49,9);
INSERT INTO publication_author VALUES(71,258,10);
INSERT INTO publication_author VALUES(71,298,11);
INSERT INTO publication_author VALUES(73,234,1);
INSERT INTO publication_author VALUES(72,40,1);
INSERT INTO publication_author VALUES(72,299,2);
INSERT INTO publication_author VALUES(72,300,3);
INSERT INTO publication_author VALUES(72,301,4);
INSERT INTO publication_author VALUES(72,291,5);
INSERT INTO publication_author VALUES(72,290,6);
INSERT INTO publication_author VALUES(72,302,7);
INSERT INTO publication_author VALUES(72,256,8);
INSERT INTO publication_author VALUES(72,292,9);
INSERT INTO publication_author VALUES(72,258,10);
INSERT INTO publication_author VALUES(72,298,11);
INSERT INTO publication_author VALUES(53,303,3);
INSERT INTO publication_author VALUES(74,3,1);
INSERT INTO publication_author VALUES(74,304,2);
INSERT INTO publication_author VALUES(74,305,3);
INSERT INTO publication_author VALUES(74,5,4);
INSERT INTO publication_author VALUES(74,1,5);
INSERT INTO publication_author VALUES(74,14,6);
INSERT INTO publication_author VALUES(74,18,7);
INSERT INTO publication_author VALUES(74,19,8);
INSERT INTO publication_author VALUES(74,15,9);
INSERT INTO publication_author VALUES(74,2,10);
INSERT INTO publication_author VALUES(75,57,1);
INSERT INTO publication_author VALUES(75,56,2);
INSERT INTO publication_author VALUES(75,55,3);
INSERT INTO publication_author VALUES(75,143,4);
INSERT INTO publication_author VALUES(75,157,5);
INSERT INTO publication_author VALUES(76,95,1);
INSERT INTO publication_author VALUES(76,85,2);
INSERT INTO publication_author VALUES(76,86,3);
INSERT INTO publication_author VALUES(76,306,4);
INSERT INTO publication_author VALUES(76,307,5);
INSERT INTO publication_author VALUES(76,89,6);
INSERT INTO publication_author VALUES(76,90,7);
INSERT INTO publication_author VALUES(76,92,8);
INSERT INTO publication_author VALUES(76,96,9);
INSERT INTO publication_author VALUES(77,308,1);
INSERT INTO publication_author VALUES(77,309,2);
INSERT INTO publication_author VALUES(77,310,3);
INSERT INTO publication_author VALUES(77,311,4);
INSERT INTO publication_author VALUES(77,312,5);
INSERT INTO publication_author VALUES(78,56,1);
INSERT INTO publication_author VALUES(78,55,2);
INSERT INTO publication_author VALUES(78,57,3);
INSERT INTO publication_author VALUES(78,183,4);
INSERT INTO publication_author VALUES(78,143,5);
INSERT INTO publication_author VALUES(78,156,6);
INSERT INTO publication_author VALUES(78,313,7);
INSERT INTO publication_author VALUES(78,314,8);
INSERT INTO publication_author VALUES(78,157,9);
INSERT INTO publication_author VALUES(79,57,1);
INSERT INTO publication_author VALUES(79,183,2);
INSERT INTO publication_author VALUES(79,56,3);
INSERT INTO publication_author VALUES(79,55,4);
INSERT INTO publication_author VALUES(79,315,5);
INSERT INTO publication_author VALUES(79,316,6);
INSERT INTO publication_author VALUES(79,313,7);
INSERT INTO publication_author VALUES(79,157,8);
INSERT INTO publication_author VALUES(80,211,1);
INSERT INTO publication_author VALUES(80,250,2);
INSERT INTO publication_author VALUES(80,100,3);
INSERT INTO publication_author VALUES(80,317,4);
INSERT INTO publication_author VALUES(80,318,5);
INSERT INTO publication_author VALUES(80,319,6);
INSERT INTO publication_author VALUES(80,105,7);
INSERT INTO publication_author VALUES(80,107,8);
INSERT INTO publication_author VALUES(80,252,9);
INSERT INTO publication_author VALUES(81,90,1);
INSERT INTO publication_author VALUES(81,256,2);
INSERT INTO publication_author VALUES(81,320,3);
INSERT INTO publication_author VALUES(81,321,4);
INSERT INTO publication_author VALUES(81,322,5);
INSERT INTO publication_author VALUES(81,323,6);
INSERT INTO publication_author VALUES(81,324,7);
INSERT INTO publication_author VALUES(82,255,1);
INSERT INTO publication_author VALUES(82,40,2);
INSERT INTO publication_author VALUES(82,257,3);
INSERT INTO publication_author VALUES(82,256,4);
INSERT INTO publication_author VALUES(82,300,5);
INSERT INTO publication_author VALUES(82,294,6);
INSERT INTO publication_author VALUES(82,290,7);
INSERT INTO publication_author VALUES(82,258,8);
INSERT INTO publication_author VALUES(83,255,1);
INSERT INTO publication_author VALUES(83,40,2);
INSERT INTO publication_author VALUES(83,257,3);
INSERT INTO publication_author VALUES(83,256,4);
INSERT INTO publication_author VALUES(83,294,5);
INSERT INTO publication_author VALUES(83,325,6);
INSERT INTO publication_author VALUES(83,326,7);
INSERT INTO publication_author VALUES(83,327,8);
INSERT INTO publication_author VALUES(83,328,9);
INSERT INTO publication_author VALUES(83,258,10);
INSERT INTO publication_author VALUES(84,329,1);
INSERT INTO publication_author VALUES(84,330,2);
INSERT INTO publication_author VALUES(84,331,3);
INSERT INTO publication_author VALUES(84,332,4);
INSERT INTO publication_author VALUES(84,333,5);
INSERT INTO publication_author VALUES(84,334,6);
INSERT INTO publication_author VALUES(84,335,7);
INSERT INTO publication_author VALUES(84,336,8);
INSERT INTO publication_author VALUES(85,337,1);
INSERT INTO publication_author VALUES(85,338,2);
INSERT INTO publication_author VALUES(85,339,3);
INSERT INTO publication_author VALUES(86,277,1);
INSERT INTO publication_author VALUES(86,340,2);
INSERT INTO publication_author VALUES(86,341,3);
INSERT INTO publication_author VALUES(86,342,4);
INSERT INTO publication_author VALUES(86,271,5);
INSERT INTO publication_author VALUES(87,343,1);
INSERT INTO publication_author VALUES(87,344,2);
INSERT INTO publication_author VALUES(87,345,3);
INSERT INTO publication_author VALUES(88,346,1);
INSERT INTO publication_author VALUES(89,348,1);
INSERT INTO publication_author VALUES(89,349,2);
INSERT INTO publication_author VALUES(89,350,3);
INSERT INTO publication_author VALUES(89,351,4);
INSERT INTO publication_author VALUES(89,352,5);
INSERT INTO publication_author VALUES(89,353,6);
INSERT INTO publication_author VALUES(89,354,7);
INSERT INTO publication_author VALUES(89,355,8);
INSERT INTO publication_author VALUES(89,356,9);
INSERT INTO publication_author VALUES(89,357,10);
INSERT INTO publication_author VALUES(90,346,1);
INSERT INTO publication_author VALUES(90,347,2);
INSERT INTO publication_author VALUES(91,358,1);
INSERT INTO publication_author VALUES(91,359,2);
INSERT INTO publication_author VALUES(91,360,3);
INSERT INTO publication_author VALUES(91,361,4);
INSERT INTO publication_author VALUES(91,362,5);
INSERT INTO publication_author VALUES(91,363,6);
INSERT INTO publication_author VALUES(92,265,1);
INSERT INTO publication_author VALUES(92,266,2);
INSERT INTO publication_author VALUES(93,306,1);
INSERT INTO publication_author VALUES(93,89,2);
INSERT INTO publication_author VALUES(93,92,3);
INSERT INTO publication_author VALUES(93,95,4);
INSERT INTO publication_author VALUES(93,86,5);
INSERT INTO publication_author VALUES(93,94,6);
INSERT INTO publication_author VALUES(93,96,7);
INSERT INTO publication_author VALUES(94,365,1);
INSERT INTO publication_author VALUES(94,366,2);
INSERT INTO publication_author VALUES(94,367,3);
INSERT INTO publication_author VALUES(94,368,4);
INSERT INTO publication_author VALUES(95,359,1);
INSERT INTO publication_author VALUES(95,358,2);
INSERT INTO publication_author VALUES(95,360,3);
INSERT INTO publication_author VALUES(95,364,4);
INSERT INTO publication_author VALUES(95,362,5);
INSERT INTO publication_author VALUES(95,363,6);
INSERT INTO publication_author VALUES(96,130,1);
INSERT INTO publication_author VALUES(96,135,2);
INSERT INTO publication_author VALUES(96,129,3);
INSERT INTO publication_author VALUES(96,131,4);
INSERT INTO publication_author VALUES(96,369,5);
INSERT INTO publication_author VALUES(96,370,6);
INSERT INTO publication_author VALUES(96,371,7);
INSERT INTO publication_author VALUES(96,372,8);
INSERT INTO publication_author VALUES(96,133,9);
INSERT INTO publication_author VALUES(96,373,10);
INSERT INTO publication_author VALUES(96,374,11);
INSERT INTO publication_author VALUES(96,142,12);
INSERT INTO publication_author VALUES(96,140,13);
INSERT INTO publication_author VALUES(97,96,1);
INSERT INTO publication_author VALUES(98,90,1);
INSERT INTO publication_author VALUES(98,96,2);
INSERT INTO publication_author VALUES(26,306,4);
INSERT INTO publication_author VALUES(99,375,1);
INSERT INTO publication_author VALUES(99,376,2);
INSERT INTO publication_author VALUES(99,377,3);
INSERT INTO publication_author VALUES(99,378,4);
INSERT INTO publication_author VALUES(99,379,5);
INSERT INTO publication_author VALUES(99,380,6);
INSERT INTO publication_author VALUES(100,381,1);
INSERT INTO publication_author VALUES(100,382,2);
INSERT INTO publication_author VALUES(100,383,3);
INSERT INTO publication_author VALUES(100,384,4);
INSERT INTO publication_author VALUES(101,385,1);
INSERT INTO publication_author VALUES(101,105,2);
INSERT INTO publication_author VALUES(101,252,3);
INSERT INTO publication_author VALUES(101,386,4);
INSERT INTO publication_author VALUES(101,230,5);
INSERT INTO publication_author VALUES(101,387,6);
INSERT INTO publication_author VALUES(101,388,7);
INSERT INTO publication_author VALUES(101,389,8);
INSERT INTO publication_author VALUES(101,276,9);
INSERT INTO publication_author VALUES(101,234,10);
INSERT INTO publication_author VALUES(29,88,5);
INSERT INTO publication_author VALUES(102,92,1);
INSERT INTO publication_author VALUES(102,86,2);
INSERT INTO publication_author VALUES(102,95,3);
INSERT INTO publication_author VALUES(102,94,4);
INSERT INTO publication_author VALUES(102,96,5);
INSERT INTO publication_author VALUES(103,89,1);
INSERT INTO publication_author VALUES(103,90,2);
INSERT INTO publication_author VALUES(103,178,3);
INSERT INTO publication_author VALUES(103,179,4);
INSERT INTO publication_author VALUES(103,180,5);
INSERT INTO publication_author VALUES(103,94,6);
INSERT INTO publication_author VALUES(103,93,7);
INSERT INTO publication_author VALUES(103,96,8);
INSERT INTO publication_author VALUES(104,129,1);
INSERT INTO publication_author VALUES(104,130,2);
INSERT INTO publication_author VALUES(104,131,3);
INSERT INTO publication_author VALUES(104,132,4);
INSERT INTO publication_author VALUES(104,133,5);
INSERT INTO publication_author VALUES(104,134,6);
INSERT INTO publication_author VALUES(104,135,7);
INSERT INTO publication_author VALUES(104,136,8);
INSERT INTO publication_author VALUES(104,137,9);
INSERT INTO publication_author VALUES(104,138,10);
INSERT INTO publication_author VALUES(104,139,11);
INSERT INTO publication_author VALUES(104,140,12);
INSERT INTO publication_author VALUES(104,141,13);
INSERT INTO publication_author VALUES(104,142,14);
INSERT INTO publication_author VALUES(105,85,6);
INSERT INTO publication_author VALUES(105,86,2);
INSERT INTO publication_author VALUES(105,92,1);
INSERT INTO publication_author VALUES(105,94,7);
INSERT INTO publication_author VALUES(105,95,3);
INSERT INTO publication_author VALUES(105,96,8);
INSERT INTO publication_author VALUES(105,168,5);
INSERT INTO publication_author VALUES(105,306,4);
INSERT INTO publication_author VALUES(106,105,3);
INSERT INTO publication_author VALUES(106,107,6);
INSERT INTO publication_author VALUES(106,211,1);
INSERT INTO publication_author VALUES(106,250,2);
INSERT INTO publication_author VALUES(106,251,4);
INSERT INTO publication_author VALUES(106,252,5);
INSERT INTO publication_author VALUES(107,60,5);
INSERT INTO publication_author VALUES(107,62,1);
INSERT INTO publication_author VALUES(107,63,4);
INSERT INTO publication_author VALUES(107,67,7);
INSERT INTO publication_author VALUES(107,73,16);
INSERT INTO publication_author VALUES(107,74,3);
INSERT INTO publication_author VALUES(107,75,8);
INSERT INTO publication_author VALUES(107,143,2);
INSERT INTO publication_author VALUES(107,144,6);
INSERT INTO publication_author VALUES(107,145,9);
INSERT INTO publication_author VALUES(107,146,10);
INSERT INTO publication_author VALUES(107,147,11);
INSERT INTO publication_author VALUES(107,148,12);
INSERT INTO publication_author VALUES(107,149,13);
INSERT INTO publication_author VALUES(107,150,14);
INSERT INTO publication_author VALUES(107,151,15);
INSERT INTO publication_author VALUES(108,100,3);
INSERT INTO publication_author VALUES(108,105,7);
INSERT INTO publication_author VALUES(108,107,8);
INSERT INTO publication_author VALUES(108,211,1);
INSERT INTO publication_author VALUES(108,250,2);
INSERT INTO publication_author VALUES(108,252,9);
INSERT INTO publication_author VALUES(108,317,4);
INSERT INTO publication_author VALUES(108,318,5);
INSERT INTO publication_author VALUES(108,319,6);
INSERT INTO publication_author VALUES(109,55,4);
INSERT INTO publication_author VALUES(109,56,3);
INSERT INTO publication_author VALUES(109,57,1);
INSERT INTO publication_author VALUES(109,157,8);
INSERT INTO publication_author VALUES(109,183,2);
INSERT INTO publication_author VALUES(109,313,7);
INSERT INTO publication_author VALUES(109,315,5);
INSERT INTO publication_author VALUES(109,316,6);
INSERT INTO publication_author VALUES(110,207,1);
INSERT INTO publication_author VALUES(110,208,2);
INSERT INTO publication_author VALUES(110,209,3);
INSERT INTO publication_author VALUES(110,210,4);
INSERT INTO publication_author VALUES(111,33,5);
INSERT INTO publication_author VALUES(111,76,1);
INSERT INTO publication_author VALUES(111,82,6);
INSERT INTO publication_author VALUES(111,204,2);
INSERT INTO publication_author VALUES(111,205,3);
INSERT INTO publication_author VALUES(111,206,4);
INSERT INTO publication_author VALUES(112,189,1);
INSERT INTO publication_author VALUES(112,190,2);
INSERT INTO publication_author VALUES(112,191,3);
INSERT INTO publication_author VALUES(112,192,4);
INSERT INTO publication_author VALUES(112,193,5);
INSERT INTO publication_author VALUES(112,194,6);
INSERT INTO publication_author VALUES(112,195,7);
INSERT INTO publication_author VALUES(112,196,8);
INSERT INTO publication_author VALUES(112,197,9);
INSERT INTO publication_author VALUES(112,198,10);
INSERT INTO publication_author VALUES(112,199,11);
INSERT INTO publication_author VALUES(112,200,12);
INSERT INTO publication_author VALUES(112,201,13);
INSERT INTO publication_author VALUES(112,202,14);
INSERT INTO publication_author VALUES(112,203,15);
INSERT INTO publication_author VALUES(113,90,1);
INSERT INTO publication_author VALUES(113,96,2);
INSERT INTO publication_author VALUES(114,143,2);
INSERT INTO publication_author VALUES(114,144,3);
INSERT INTO publication_author VALUES(114,147,9);
INSERT INTO publication_author VALUES(114,151,12);
INSERT INTO publication_author VALUES(114,163,11);
INSERT INTO publication_author VALUES(114,164,4);
INSERT INTO publication_author VALUES(114,165,1);
INSERT INTO publication_author VALUES(114,166,7);
INSERT INTO publication_author VALUES(114,167,8);
INSERT INTO publication_author VALUES(114,186,5);
INSERT INTO publication_author VALUES(114,187,6);
INSERT INTO publication_author VALUES(114,188,10);
INSERT INTO publication_author VALUES(115,390,1);
INSERT INTO publication_author VALUES(115,391,2);
INSERT INTO publication_author VALUES(115,143,3);
INSERT INTO publication_author VALUES(115,392,4);
INSERT INTO publication_author VALUES(115,393,5);
INSERT INTO publication_author VALUES(115,394,6);
INSERT INTO publication_author VALUES(115,395,7);
INSERT INTO publication_author VALUES(115,226,8);
INSERT INTO publication_author VALUES(115,396,9);
INSERT INTO publication_author VALUES(115,397,10);
INSERT INTO publication_author VALUES(115,188,11);
INSERT INTO publication_author VALUES(115,398,12);
INSERT INTO publication_author VALUES(115,166,13);
INSERT INTO publication_author VALUES(115,151,14);
INSERT INTO publication_author VALUES(116,408,1);
INSERT INTO publication_author VALUES(116,409,2);
INSERT INTO publication_author VALUES(45,410,1);
INSERT INTO publication_author VALUES(45,216,2);
INSERT INTO publication_author VALUES(45,411,3);
INSERT INTO publication_author VALUES(45,412,4);
INSERT INTO publication_author VALUES(45,413,5);
INSERT INTO publication_author VALUES(45,414,6);
INSERT INTO publication_author VALUES(45,219,7);
INSERT INTO publication_author VALUES(45,415,8);
INSERT INTO publication_author VALUES(45,71,9);
INSERT INTO publication_author VALUES(45,217,10);
INSERT INTO publication_author VALUES(117,416,1);
INSERT INTO publication_author VALUES(117,417,2);
INSERT INTO publication_author VALUES(117,28,3);
INSERT INTO publication_author VALUES(117,418,4);
INSERT INTO publication_author VALUES(117,419,5);
INSERT INTO publication_author VALUES(117,29,6);
INSERT INTO publication_author VALUES(117,420,7);
INSERT INTO publication_author VALUES(117,421,8);
INSERT INTO publication_author VALUES(118,422,1);
INSERT INTO publication_author VALUES(118,423,2);
INSERT INTO publication_author VALUES(118,424,3);
INSERT INTO publication_author VALUES(118,425,4);
INSERT INTO publication_author VALUES(119,97,1);
INSERT INTO publication_author VALUES(120,97,1);
INSERT INTO publication_author VALUES(120,99,2);
INSERT INTO publication_author VALUES(121,97,1);
INSERT INTO publication_author VALUES(121,99,2);
INSERT INTO publication_author VALUES(122,100,1);
INSERT INTO publication_author VALUES(122,101,2);
INSERT INTO publication_author VALUES(122,102,3);
INSERT INTO publication_author VALUES(122,103,4);
INSERT INTO publication_author VALUES(122,104,5);
INSERT INTO publication_author VALUES(122,426,6);
INSERT INTO publication_author VALUES(122,158,7);
INSERT INTO publication_author VALUES(122,105,8);
INSERT INTO publication_author VALUES(122,252,9);
INSERT INTO publication_author VALUES(122,106,10);
INSERT INTO publication_author VALUES(122,107,11);
INSERT INTO publication_author VALUES(123,427,1);
INSERT INTO publication_author VALUES(123,428,2);
INSERT INTO publication_author VALUES(123,429,3);
INSERT INTO publication_author VALUES(124,421,1);
INSERT INTO publication_author VALUES(124,430,2);
INSERT INTO publication_author VALUES(125,170,1);
INSERT INTO publication_author VALUES(125,171,2);
INSERT INTO publication_author VALUES(125,173,3);
INSERT INTO publication_author VALUES(125,172,4);
INSERT INTO publication_author VALUES(125,174,5);
INSERT INTO publication_author VALUES(125,175,6);
INSERT INTO publication_author VALUES(125,176,7);
INSERT INTO publication_author VALUES(125,177,8);
INSERT INTO publication_author VALUES(126,431,1);
INSERT INTO publication_author VALUES(126,432,2);
INSERT INTO publication_author VALUES(126,433,3);
INSERT INTO publication_author VALUES(126,434,4);
INSERT INTO publication_author VALUES(126,435,5);
INSERT INTO publication_author VALUES(126,436,6);
INSERT INTO publication_author VALUES(126,437,7);
INSERT INTO publication_author VALUES(126,438,8);
INSERT INTO publication_author VALUES(126,439,9);
INSERT INTO publication_author VALUES(126,440,10);
INSERT INTO publication_author VALUES(126,441,11);
INSERT INTO publication_author VALUES(126,442,12);
INSERT INTO publication_author VALUES(126,444,13);
INSERT INTO publication_author VALUES(126,443,14);
INSERT INTO publication_author VALUES(126,40,15);
INSERT INTO publication_author VALUES(127,431,1);
INSERT INTO publication_author VALUES(127,432,2);
INSERT INTO publication_author VALUES(127,433,3);
INSERT INTO publication_author VALUES(127,434,4);
INSERT INTO publication_author VALUES(127,435,5);
INSERT INTO publication_author VALUES(127,436,6);
INSERT INTO publication_author VALUES(127,437,7);
INSERT INTO publication_author VALUES(127,438,8);
INSERT INTO publication_author VALUES(127,439,9);
INSERT INTO publication_author VALUES(127,440,10);
INSERT INTO publication_author VALUES(127,441,11);
INSERT INTO publication_author VALUES(127,442,12);
INSERT INTO publication_author VALUES(127,443,13);
INSERT INTO publication_author VALUES(127,444,14);
INSERT INTO publication_author VALUES(127,40,15);
CREATE TABLE publication_citation (
    citing_id INTEGER NOT NULL,
    cited_id  INTEGER NOT NULL,
    source    TEXT    NOT NULL,  -- 'crossref', 'semanticscholar', 'both'
    PRIMARY KEY (citing_id, cited_id),
    FOREIGN KEY (citing_id) REFERENCES publication(id) ON DELETE CASCADE,
    FOREIGN KEY (cited_id)  REFERENCES publication(id) ON DELETE CASCADE,
    CHECK (citing_id != cited_id)
);
INSERT INTO publication_citation VALUES(1,26,'semanticscholar');
INSERT INTO publication_citation VALUES(1,34,'crossref');
INSERT INTO publication_citation VALUES(1,41,'crossref');
INSERT INTO publication_citation VALUES(1,52,'both');
INSERT INTO publication_citation VALUES(1,54,'both');
INSERT INTO publication_citation VALUES(1,60,'both');
INSERT INTO publication_citation VALUES(1,62,'both');
INSERT INTO publication_citation VALUES(1,67,'crossref');
INSERT INTO publication_citation VALUES(1,68,'both');
INSERT INTO publication_citation VALUES(1,77,'both');
INSERT INTO publication_citation VALUES(1,86,'both');
INSERT INTO publication_citation VALUES(1,99,'both');
INSERT INTO publication_citation VALUES(2,26,'both');
INSERT INTO publication_citation VALUES(2,34,'crossref');
INSERT INTO publication_citation VALUES(2,41,'both');
INSERT INTO publication_citation VALUES(2,52,'semanticscholar');
INSERT INTO publication_citation VALUES(2,54,'both');
INSERT INTO publication_citation VALUES(2,60,'both');
INSERT INTO publication_citation VALUES(2,62,'both');
INSERT INTO publication_citation VALUES(2,67,'crossref');
INSERT INTO publication_citation VALUES(2,68,'both');
INSERT INTO publication_citation VALUES(2,78,'semanticscholar');
INSERT INTO publication_citation VALUES(2,86,'both');
INSERT INTO publication_citation VALUES(2,99,'both');
INSERT INTO publication_citation VALUES(3,2,'crossref');
INSERT INTO publication_citation VALUES(3,21,'crossref');
INSERT INTO publication_citation VALUES(3,26,'crossref');
INSERT INTO publication_citation VALUES(3,32,'crossref');
INSERT INTO publication_citation VALUES(3,62,'crossref');
INSERT INTO publication_citation VALUES(4,26,'both');
INSERT INTO publication_citation VALUES(4,34,'crossref');
INSERT INTO publication_citation VALUES(4,51,'both');
INSERT INTO publication_citation VALUES(4,54,'both');
INSERT INTO publication_citation VALUES(4,62,'both');
INSERT INTO publication_citation VALUES(4,73,'both');
INSERT INTO publication_citation VALUES(4,76,'semanticscholar');
INSERT INTO publication_citation VALUES(4,80,'crossref');
INSERT INTO publication_citation VALUES(5,21,'crossref');
INSERT INTO publication_citation VALUES(5,26,'crossref');
INSERT INTO publication_citation VALUES(5,39,'crossref');
INSERT INTO publication_citation VALUES(5,41,'crossref');
INSERT INTO publication_citation VALUES(5,48,'crossref');
INSERT INTO publication_citation VALUES(5,49,'crossref');
INSERT INTO publication_citation VALUES(5,54,'crossref');
INSERT INTO publication_citation VALUES(5,55,'crossref');
INSERT INTO publication_citation VALUES(5,58,'crossref');
INSERT INTO publication_citation VALUES(5,60,'crossref');
INSERT INTO publication_citation VALUES(5,62,'crossref');
INSERT INTO publication_citation VALUES(5,67,'crossref');
INSERT INTO publication_citation VALUES(5,68,'crossref');
INSERT INTO publication_citation VALUES(5,71,'crossref');
INSERT INTO publication_citation VALUES(5,72,'crossref');
INSERT INTO publication_citation VALUES(5,73,'crossref');
INSERT INTO publication_citation VALUES(5,76,'crossref');
INSERT INTO publication_citation VALUES(5,80,'crossref');
INSERT INTO publication_citation VALUES(6,26,'crossref');
INSERT INTO publication_citation VALUES(6,57,'crossref');
INSERT INTO publication_citation VALUES(6,62,'crossref');
INSERT INTO publication_citation VALUES(6,66,'crossref');
INSERT INTO publication_citation VALUES(6,67,'crossref');
INSERT INTO publication_citation VALUES(6,68,'crossref');
INSERT INTO publication_citation VALUES(6,69,'crossref');
INSERT INTO publication_citation VALUES(6,70,'crossref');
INSERT INTO publication_citation VALUES(6,71,'crossref');
INSERT INTO publication_citation VALUES(6,72,'crossref');
INSERT INTO publication_citation VALUES(6,73,'crossref');
INSERT INTO publication_citation VALUES(6,77,'crossref');
INSERT INTO publication_citation VALUES(6,88,'crossref');
INSERT INTO publication_citation VALUES(6,95,'crossref');
INSERT INTO publication_citation VALUES(6,99,'crossref');
INSERT INTO publication_citation VALUES(7,1,'semanticscholar');
INSERT INTO publication_citation VALUES(7,41,'semanticscholar');
INSERT INTO publication_citation VALUES(7,49,'semanticscholar');
INSERT INTO publication_citation VALUES(7,54,'semanticscholar');
INSERT INTO publication_citation VALUES(7,62,'semanticscholar');
INSERT INTO publication_citation VALUES(7,81,'semanticscholar');
INSERT INTO publication_citation VALUES(9,1,'semanticscholar');
INSERT INTO publication_citation VALUES(9,15,'semanticscholar');
INSERT INTO publication_citation VALUES(9,16,'semanticscholar');
INSERT INTO publication_citation VALUES(9,26,'semanticscholar');
INSERT INTO publication_citation VALUES(9,32,'semanticscholar');
INSERT INTO publication_citation VALUES(9,49,'semanticscholar');
INSERT INTO publication_citation VALUES(9,54,'semanticscholar');
INSERT INTO publication_citation VALUES(9,62,'semanticscholar');
INSERT INTO publication_citation VALUES(9,68,'semanticscholar');
INSERT INTO publication_citation VALUES(9,77,'semanticscholar');
INSERT INTO publication_citation VALUES(9,81,'semanticscholar');
INSERT INTO publication_citation VALUES(9,101,'semanticscholar');
INSERT INTO publication_citation VALUES(10,2,'both');
INSERT INTO publication_citation VALUES(10,3,'both');
INSERT INTO publication_citation VALUES(10,12,'both');
INSERT INTO publication_citation VALUES(10,21,'crossref');
INSERT INTO publication_citation VALUES(10,26,'both');
INSERT INTO publication_citation VALUES(10,28,'both');
INSERT INTO publication_citation VALUES(10,33,'both');
INSERT INTO publication_citation VALUES(10,38,'crossref');
INSERT INTO publication_citation VALUES(10,43,'both');
INSERT INTO publication_citation VALUES(10,49,'both');
INSERT INTO publication_citation VALUES(10,65,'both');
INSERT INTO publication_citation VALUES(10,66,'both');
INSERT INTO publication_citation VALUES(10,76,'semanticscholar');
INSERT INTO publication_citation VALUES(12,26,'crossref');
INSERT INTO publication_citation VALUES(12,35,'crossref');
INSERT INTO publication_citation VALUES(12,49,'crossref');
INSERT INTO publication_citation VALUES(12,62,'crossref');
INSERT INTO publication_citation VALUES(12,73,'crossref');
INSERT INTO publication_citation VALUES(12,76,'crossref');
INSERT INTO publication_citation VALUES(12,93,'crossref');
INSERT INTO publication_citation VALUES(13,29,'crossref');
INSERT INTO publication_citation VALUES(13,39,'crossref');
INSERT INTO publication_citation VALUES(13,45,'crossref');
INSERT INTO publication_citation VALUES(13,60,'crossref');
INSERT INTO publication_citation VALUES(13,62,'crossref');
INSERT INTO publication_citation VALUES(15,2,'crossref');
INSERT INTO publication_citation VALUES(15,21,'crossref');
INSERT INTO publication_citation VALUES(15,25,'crossref');
INSERT INTO publication_citation VALUES(15,26,'crossref');
INSERT INTO publication_citation VALUES(15,32,'crossref');
INSERT INTO publication_citation VALUES(15,33,'crossref');
INSERT INTO publication_citation VALUES(15,34,'crossref');
INSERT INTO publication_citation VALUES(15,37,'crossref');
INSERT INTO publication_citation VALUES(15,38,'crossref');
INSERT INTO publication_citation VALUES(15,39,'crossref');
INSERT INTO publication_citation VALUES(15,41,'crossref');
INSERT INTO publication_citation VALUES(15,42,'crossref');
INSERT INTO publication_citation VALUES(15,45,'crossref');
INSERT INTO publication_citation VALUES(15,46,'crossref');
INSERT INTO publication_citation VALUES(15,48,'crossref');
INSERT INTO publication_citation VALUES(15,49,'crossref');
INSERT INTO publication_citation VALUES(15,52,'crossref');
INSERT INTO publication_citation VALUES(15,54,'crossref');
INSERT INTO publication_citation VALUES(15,58,'crossref');
INSERT INTO publication_citation VALUES(15,62,'crossref');
INSERT INTO publication_citation VALUES(15,77,'crossref');
INSERT INTO publication_citation VALUES(15,98,'crossref');
INSERT INTO publication_citation VALUES(15,99,'crossref');
INSERT INTO publication_citation VALUES(16,1,'semanticscholar');
INSERT INTO publication_citation VALUES(16,26,'semanticscholar');
INSERT INTO publication_citation VALUES(16,32,'semanticscholar');
INSERT INTO publication_citation VALUES(16,39,'semanticscholar');
INSERT INTO publication_citation VALUES(16,41,'semanticscholar');
INSERT INTO publication_citation VALUES(16,49,'semanticscholar');
INSERT INTO publication_citation VALUES(16,54,'semanticscholar');
INSERT INTO publication_citation VALUES(16,58,'semanticscholar');
INSERT INTO publication_citation VALUES(16,62,'semanticscholar');
INSERT INTO publication_citation VALUES(16,77,'semanticscholar');
INSERT INTO publication_citation VALUES(16,78,'semanticscholar');
INSERT INTO publication_citation VALUES(17,1,'semanticscholar');
INSERT INTO publication_citation VALUES(17,26,'semanticscholar');
INSERT INTO publication_citation VALUES(17,39,'semanticscholar');
INSERT INTO publication_citation VALUES(17,41,'semanticscholar');
INSERT INTO publication_citation VALUES(17,49,'semanticscholar');
INSERT INTO publication_citation VALUES(17,54,'semanticscholar');
INSERT INTO publication_citation VALUES(17,62,'semanticscholar');
INSERT INTO publication_citation VALUES(17,81,'semanticscholar');
INSERT INTO publication_citation VALUES(18,1,'both');
INSERT INTO publication_citation VALUES(18,33,'both');
INSERT INTO publication_citation VALUES(18,34,'crossref');
INSERT INTO publication_citation VALUES(18,39,'both');
INSERT INTO publication_citation VALUES(18,49,'crossref');
INSERT INTO publication_citation VALUES(18,54,'both');
INSERT INTO publication_citation VALUES(18,55,'both');
INSERT INTO publication_citation VALUES(18,57,'crossref');
INSERT INTO publication_citation VALUES(18,59,'semanticscholar');
INSERT INTO publication_citation VALUES(18,62,'both');
INSERT INTO publication_citation VALUES(18,65,'both');
INSERT INTO publication_citation VALUES(18,67,'crossref');
INSERT INTO publication_citation VALUES(18,73,'both');
INSERT INTO publication_citation VALUES(19,26,'both');
INSERT INTO publication_citation VALUES(19,49,'crossref');
INSERT INTO publication_citation VALUES(19,62,'both');
INSERT INTO publication_citation VALUES(19,98,'crossref');
INSERT INTO publication_citation VALUES(21,1,'crossref');
INSERT INTO publication_citation VALUES(21,26,'both');
INSERT INTO publication_citation VALUES(21,34,'crossref');
INSERT INTO publication_citation VALUES(21,37,'crossref');
INSERT INTO publication_citation VALUES(21,38,'crossref');
INSERT INTO publication_citation VALUES(21,39,'both');
INSERT INTO publication_citation VALUES(21,41,'both');
INSERT INTO publication_citation VALUES(21,49,'crossref');
INSERT INTO publication_citation VALUES(21,54,'both');
INSERT INTO publication_citation VALUES(21,58,'both');
INSERT INTO publication_citation VALUES(21,62,'both');
INSERT INTO publication_citation VALUES(21,67,'crossref');
INSERT INTO publication_citation VALUES(21,68,'both');
INSERT INTO publication_citation VALUES(21,77,'crossref');
INSERT INTO publication_citation VALUES(21,101,'crossref');
INSERT INTO publication_citation VALUES(23,39,'semanticscholar');
INSERT INTO publication_citation VALUES(23,41,'semanticscholar');
INSERT INTO publication_citation VALUES(23,49,'semanticscholar');
INSERT INTO publication_citation VALUES(23,54,'semanticscholar');
INSERT INTO publication_citation VALUES(23,62,'semanticscholar');
INSERT INTO publication_citation VALUES(23,68,'semanticscholar');
INSERT INTO publication_citation VALUES(23,73,'semanticscholar');
INSERT INTO publication_citation VALUES(23,101,'semanticscholar');
INSERT INTO publication_citation VALUES(25,34,'crossref');
INSERT INTO publication_citation VALUES(25,37,'crossref');
INSERT INTO publication_citation VALUES(25,39,'crossref');
INSERT INTO publication_citation VALUES(25,41,'crossref');
INSERT INTO publication_citation VALUES(25,54,'crossref');
INSERT INTO publication_citation VALUES(25,66,'crossref');
INSERT INTO publication_citation VALUES(25,67,'crossref');
INSERT INTO publication_citation VALUES(25,71,'crossref');
INSERT INTO publication_citation VALUES(25,73,'crossref');
INSERT INTO publication_citation VALUES(25,80,'crossref');
INSERT INTO publication_citation VALUES(25,86,'crossref');
INSERT INTO publication_citation VALUES(26,33,'both');
INSERT INTO publication_citation VALUES(26,34,'crossref');
INSERT INTO publication_citation VALUES(26,37,'crossref');
INSERT INTO publication_citation VALUES(26,39,'both');
INSERT INTO publication_citation VALUES(26,41,'semanticscholar');
INSERT INTO publication_citation VALUES(26,48,'both');
INSERT INTO publication_citation VALUES(26,49,'both');
INSERT INTO publication_citation VALUES(26,54,'both');
INSERT INTO publication_citation VALUES(26,58,'both');
INSERT INTO publication_citation VALUES(26,62,'both');
INSERT INTO publication_citation VALUES(26,65,'both');
INSERT INTO publication_citation VALUES(26,66,'both');
INSERT INTO publication_citation VALUES(26,67,'crossref');
INSERT INTO publication_citation VALUES(26,68,'both');
INSERT INTO publication_citation VALUES(26,69,'both');
INSERT INTO publication_citation VALUES(26,73,'both');
INSERT INTO publication_citation VALUES(26,77,'both');
INSERT INTO publication_citation VALUES(28,30,'crossref');
INSERT INTO publication_citation VALUES(28,39,'both');
INSERT INTO publication_citation VALUES(28,49,'both');
INSERT INTO publication_citation VALUES(28,54,'crossref');
INSERT INTO publication_citation VALUES(28,62,'both');
INSERT INTO publication_citation VALUES(28,73,'both');
INSERT INTO publication_citation VALUES(28,77,'crossref');
INSERT INTO publication_citation VALUES(29,1,'crossref');
INSERT INTO publication_citation VALUES(29,30,'crossref');
INSERT INTO publication_citation VALUES(29,32,'crossref');
INSERT INTO publication_citation VALUES(29,33,'crossref');
INSERT INTO publication_citation VALUES(29,34,'crossref');
INSERT INTO publication_citation VALUES(29,37,'crossref');
INSERT INTO publication_citation VALUES(29,38,'crossref');
INSERT INTO publication_citation VALUES(29,39,'crossref');
INSERT INTO publication_citation VALUES(29,58,'crossref');
INSERT INTO publication_citation VALUES(29,60,'crossref');
INSERT INTO publication_citation VALUES(29,62,'crossref');
INSERT INTO publication_citation VALUES(29,99,'crossref');
INSERT INTO publication_citation VALUES(31,67,'both');
INSERT INTO publication_citation VALUES(31,101,'both');
INSERT INTO publication_citation VALUES(32,49,'semanticscholar');
INSERT INTO publication_citation VALUES(32,54,'semanticscholar');
INSERT INTO publication_citation VALUES(32,62,'semanticscholar');
INSERT INTO publication_citation VALUES(32,66,'semanticscholar');
INSERT INTO publication_citation VALUES(32,67,'semanticscholar');
INSERT INTO publication_citation VALUES(32,68,'semanticscholar');
INSERT INTO publication_citation VALUES(32,69,'semanticscholar');
INSERT INTO publication_citation VALUES(32,73,'semanticscholar');
INSERT INTO publication_citation VALUES(32,77,'semanticscholar');
INSERT INTO publication_citation VALUES(32,92,'semanticscholar');
INSERT INTO publication_citation VALUES(33,1,'both');
INSERT INTO publication_citation VALUES(33,41,'both');
INSERT INTO publication_citation VALUES(33,45,'crossref');
INSERT INTO publication_citation VALUES(33,49,'both');
INSERT INTO publication_citation VALUES(33,54,'both');
INSERT INTO publication_citation VALUES(33,62,'both');
INSERT INTO publication_citation VALUES(33,66,'both');
INSERT INTO publication_citation VALUES(33,67,'crossref');
INSERT INTO publication_citation VALUES(33,68,'both');
INSERT INTO publication_citation VALUES(33,71,'both');
INSERT INTO publication_citation VALUES(33,73,'both');
INSERT INTO publication_citation VALUES(34,54,'crossref');
INSERT INTO publication_citation VALUES(34,62,'crossref');
INSERT INTO publication_citation VALUES(34,67,'crossref');
INSERT INTO publication_citation VALUES(34,71,'crossref');
INSERT INTO publication_citation VALUES(35,46,'crossref');
INSERT INTO publication_citation VALUES(35,49,'crossref');
INSERT INTO publication_citation VALUES(35,58,'crossref');
INSERT INTO publication_citation VALUES(35,62,'crossref');
INSERT INTO publication_citation VALUES(36,58,'both');
INSERT INTO publication_citation VALUES(36,60,'both');
INSERT INTO publication_citation VALUES(36,62,'both');
INSERT INTO publication_citation VALUES(36,67,'crossref');
INSERT INTO publication_citation VALUES(36,101,'crossref');
INSERT INTO publication_citation VALUES(37,49,'crossref');
INSERT INTO publication_citation VALUES(37,54,'crossref');
INSERT INTO publication_citation VALUES(37,58,'crossref');
INSERT INTO publication_citation VALUES(37,62,'crossref');
INSERT INTO publication_citation VALUES(37,65,'crossref');
INSERT INTO publication_citation VALUES(37,66,'crossref');
INSERT INTO publication_citation VALUES(37,67,'crossref');
INSERT INTO publication_citation VALUES(37,68,'crossref');
INSERT INTO publication_citation VALUES(37,69,'crossref');
INSERT INTO publication_citation VALUES(37,71,'crossref');
INSERT INTO publication_citation VALUES(37,73,'crossref');
INSERT INTO publication_citation VALUES(37,77,'crossref');
INSERT INTO publication_citation VALUES(39,54,'both');
INSERT INTO publication_citation VALUES(39,57,'crossref');
INSERT INTO publication_citation VALUES(39,60,'both');
INSERT INTO publication_citation VALUES(39,62,'both');
INSERT INTO publication_citation VALUES(39,66,'both');
INSERT INTO publication_citation VALUES(39,68,'both');
INSERT INTO publication_citation VALUES(39,72,'both');
INSERT INTO publication_citation VALUES(39,73,'both');
INSERT INTO publication_citation VALUES(39,101,'both');
INSERT INTO publication_citation VALUES(41,49,'both');
INSERT INTO publication_citation VALUES(41,54,'both');
INSERT INTO publication_citation VALUES(41,55,'both');
INSERT INTO publication_citation VALUES(41,58,'both');
INSERT INTO publication_citation VALUES(41,62,'both');
INSERT INTO publication_citation VALUES(41,66,'both');
INSERT INTO publication_citation VALUES(41,67,'crossref');
INSERT INTO publication_citation VALUES(41,68,'both');
INSERT INTO publication_citation VALUES(41,69,'both');
INSERT INTO publication_citation VALUES(41,70,'both');
INSERT INTO publication_citation VALUES(41,71,'both');
INSERT INTO publication_citation VALUES(41,72,'both');
INSERT INTO publication_citation VALUES(41,73,'both');
INSERT INTO publication_citation VALUES(41,82,'both');
INSERT INTO publication_citation VALUES(41,92,'both');
INSERT INTO publication_citation VALUES(42,49,'crossref');
INSERT INTO publication_citation VALUES(42,58,'crossref');
INSERT INTO publication_citation VALUES(42,60,'crossref');
INSERT INTO publication_citation VALUES(42,62,'crossref');
INSERT INTO publication_citation VALUES(42,67,'crossref');
INSERT INTO publication_citation VALUES(42,68,'crossref');
INSERT INTO publication_citation VALUES(42,69,'crossref');
INSERT INTO publication_citation VALUES(42,92,'crossref');
INSERT INTO publication_citation VALUES(43,54,'both');
INSERT INTO publication_citation VALUES(43,60,'both');
INSERT INTO publication_citation VALUES(43,62,'both');
INSERT INTO publication_citation VALUES(43,101,'crossref');
INSERT INTO publication_citation VALUES(46,54,'both');
INSERT INTO publication_citation VALUES(46,62,'both');
INSERT INTO publication_citation VALUES(48,54,'both');
INSERT INTO publication_citation VALUES(48,62,'both');
INSERT INTO publication_citation VALUES(48,65,'both');
INSERT INTO publication_citation VALUES(48,66,'both');
INSERT INTO publication_citation VALUES(48,67,'crossref');
INSERT INTO publication_citation VALUES(48,68,'both');
INSERT INTO publication_citation VALUES(48,71,'both');
INSERT INTO publication_citation VALUES(48,72,'both');
INSERT INTO publication_citation VALUES(48,73,'both');
INSERT INTO publication_citation VALUES(48,92,'both');
INSERT INTO publication_citation VALUES(49,54,'both');
INSERT INTO publication_citation VALUES(49,58,'both');
INSERT INTO publication_citation VALUES(49,62,'both');
INSERT INTO publication_citation VALUES(49,65,'both');
INSERT INTO publication_citation VALUES(49,66,'both');
INSERT INTO publication_citation VALUES(49,67,'crossref');
INSERT INTO publication_citation VALUES(49,68,'both');
INSERT INTO publication_citation VALUES(49,69,'both');
INSERT INTO publication_citation VALUES(49,73,'both');
INSERT INTO publication_citation VALUES(49,77,'both');
INSERT INTO publication_citation VALUES(50,26,'crossref');
INSERT INTO publication_citation VALUES(50,37,'crossref');
INSERT INTO publication_citation VALUES(50,58,'crossref');
INSERT INTO publication_citation VALUES(50,67,'crossref');
INSERT INTO publication_citation VALUES(50,71,'crossref');
INSERT INTO publication_citation VALUES(51,5,'semanticscholar');
INSERT INTO publication_citation VALUES(51,62,'both');
INSERT INTO publication_citation VALUES(51,66,'semanticscholar');
INSERT INTO publication_citation VALUES(51,67,'crossref');
INSERT INTO publication_citation VALUES(51,68,'both');
INSERT INTO publication_citation VALUES(51,70,'semanticscholar');
INSERT INTO publication_citation VALUES(51,73,'both');
INSERT INTO publication_citation VALUES(52,59,'semanticscholar');
INSERT INTO publication_citation VALUES(52,62,'semanticscholar');
INSERT INTO publication_citation VALUES(52,68,'semanticscholar');
INSERT INTO publication_citation VALUES(52,69,'semanticscholar');
INSERT INTO publication_citation VALUES(52,70,'semanticscholar');
INSERT INTO publication_citation VALUES(52,71,'semanticscholar');
INSERT INTO publication_citation VALUES(52,73,'semanticscholar');
INSERT INTO publication_citation VALUES(52,85,'semanticscholar');
INSERT INTO publication_citation VALUES(52,101,'semanticscholar');
INSERT INTO publication_citation VALUES(54,55,'crossref');
INSERT INTO publication_citation VALUES(54,58,'crossref');
INSERT INTO publication_citation VALUES(54,60,'crossref');
INSERT INTO publication_citation VALUES(54,62,'crossref');
INSERT INTO publication_citation VALUES(54,66,'crossref');
INSERT INTO publication_citation VALUES(54,67,'crossref');
INSERT INTO publication_citation VALUES(54,68,'crossref');
INSERT INTO publication_citation VALUES(54,73,'crossref');
INSERT INTO publication_citation VALUES(54,77,'crossref');
INSERT INTO publication_citation VALUES(55,60,'crossref');
INSERT INTO publication_citation VALUES(55,62,'crossref');
INSERT INTO publication_citation VALUES(55,101,'crossref');
INSERT INTO publication_citation VALUES(56,66,'crossref');
INSERT INTO publication_citation VALUES(58,62,'semanticscholar');
INSERT INTO publication_citation VALUES(58,67,'crossref');
INSERT INTO publication_citation VALUES(58,68,'both');
INSERT INTO publication_citation VALUES(58,71,'both');
INSERT INTO publication_citation VALUES(58,72,'both');
INSERT INTO publication_citation VALUES(58,73,'both');
INSERT INTO publication_citation VALUES(58,82,'both');
INSERT INTO publication_citation VALUES(58,83,'both');
INSERT INTO publication_citation VALUES(58,101,'both');
INSERT INTO publication_citation VALUES(60,62,'crossref');
INSERT INTO publication_citation VALUES(60,101,'crossref');
INSERT INTO publication_citation VALUES(61,62,'crossref');
INSERT INTO publication_citation VALUES(61,65,'crossref');
INSERT INTO publication_citation VALUES(61,68,'crossref');
INSERT INTO publication_citation VALUES(61,71,'crossref');
INSERT INTO publication_citation VALUES(61,72,'crossref');
INSERT INTO publication_citation VALUES(61,73,'crossref');
INSERT INTO publication_citation VALUES(61,84,'crossref');
INSERT INTO publication_citation VALUES(61,91,'crossref');
INSERT INTO publication_citation VALUES(61,95,'crossref');
INSERT INTO publication_citation VALUES(62,65,'crossref');
INSERT INTO publication_citation VALUES(62,66,'crossref');
INSERT INTO publication_citation VALUES(62,67,'crossref');
INSERT INTO publication_citation VALUES(62,68,'crossref');
INSERT INTO publication_citation VALUES(62,69,'crossref');
INSERT INTO publication_citation VALUES(62,70,'crossref');
INSERT INTO publication_citation VALUES(62,71,'crossref');
INSERT INTO publication_citation VALUES(62,72,'crossref');
INSERT INTO publication_citation VALUES(62,73,'crossref');
INSERT INTO publication_citation VALUES(62,88,'crossref');
INSERT INTO publication_citation VALUES(62,92,'crossref');
INSERT INTO publication_citation VALUES(66,65,'crossref');
INSERT INTO publication_citation VALUES(67,65,'crossref');
INSERT INTO publication_citation VALUES(67,66,'crossref');
INSERT INTO publication_citation VALUES(67,92,'crossref');
INSERT INTO publication_citation VALUES(68,65,'crossref');
INSERT INTO publication_citation VALUES(68,66,'crossref');
INSERT INTO publication_citation VALUES(69,65,'crossref');
INSERT INTO publication_citation VALUES(69,66,'crossref');
INSERT INTO publication_citation VALUES(69,68,'crossref');
INSERT INTO publication_citation VALUES(70,65,'crossref');
INSERT INTO publication_citation VALUES(70,66,'crossref');
INSERT INTO publication_citation VALUES(70,68,'crossref');
INSERT INTO publication_citation VALUES(70,69,'crossref');
INSERT INTO publication_citation VALUES(70,86,'crossref');
INSERT INTO publication_citation VALUES(71,65,'crossref');
INSERT INTO publication_citation VALUES(71,66,'crossref');
INSERT INTO publication_citation VALUES(71,67,'crossref');
INSERT INTO publication_citation VALUES(71,68,'crossref');
INSERT INTO publication_citation VALUES(71,69,'crossref');
INSERT INTO publication_citation VALUES(71,70,'crossref');
INSERT INTO publication_citation VALUES(71,86,'crossref');
INSERT INTO publication_citation VALUES(72,65,'crossref');
INSERT INTO publication_citation VALUES(72,66,'crossref');
INSERT INTO publication_citation VALUES(72,67,'crossref');
INSERT INTO publication_citation VALUES(72,68,'crossref');
INSERT INTO publication_citation VALUES(72,69,'crossref');
INSERT INTO publication_citation VALUES(72,70,'crossref');
INSERT INTO publication_citation VALUES(72,71,'crossref');
INSERT INTO publication_citation VALUES(72,86,'crossref');
INSERT INTO publication_citation VALUES(73,65,'both');
INSERT INTO publication_citation VALUES(73,66,'both');
INSERT INTO publication_citation VALUES(73,67,'crossref');
INSERT INTO publication_citation VALUES(73,68,'both');
INSERT INTO publication_citation VALUES(73,69,'both');
INSERT INTO publication_citation VALUES(73,70,'both');
INSERT INTO publication_citation VALUES(73,71,'both');
INSERT INTO publication_citation VALUES(73,88,'both');
INSERT INTO publication_citation VALUES(73,92,'both');
INSERT INTO publication_citation VALUES(73,98,'semanticscholar');
INSERT INTO publication_citation VALUES(73,101,'semanticscholar');
INSERT INTO publication_citation VALUES(76,1,'crossref');
INSERT INTO publication_citation VALUES(76,21,'crossref');
INSERT INTO publication_citation VALUES(76,25,'crossref');
INSERT INTO publication_citation VALUES(76,26,'crossref');
INSERT INTO publication_citation VALUES(76,28,'crossref');
INSERT INTO publication_citation VALUES(76,29,'crossref');
INSERT INTO publication_citation VALUES(76,32,'crossref');
INSERT INTO publication_citation VALUES(76,33,'crossref');
INSERT INTO publication_citation VALUES(76,34,'crossref');
INSERT INTO publication_citation VALUES(76,37,'crossref');
INSERT INTO publication_citation VALUES(76,38,'crossref');
INSERT INTO publication_citation VALUES(76,39,'crossref');
INSERT INTO publication_citation VALUES(76,40,'crossref');
INSERT INTO publication_citation VALUES(76,41,'crossref');
INSERT INTO publication_citation VALUES(76,42,'crossref');
INSERT INTO publication_citation VALUES(76,45,'crossref');
INSERT INTO publication_citation VALUES(76,46,'crossref');
INSERT INTO publication_citation VALUES(76,48,'crossref');
INSERT INTO publication_citation VALUES(76,49,'crossref');
INSERT INTO publication_citation VALUES(76,52,'crossref');
INSERT INTO publication_citation VALUES(76,54,'crossref');
INSERT INTO publication_citation VALUES(76,55,'crossref');
INSERT INTO publication_citation VALUES(76,58,'crossref');
INSERT INTO publication_citation VALUES(76,60,'crossref');
INSERT INTO publication_citation VALUES(76,62,'crossref');
INSERT INTO publication_citation VALUES(76,65,'crossref');
INSERT INTO publication_citation VALUES(76,66,'crossref');
INSERT INTO publication_citation VALUES(76,67,'crossref');
INSERT INTO publication_citation VALUES(76,68,'crossref');
INSERT INTO publication_citation VALUES(76,69,'crossref');
INSERT INTO publication_citation VALUES(76,72,'crossref');
INSERT INTO publication_citation VALUES(76,73,'crossref');
INSERT INTO publication_citation VALUES(76,77,'crossref');
INSERT INTO publication_citation VALUES(76,80,'crossref');
INSERT INTO publication_citation VALUES(76,99,'crossref');
INSERT INTO publication_citation VALUES(77,60,'both');
INSERT INTO publication_citation VALUES(77,62,'both');
INSERT INTO publication_citation VALUES(77,67,'both');
INSERT INTO publication_citation VALUES(77,68,'both');
INSERT INTO publication_citation VALUES(77,73,'both');
INSERT INTO publication_citation VALUES(78,1,'semanticscholar');
INSERT INTO publication_citation VALUES(78,32,'semanticscholar');
INSERT INTO publication_citation VALUES(78,39,'semanticscholar');
INSERT INTO publication_citation VALUES(78,41,'semanticscholar');
INSERT INTO publication_citation VALUES(78,49,'semanticscholar');
INSERT INTO publication_citation VALUES(78,54,'semanticscholar');
INSERT INTO publication_citation VALUES(78,55,'semanticscholar');
INSERT INTO publication_citation VALUES(78,58,'semanticscholar');
INSERT INTO publication_citation VALUES(78,60,'semanticscholar');
INSERT INTO publication_citation VALUES(78,62,'semanticscholar');
INSERT INTO publication_citation VALUES(78,66,'semanticscholar');
INSERT INTO publication_citation VALUES(78,68,'semanticscholar');
INSERT INTO publication_citation VALUES(78,69,'semanticscholar');
INSERT INTO publication_citation VALUES(78,73,'semanticscholar');
INSERT INTO publication_citation VALUES(78,77,'semanticscholar');
INSERT INTO publication_citation VALUES(78,92,'semanticscholar');
INSERT INTO publication_citation VALUES(80,26,'crossref');
INSERT INTO publication_citation VALUES(80,39,'crossref');
INSERT INTO publication_citation VALUES(80,41,'crossref');
INSERT INTO publication_citation VALUES(80,49,'crossref');
INSERT INTO publication_citation VALUES(80,54,'crossref');
INSERT INTO publication_citation VALUES(80,58,'crossref');
INSERT INTO publication_citation VALUES(80,60,'crossref');
INSERT INTO publication_citation VALUES(80,62,'crossref');
INSERT INTO publication_citation VALUES(80,65,'crossref');
INSERT INTO publication_citation VALUES(80,67,'crossref');
INSERT INTO publication_citation VALUES(80,68,'crossref');
INSERT INTO publication_citation VALUES(80,71,'crossref');
INSERT INTO publication_citation VALUES(80,73,'crossref');
INSERT INTO publication_citation VALUES(80,76,'crossref');
INSERT INTO publication_citation VALUES(80,77,'crossref');
INSERT INTO publication_citation VALUES(81,5,'semanticscholar');
INSERT INTO publication_citation VALUES(81,58,'both');
INSERT INTO publication_citation VALUES(81,60,'both');
INSERT INTO publication_citation VALUES(81,62,'both');
INSERT INTO publication_citation VALUES(81,67,'crossref');
INSERT INTO publication_citation VALUES(81,68,'both');
INSERT INTO publication_citation VALUES(81,72,'both');
INSERT INTO publication_citation VALUES(81,73,'both');
INSERT INTO publication_citation VALUES(81,77,'both');
INSERT INTO publication_citation VALUES(82,65,'crossref');
INSERT INTO publication_citation VALUES(82,66,'crossref');
INSERT INTO publication_citation VALUES(82,67,'crossref');
INSERT INTO publication_citation VALUES(82,68,'crossref');
INSERT INTO publication_citation VALUES(82,69,'crossref');
INSERT INTO publication_citation VALUES(82,71,'crossref');
INSERT INTO publication_citation VALUES(82,72,'crossref');
INSERT INTO publication_citation VALUES(82,86,'crossref');
INSERT INTO publication_citation VALUES(82,101,'crossref');
INSERT INTO publication_citation VALUES(83,62,'crossref');
INSERT INTO publication_citation VALUES(83,66,'crossref');
INSERT INTO publication_citation VALUES(83,67,'crossref');
INSERT INTO publication_citation VALUES(83,68,'crossref');
INSERT INTO publication_citation VALUES(83,71,'crossref');
INSERT INTO publication_citation VALUES(83,72,'crossref');
INSERT INTO publication_citation VALUES(83,73,'crossref');
INSERT INTO publication_citation VALUES(83,82,'crossref');
INSERT INTO publication_citation VALUES(83,86,'crossref');
INSERT INTO publication_citation VALUES(83,101,'crossref');
INSERT INTO publication_citation VALUES(84,68,'crossref');
INSERT INTO publication_citation VALUES(84,72,'crossref');
INSERT INTO publication_citation VALUES(84,73,'crossref');
INSERT INTO publication_citation VALUES(84,86,'crossref');
INSERT INTO publication_citation VALUES(84,101,'crossref');
INSERT INTO publication_citation VALUES(85,66,'crossref');
INSERT INTO publication_citation VALUES(85,67,'crossref');
INSERT INTO publication_citation VALUES(85,88,'crossref');
INSERT INTO publication_citation VALUES(85,90,'crossref');
INSERT INTO publication_citation VALUES(85,92,'crossref');
INSERT INTO publication_citation VALUES(86,65,'crossref');
INSERT INTO publication_citation VALUES(86,66,'crossref');
INSERT INTO publication_citation VALUES(86,68,'crossref');
INSERT INTO publication_citation VALUES(86,69,'crossref');
INSERT INTO publication_citation VALUES(86,85,'crossref');
INSERT INTO publication_citation VALUES(87,66,'crossref');
INSERT INTO publication_citation VALUES(87,90,'crossref');
INSERT INTO publication_citation VALUES(87,92,'crossref');
INSERT INTO publication_citation VALUES(88,65,'crossref');
INSERT INTO publication_citation VALUES(88,66,'crossref');
INSERT INTO publication_citation VALUES(89,66,'crossref');
INSERT INTO publication_citation VALUES(89,67,'crossref');
INSERT INTO publication_citation VALUES(89,71,'crossref');
INSERT INTO publication_citation VALUES(89,72,'crossref');
INSERT INTO publication_citation VALUES(89,101,'crossref');
INSERT INTO publication_citation VALUES(91,66,'crossref');
INSERT INTO publication_citation VALUES(91,67,'crossref');
INSERT INTO publication_citation VALUES(91,68,'crossref');
INSERT INTO publication_citation VALUES(91,72,'crossref');
INSERT INTO publication_citation VALUES(91,73,'crossref');
INSERT INTO publication_citation VALUES(91,86,'crossref');
INSERT INTO publication_citation VALUES(91,89,'crossref');
INSERT INTO publication_citation VALUES(91,95,'crossref');
INSERT INTO publication_citation VALUES(92,65,'crossref');
INSERT INTO publication_citation VALUES(92,66,'crossref');
INSERT INTO publication_citation VALUES(93,26,'crossref');
INSERT INTO publication_citation VALUES(93,49,'crossref');
INSERT INTO publication_citation VALUES(93,54,'crossref');
INSERT INTO publication_citation VALUES(93,58,'crossref');
INSERT INTO publication_citation VALUES(93,62,'crossref');
INSERT INTO publication_citation VALUES(94,67,'crossref');
INSERT INTO publication_citation VALUES(94,68,'both');
INSERT INTO publication_citation VALUES(94,71,'both');
INSERT INTO publication_citation VALUES(94,72,'both');
INSERT INTO publication_citation VALUES(94,82,'both');
INSERT INTO publication_citation VALUES(94,83,'both');
INSERT INTO publication_citation VALUES(95,66,'both');
INSERT INTO publication_citation VALUES(95,67,'crossref');
INSERT INTO publication_citation VALUES(95,68,'both');
INSERT INTO publication_citation VALUES(95,69,'both');
INSERT INTO publication_citation VALUES(95,70,'both');
INSERT INTO publication_citation VALUES(95,72,'both');
INSERT INTO publication_citation VALUES(95,73,'both');
INSERT INTO publication_citation VALUES(96,2,'crossref');
INSERT INTO publication_citation VALUES(96,21,'crossref');
INSERT INTO publication_citation VALUES(96,26,'crossref');
INSERT INTO publication_citation VALUES(96,28,'crossref');
INSERT INTO publication_citation VALUES(96,32,'crossref');
INSERT INTO publication_citation VALUES(96,33,'crossref');
INSERT INTO publication_citation VALUES(96,37,'crossref');
INSERT INTO publication_citation VALUES(96,38,'crossref');
INSERT INTO publication_citation VALUES(96,39,'crossref');
INSERT INTO publication_citation VALUES(96,41,'crossref');
INSERT INTO publication_citation VALUES(96,46,'crossref');
INSERT INTO publication_citation VALUES(96,49,'crossref');
INSERT INTO publication_citation VALUES(96,54,'crossref');
INSERT INTO publication_citation VALUES(96,58,'crossref');
INSERT INTO publication_citation VALUES(96,62,'crossref');
INSERT INTO publication_citation VALUES(96,77,'crossref');
INSERT INTO publication_citation VALUES(96,99,'crossref');
INSERT INTO publication_citation VALUES(98,1,'crossref');
INSERT INTO publication_citation VALUES(98,32,'crossref');
INSERT INTO publication_citation VALUES(98,33,'both');
INSERT INTO publication_citation VALUES(98,34,'crossref');
INSERT INTO publication_citation VALUES(98,37,'crossref');
INSERT INTO publication_citation VALUES(98,38,'crossref');
INSERT INTO publication_citation VALUES(98,39,'both');
INSERT INTO publication_citation VALUES(98,45,'crossref');
INSERT INTO publication_citation VALUES(98,49,'crossref');
INSERT INTO publication_citation VALUES(98,52,'crossref');
INSERT INTO publication_citation VALUES(98,54,'both');
INSERT INTO publication_citation VALUES(98,58,'both');
INSERT INTO publication_citation VALUES(98,62,'both');
INSERT INTO publication_citation VALUES(98,76,'crossref');
INSERT INTO publication_citation VALUES(98,77,'crossref');
INSERT INTO publication_citation VALUES(98,99,'crossref');
INSERT INTO publication_citation VALUES(99,54,'semanticscholar');
INSERT INTO publication_citation VALUES(99,62,'semanticscholar');
INSERT INTO publication_citation VALUES(99,66,'semanticscholar');
INSERT INTO publication_citation VALUES(99,77,'semanticscholar');
INSERT INTO publication_citation VALUES(100,54,'both');
INSERT INTO publication_citation VALUES(100,58,'both');
INSERT INTO publication_citation VALUES(100,60,'both');
INSERT INTO publication_citation VALUES(100,62,'both');
INSERT INTO publication_citation VALUES(100,65,'both');
INSERT INTO publication_citation VALUES(100,67,'crossref');
INSERT INTO publication_citation VALUES(100,68,'both');
INSERT INTO publication_citation VALUES(100,69,'both');
INSERT INTO publication_citation VALUES(100,73,'both');
INSERT INTO publication_citation VALUES(100,77,'both');
INSERT INTO publication_citation VALUES(100,101,'both');
INSERT INTO publication_citation VALUES(101,65,'both');
INSERT INTO publication_citation VALUES(101,67,'crossref');
INSERT INTO publication_citation VALUES(101,68,'both');
INSERT INTO publication_citation VALUES(101,69,'both');
INSERT INTO publication_citation VALUES(30,44,'semanticscholar');
INSERT INTO publication_citation VALUES(30,110,'semanticscholar');
INSERT INTO publication_citation VALUES(103,11,'crossref');
INSERT INTO publication_citation VALUES(103,30,'crossref');
INSERT INTO publication_citation VALUES(103,38,'crossref');
INSERT INTO publication_citation VALUES(103,45,'crossref');
INSERT INTO publication_citation VALUES(105,11,'crossref');
INSERT INTO publication_citation VALUES(105,65,'crossref');
INSERT INTO publication_citation VALUES(107,38,'crossref');
INSERT INTO publication_citation VALUES(107,102,'crossref');
INSERT INTO publication_citation VALUES(107,105,'crossref');
INSERT INTO publication_citation VALUES(107,114,'crossref');
INSERT INTO publication_citation VALUES(108,65,'both');
INSERT INTO publication_citation VALUES(108,102,'semanticscholar');
INSERT INTO publication_citation VALUES(108,105,'crossref');
INSERT INTO publication_citation VALUES(109,57,'crossref');
INSERT INTO publication_citation VALUES(111,65,'both');
INSERT INTO publication_citation VALUES(116,2,'semanticscholar');
INSERT INTO publication_citation VALUES(116,41,'semanticscholar');
INSERT INTO publication_citation VALUES(116,49,'semanticscholar');
INSERT INTO publication_citation VALUES(116,62,'semanticscholar');
INSERT INTO publication_citation VALUES(45,26,'both');
INSERT INTO publication_citation VALUES(45,39,'both');
INSERT INTO publication_citation VALUES(45,49,'both');
INSERT INTO publication_citation VALUES(45,54,'both');
INSERT INTO publication_citation VALUES(45,55,'both');
INSERT INTO publication_citation VALUES(45,60,'both');
INSERT INTO publication_citation VALUES(45,62,'both');
INSERT INTO publication_citation VALUES(45,77,'both');
INSERT INTO publication_citation VALUES(45,101,'both');
INSERT INTO publication_citation VALUES(106,60,'crossref');
INSERT INTO publication_citation VALUES(106,62,'crossref');
INSERT INTO publication_citation VALUES(114,49,'both');
INSERT INTO publication_citation VALUES(114,54,'both');
INSERT INTO publication_citation VALUES(114,62,'both');
INSERT INTO publication_citation VALUES(114,67,'crossref');
INSERT INTO publication_citation VALUES(114,71,'both');
INSERT INTO publication_citation VALUES(115,21,'crossref');
INSERT INTO publication_citation VALUES(115,26,'crossref');
INSERT INTO publication_citation VALUES(115,34,'crossref');
INSERT INTO publication_citation VALUES(115,62,'crossref');
INSERT INTO publication_citation VALUES(115,98,'crossref');
INSERT INTO publication_citation VALUES(117,1,'crossref');
INSERT INTO publication_citation VALUES(117,21,'crossref');
INSERT INTO publication_citation VALUES(117,26,'crossref');
INSERT INTO publication_citation VALUES(117,34,'crossref');
INSERT INTO publication_citation VALUES(117,37,'crossref');
INSERT INTO publication_citation VALUES(117,39,'crossref');
INSERT INTO publication_citation VALUES(117,41,'crossref');
INSERT INTO publication_citation VALUES(117,51,'crossref');
INSERT INTO publication_citation VALUES(117,54,'crossref');
INSERT INTO publication_citation VALUES(117,58,'crossref');
INSERT INTO publication_citation VALUES(117,60,'crossref');
INSERT INTO publication_citation VALUES(117,61,'crossref');
INSERT INTO publication_citation VALUES(117,62,'crossref');
INSERT INTO publication_citation VALUES(117,65,'crossref');
INSERT INTO publication_citation VALUES(117,66,'crossref');
INSERT INTO publication_citation VALUES(117,67,'crossref');
INSERT INTO publication_citation VALUES(117,68,'crossref');
INSERT INTO publication_citation VALUES(117,69,'crossref');
INSERT INTO publication_citation VALUES(117,71,'crossref');
INSERT INTO publication_citation VALUES(117,73,'crossref');
INSERT INTO publication_citation VALUES(117,76,'crossref');
INSERT INTO publication_citation VALUES(117,77,'crossref');
INSERT INTO publication_citation VALUES(117,80,'crossref');
INSERT INTO publication_citation VALUES(117,88,'crossref');
INSERT INTO publication_citation VALUES(117,91,'crossref');
INSERT INTO publication_citation VALUES(117,103,'crossref');
INSERT INTO publication_citation VALUES(118,70,'crossref');
INSERT INTO publication_citation VALUES(118,86,'crossref');
INSERT INTO publication_citation VALUES(118,92,'crossref');
INSERT INTO publication_citation VALUES(119,1,'crossref');
INSERT INTO publication_citation VALUES(119,32,'crossref');
INSERT INTO publication_citation VALUES(119,34,'crossref');
INSERT INTO publication_citation VALUES(119,37,'crossref');
INSERT INTO publication_citation VALUES(119,39,'crossref');
INSERT INTO publication_citation VALUES(119,41,'crossref');
INSERT INTO publication_citation VALUES(119,42,'crossref');
INSERT INTO publication_citation VALUES(119,46,'crossref');
INSERT INTO publication_citation VALUES(119,48,'crossref');
INSERT INTO publication_citation VALUES(119,49,'crossref');
INSERT INTO publication_citation VALUES(119,52,'crossref');
INSERT INTO publication_citation VALUES(119,54,'crossref');
INSERT INTO publication_citation VALUES(119,56,'crossref');
INSERT INTO publication_citation VALUES(119,58,'crossref');
INSERT INTO publication_citation VALUES(119,60,'crossref');
INSERT INTO publication_citation VALUES(119,62,'crossref');
INSERT INTO publication_citation VALUES(119,66,'crossref');
INSERT INTO publication_citation VALUES(119,67,'crossref');
INSERT INTO publication_citation VALUES(119,68,'crossref');
INSERT INTO publication_citation VALUES(119,70,'crossref');
INSERT INTO publication_citation VALUES(119,71,'crossref');
INSERT INTO publication_citation VALUES(119,72,'crossref');
INSERT INTO publication_citation VALUES(119,73,'crossref');
INSERT INTO publication_citation VALUES(119,77,'crossref');
INSERT INTO publication_citation VALUES(119,99,'crossref');
INSERT INTO publication_citation VALUES(119,101,'crossref');
INSERT INTO publication_citation VALUES(119,103,'crossref');
INSERT INTO publication_citation VALUES(119,108,'crossref');
INSERT INTO publication_citation VALUES(119,110,'crossref');
INSERT INTO publication_citation VALUES(120,44,'crossref');
INSERT INTO publication_citation VALUES(120,54,'crossref');
INSERT INTO publication_citation VALUES(120,58,'crossref');
INSERT INTO publication_citation VALUES(120,60,'crossref');
INSERT INTO publication_citation VALUES(120,62,'crossref');
INSERT INTO publication_citation VALUES(120,67,'crossref');
INSERT INTO publication_citation VALUES(120,73,'crossref');
INSERT INTO publication_citation VALUES(120,77,'crossref');
INSERT INTO publication_citation VALUES(120,101,'crossref');
INSERT INTO publication_citation VALUES(120,102,'crossref');
INSERT INTO publication_citation VALUES(120,110,'crossref');
INSERT INTO publication_citation VALUES(122,2,'crossref');
INSERT INTO publication_citation VALUES(122,21,'crossref');
INSERT INTO publication_citation VALUES(122,41,'crossref');
INSERT INTO publication_citation VALUES(122,54,'crossref');
INSERT INTO publication_citation VALUES(122,62,'crossref');
INSERT INTO publication_citation VALUES(122,80,'crossref');
INSERT INTO publication_citation VALUES(122,81,'crossref');
INSERT INTO publication_citation VALUES(122,93,'crossref');
INSERT INTO publication_citation VALUES(122,101,'crossref');
INSERT INTO publication_citation VALUES(123,65,'both');
INSERT INTO publication_citation VALUES(123,66,'both');
INSERT INTO publication_citation VALUES(123,67,'both');
INSERT INTO publication_citation VALUES(123,68,'both');
INSERT INTO publication_citation VALUES(123,69,'both');
INSERT INTO publication_citation VALUES(124,65,'crossref');
INSERT INTO publication_citation VALUES(124,66,'crossref');
INSERT INTO publication_citation VALUES(124,67,'crossref');
INSERT INTO publication_citation VALUES(124,68,'crossref');
INSERT INTO publication_citation VALUES(124,69,'crossref');
INSERT INTO publication_citation VALUES(124,70,'crossref');
INSERT INTO publication_citation VALUES(124,72,'crossref');
INSERT INTO publication_citation VALUES(124,73,'crossref');
INSERT INTO publication_citation VALUES(124,88,'crossref');
INSERT INTO publication_citation VALUES(124,95,'crossref');
INSERT INTO publication_citation VALUES(124,118,'crossref');
INSERT INTO publication_citation VALUES(124,123,'crossref');
INSERT INTO publication_citation VALUES(125,21,'crossref');
INSERT INTO publication_citation VALUES(125,26,'crossref');
INSERT INTO publication_citation VALUES(125,28,'crossref');
INSERT INTO publication_citation VALUES(125,39,'crossref');
INSERT INTO publication_citation VALUES(125,60,'crossref');
INSERT INTO publication_citation VALUES(125,62,'crossref');
INSERT INTO publication_citation VALUES(125,101,'crossref');
INSERT INTO publication_citation VALUES(125,107,'crossref');
INSERT INTO publication_citation VALUES(125,108,'crossref');
INSERT INTO publication_citation VALUES(126,26,'semanticscholar');
INSERT INTO publication_citation VALUES(126,49,'semanticscholar');
INSERT INTO publication_citation VALUES(126,54,'semanticscholar');
INSERT INTO publication_citation VALUES(126,58,'semanticscholar');
INSERT INTO publication_citation VALUES(126,62,'semanticscholar');
INSERT INTO publication_citation VALUES(126,68,'semanticscholar');
INSERT INTO publication_citation VALUES(126,82,'semanticscholar');
INSERT INTO publication_citation VALUES(127,21,'crossref');
INSERT INTO publication_citation VALUES(127,26,'crossref');
INSERT INTO publication_citation VALUES(127,41,'crossref');
INSERT INTO publication_citation VALUES(127,49,'crossref');
INSERT INTO publication_citation VALUES(127,54,'crossref');
INSERT INTO publication_citation VALUES(127,58,'crossref');
INSERT INTO publication_citation VALUES(127,62,'crossref');
INSERT INTO publication_citation VALUES(127,67,'crossref');
INSERT INTO publication_citation VALUES(127,68,'crossref');
INSERT INTO publication_citation VALUES(127,80,'crossref');
INSERT INTO publication_citation VALUES(127,82,'crossref');
CREATE TABLE journal_impact (
    journal           TEXT PRIMARY KEY,
    openalex_id       TEXT,
    two_yr_citedness  REAL,
    h_index           INTEGER,
    works_count       INTEGER,
    year_collected    INTEGER NOT NULL
);
INSERT INTO journal_impact VALUES('Analytical Chemistry','S191963794',5.98315553060078642,481,140087,2026);
INSERT INTO journal_impact VALUES('Bioinformatics','S52395412',5.77400468384074905,567,19368,2026);
INSERT INTO journal_impact VALUES('Bioinformatics Advances','S4210234069',2.13569321533923295,28,1020,2026);
INSERT INTO journal_impact VALUES('Briefings in Bioinformatics','S91767247',5.93318360471645167,208,5717,2026);
INSERT INTO journal_impact VALUES('Cell Systems','S2764739556',5.44078947368421061,138,1367,2026);
INSERT INTO journal_impact VALUES('Communications Biology','S4210225776',5.35912087912087908,140,10252,2026);
INSERT INTO journal_impact VALUES('Current Bioinformatics','S25854515',1.68023255813953498,48,1439,2026);
INSERT INTO journal_impact VALUES('IEEE Journal of Biomedical and Health Informatics','S2495854775',4.54484210526315823,162,6469,2026);
INSERT INTO journal_impact VALUES('Journal of Computational Biology','S78571599',1.37142857142857144,129,2741,2026);
INSERT INTO journal_impact VALUES('Journal of Proteome Research','S74367812',3.30300568643379355,221,11003,2026);
INSERT INTO journal_impact VALUES('Journal of the American Society for Mass Spectrometry','S60743949',2.42183908045977025,163,8792,2026);
INSERT INTO journal_impact VALUES('Mass Spectrometry Reviews','S69764086',3.35294117647058831,169,1811,2026);
INSERT INTO journal_impact VALUES('Molecular & Cellular Proteomics','S104550190',3.87915407854984906,242,6076,2026);
INSERT INTO journal_impact VALUES('Nature Communications','S64187185',15.2019393939393943,735,88492,2026);
INSERT INTO journal_impact VALUES('Nature Machine Intelligence','S2912241403',18.9849785407725306,143,1238,2026);
INSERT INTO journal_impact VALUES('Nature Methods','S127827428',19.0423991726990706,509,8357,2026);
INSERT INTO journal_impact VALUES('PLoS Computational Biology','S86033158',3.91282051282051268,285,12698,2026);
INSERT INTO journal_impact VALUES('PNAS','S125754415',7.48651828610648095,1165,170553,2026);
INSERT INTO journal_impact VALUES('Proteomics','S182655450',2.46413502109704651,211,10132,2026);
INSERT INTO journal_impact VALUES('Rapid Communications in Mass Spectrometry','S89689683',1.54337152209492645,175,14468,2026);
INSERT INTO journal_impact VALUES('Scientific Data','S2607323502',4.89650655021834069,205,8263,2026);
INSERT INTO journal_impact VALUES('Scientific Reports','S196734849',4.27927203257754751,457,295734,2026);
INSERT INTO journal_impact VALUES('Applied Sciences (MDPI)','S4210205812',3.18170304949175131,219,88434,2026);
INSERT INTO journal_impact VALUES('Nature Biotechnology','S106963461',11.5123739688359307,630,19409,2026);
INSERT INTO journal_impact VALUES('IEEE/ACM Transactions on Computational Biology and Bioinformatics','S36029991',4.54545454545454585,111,3574,2026);
CREATE TABLE algorithm_repository (
  algorithm_id INTEGER NOT NULL
      REFERENCES algorithm(id) ON DELETE CASCADE,
  url          TEXT NOT NULL,
  sort_order   INTEGER NOT NULL DEFAULT 0,
  PRIMARY KEY (algorithm_id, url)
);
INSERT INTO algorithm_repository VALUES(1,'https://github.com/instadeepai/instanovo',0);
INSERT INTO algorithm_repository VALUES(2,'https://github.com/instadeepai/instanovo',0);
INSERT INTO algorithm_repository VALUES(3,'https://github.com/InstaDeepAI/InstaNovo-P',0);
INSERT INTO algorithm_repository VALUES(4,'https://github.com/statisticalbiotechnology/pairwise',0);
INSERT INTO algorithm_repository VALUES(5,'https://github.com/YanFuGroup/DiNovo',0);
INSERT INTO algorithm_repository VALUES(6,'https://github.com/alifare/PepGo/tree/main',0);
INSERT INTO algorithm_repository VALUES(9,'https://github.com/BEAM-Labs/denovo',0);
INSERT INTO algorithm_repository VALUES(10,'https://github.com/gagneurlab/Modanovo',0);
INSERT INTO algorithm_repository VALUES(12,'https://github.com/Noble-Lab/casanovo',0);
INSERT INTO algorithm_repository VALUES(13,'https://github.com/Biocomputing-Research-Group/DiffNovo',0);
INSERT INTO algorithm_repository VALUES(15,'https://github.com/guomics-lab/MassNet-DDA',0);
INSERT INTO algorithm_repository VALUES(16,'https://github.com/BEAM-Labs/denovo/tree/main/RefineNovo',0);
INSERT INTO algorithm_repository VALUES(17,'https://github.com/usr922/LIPNovo',0);
INSERT INTO algorithm_repository VALUES(18,'https://github.com/qiyueliuhuo8/TSARseqNovo',0);
INSERT INTO algorithm_repository VALUES(19,'https://github.com/biocc/SP-MEGD_Fusion',0);
INSERT INTO algorithm_repository VALUES(20,'https://github.com/BEAM-Labs/denovo/tree/main/PrimeNovo',0);
INSERT INTO algorithm_repository VALUES(22,'https://github.com/hearthewind/dianovo',0);
INSERT INTO algorithm_repository VALUES(24,'https://github.com/PHOENIXcenter/pi-xNovo',0);
INSERT INTO algorithm_repository VALUES(25,'https://github.com/ThatMatin/TransNovo',0);
INSERT INTO algorithm_repository VALUES(26,'https://github.com/protdb/PowerNovo',0);
INSERT INTO algorithm_repository VALUES(28,'https://github.com/Biocomputing-Research-Group/Transformer-DIA',0);
INSERT INTO algorithm_repository VALUES(29,'https://github.com/progistar/pXg',0);
INSERT INTO algorithm_repository VALUES(31,'https://github.com/ProteomeTeam/NovoB',0);
INSERT INTO algorithm_repository VALUES(32,'https://github.com/PHOENIXcenter/pi-HelixNovo',0);
INSERT INTO algorithm_repository VALUES(35,'https://github.com/gagneurlab/spectralis',0);
INSERT INTO algorithm_repository VALUES(36,'https://github.com/BEAM-Labs/ContraNovo',0);
INSERT INTO algorithm_repository VALUES(37,'https://github.com/lkytal/PepNet',0);
INSERT INTO algorithm_repository VALUES(39,'https://github.com/AmadeusloveIris/Graphnovo',0);
INSERT INTO algorithm_repository VALUES(44,'https://github.com/shallFun4Learning/PGPointNovo',0);
INSERT INTO algorithm_repository VALUES(47,'https://github.com/HanyangBISLab/NovoRank',0);
INSERT INTO algorithm_repository VALUES(48,'https://github.com/PNNL-Comp-Mass-Spec/Kaiko',0);
INSERT INTO algorithm_repository VALUES(51,'https://github.com/irleader/PointNovo',0);
INSERT INTO algorithm_repository VALUES(52,'https://github.com/nh2tran/DeepNovoAA',0);
INSERT INTO algorithm_repository VALUES(53,'https://github.com/bbehsaz/cyclonovo',0);
INSERT INTO algorithm_repository VALUES(54,'http://pfind.org/software/pNovo/index.html',0);
INSERT INTO algorithm_repository VALUES(55,'https://github.com/volpato30/DeepNovoV2',0);
INSERT INTO algorithm_repository VALUES(56,'https://github.com/nh2tran/DeepNovo-DIA',0);
INSERT INTO algorithm_repository VALUES(58,'https://github.com/nh2tran/DeepNovo',0);
INSERT INTO algorithm_repository VALUES(59,'https://anonymous.4open.science/r/CausalNovo-C134',0);
INSERT INTO algorithm_repository VALUES(72,'https://github.com/cmb-chula/SMSNet',0);
INSERT INTO algorithm_repository VALUES(74,'https://github.com/junxia97/SearchNovo',0);
INSERT INTO algorithm_repository VALUES(75,'https://github.com/nh2tran/NovoBoard',0);
INSERT INTO algorithm_repository VALUES(90,'https://github.com/Yan98/DPST',0);
INSERT INTO algorithm_repository VALUES(97,'https://pypi.org/project/diffnovo-dia/',0);
INSERT INTO algorithm_repository VALUES(100,'https://github.com/protdb/PowerNovo2',0);
INSERT INTO algorithm_repository VALUES(14,'https://github.com/zqq66/RNovA',0);
INSERT INTO algorithm_repository VALUES(14,'https://github.com/AmadeusloveIris/RNovA_SeqFiller_Inference',1);
CREATE TABLE repository_metrics (
            url            TEXT PRIMARY KEY,
            stars          INTEGER,
            forks          INTEGER,
            open_issues    INTEGER,
            closed_issues  INTEGER,
            open_prs       INTEGER,
            closed_prs     INTEGER,
            last_pushed    TEXT,
            fetched_at     TEXT NOT NULL
        );
INSERT INTO repository_metrics VALUES('https://github.com/instadeepai/instanovo',119,27,9,26,4,95,'2026-04-10T22:53:10Z','2026-05-26T12:38:15');
INSERT INTO repository_metrics VALUES('https://github.com/InstaDeepAI/InstaNovo-P',1,0,0,0,0,3,'2026-05-29T13:53:51Z','2026-05-30T06:54:29');
INSERT INTO repository_metrics VALUES('https://github.com/statisticalbiotechnology/pairwise',3,0,0,0,0,0,'2025-05-05T06:49:32Z','2026-05-26T12:38:15');
INSERT INTO repository_metrics VALUES('https://github.com/YanFuGroup/DiNovo',4,1,1,0,0,1,'2026-03-28T12:45:25Z','2026-05-26T12:38:15');
INSERT INTO repository_metrics VALUES('https://github.com/alifare/PepGo/tree/main',1,0,0,0,0,0,'2026-04-10T10:06:29Z','2026-05-26T12:38:15');
INSERT INTO repository_metrics VALUES('https://github.com/BEAM-Labs/denovo',30,3,1,7,0,0,'2026-05-24T08:13:44Z','2026-05-26T12:38:15');
INSERT INTO repository_metrics VALUES('https://github.com/gagneurlab/Modanovo',2,1,0,1,0,0,'2025-12-04T11:10:34Z','2026-05-26T12:42:18');
INSERT INTO repository_metrics VALUES('https://github.com/biocc/SP-MEGD_Fusion',4,2,0,0,0,0,'2026-02-10T08:43:17Z','2026-05-26T12:38:15');
INSERT INTO repository_metrics VALUES('https://github.com/BEAM-Labs/denovo/tree/main/PrimeNovo',30,3,1,7,0,0,'2026-05-24T08:13:44Z','2026-05-26T12:42:18');
INSERT INTO repository_metrics VALUES('https://github.com/hearthewind/dianovo',4,1,1,0,0,0,'2025-11-12T22:57:57Z','2026-05-26T12:42:18');
INSERT INTO repository_metrics VALUES('https://github.com/ThatMatin/TransNovo',1,0,0,0,0,2,'2024-07-19T08:52:58Z','2026-05-26T12:42:18');
INSERT INTO repository_metrics VALUES('https://github.com/protdb/PowerNovo',10,4,1,2,1,0,'2025-02-27T04:18:01Z','2026-05-26T12:42:18');
INSERT INTO repository_metrics VALUES('https://github.com/Biocomputing-Research-Group/Transformer-DIA',1,1,0,0,0,0,'2025-09-20T20:57:39Z','2026-05-26T12:42:18');
INSERT INTO repository_metrics VALUES('https://github.com/progistar/pXg',5,0,0,1,0,0,'2024-05-22T01:20:58Z','2026-05-26T12:42:18');
INSERT INTO repository_metrics VALUES('https://github.com/shallFun4Learning/PGPointNovo',3,0,1,0,0,0,'2023-01-26T12:33:52Z','2026-05-26T12:38:15');
INSERT INTO repository_metrics VALUES('https://github.com/HanyangBISLab/NovoRank',4,0,0,0,0,0,'2025-03-24T12:58:48Z','2026-05-26T12:42:18');
INSERT INTO repository_metrics VALUES('https://github.com/PNNL-Comp-Mass-Spec/Kaiko',4,5,2,1,0,1,'2021-11-16T16:56:50Z','2026-05-26T12:42:18');
INSERT INTO repository_metrics VALUES('https://github.com/irleader/PointNovo',8,1,0,0,0,0,'2021-11-11T16:52:25Z','2026-05-26T12:42:18');
INSERT INTO repository_metrics VALUES('https://github.com/nh2tran/DeepNovoAA',12,7,0,0,0,0,'2020-11-26T03:52:51Z','2026-05-26T12:42:18');
INSERT INTO repository_metrics VALUES('https://github.com/bbehsaz/cyclonovo',9,0,3,0,0,0,'2020-09-29T03:24:38Z','2026-05-26T12:42:18');
INSERT INTO repository_metrics VALUES('https://github.com/volpato30/DeepNovoV2',27,17,5,0,0,0,'2019-05-21T20:32:37Z','2026-05-26T12:42:18');
INSERT INTO repository_metrics VALUES('https://github.com/protdb/PowerNovo2',2,0,1,0,0,0,'2025-11-08T14:51:06Z','2026-05-26T12:38:15');
INSERT INTO repository_metrics VALUES('https://github.com/Noble-Lab/casanovo',187,75,17,305,7,301,'2026-05-30T19:36:25Z','2026-05-31T07:11:30');
INSERT INTO repository_metrics VALUES('https://github.com/Biocomputing-Research-Group/DiffNovo',2,0,0,0,0,0,'2025-01-08T20:53:03Z','2026-05-26T12:38:15');
INSERT INTO repository_metrics VALUES('https://github.com/zqq66/RNovA',4,2,0,1,0,0,'2026-05-24T18:02:30Z','2026-05-30T06:54:29');
INSERT INTO repository_metrics VALUES('https://github.com/guomics-lab/MassNet-DDA',10,4,0,4,0,6,'2026-02-11T07:47:46Z','2026-05-26T12:38:15');
INSERT INTO repository_metrics VALUES('https://github.com/BEAM-Labs/denovo/tree/main/RefineNovo',30,3,1,7,0,0,'2026-05-24T08:13:44Z','2026-05-26T12:38:15');
INSERT INTO repository_metrics VALUES('https://github.com/usr922/LIPNovo',9,1,1,0,0,0,'2025-05-26T03:21:36Z','2026-05-26T12:38:15');
INSERT INTO repository_metrics VALUES('https://github.com/qiyueliuhuo8/TSARseqNovo',6,1,2,0,0,0,'2024-12-26T15:55:41Z','2026-05-26T12:38:15');
INSERT INTO repository_metrics VALUES('https://github.com/ProteomeTeam/NovoB',2,2,2,4,1,0,'2025-05-07T06:14:46Z','2026-05-26T12:38:15');
INSERT INTO repository_metrics VALUES('https://github.com/PHOENIXcenter/pi-HelixNovo',14,5,0,3,0,0,'2026-05-22T03:59:45Z','2026-05-26T12:38:15');
INSERT INTO repository_metrics VALUES('https://github.com/gagneurlab/spectralis',17,8,5,1,0,0,'2024-10-01T09:58:14Z','2026-05-26T12:38:15');
INSERT INTO repository_metrics VALUES('https://github.com/BEAM-Labs/ContraNovo',23,3,1,8,0,0,'2024-03-15T05:43:26Z','2026-05-26T12:38:15');
INSERT INTO repository_metrics VALUES('https://github.com/lkytal/PepNet',40,12,8,3,0,0,'2024-10-30T21:22:09Z','2026-05-26T12:38:15');
INSERT INTO repository_metrics VALUES('https://github.com/AmadeusloveIris/Graphnovo',15,3,3,0,0,1,'2023-10-16T19:43:44Z','2026-05-26T12:38:15');
INSERT INTO repository_metrics VALUES('https://github.com/nh2tran/DeepNovo-DIA',40,12,1,2,0,0,'2020-11-26T03:49:07Z','2026-05-26T12:38:15');
INSERT INTO repository_metrics VALUES('https://github.com/nh2tran/DeepNovo',102,42,3,9,1,0,'2020-11-27T02:34:25Z','2026-05-26T12:38:15');
INSERT INTO repository_metrics VALUES('https://github.com/cmb-chula/SMSNet',12,7,2,1,13,15,'2024-06-13T13:50:03Z','2026-05-26T12:38:15');
INSERT INTO repository_metrics VALUES('https://github.com/junxia97/SearchNovo',3,1,0,0,0,0,'2025-03-08T02:41:41Z','2026-05-26T12:38:15');
INSERT INTO repository_metrics VALUES('https://github.com/nh2tran/NovoBoard',4,2,0,0,1,0,'2024-08-28T03:38:58Z','2026-05-26T12:38:15');
INSERT INTO repository_metrics VALUES('https://github.com/Yan98/DPST',4,2,2,1,0,0,'2022-08-18T04:30:03Z','2026-05-26T12:38:15');
DELETE FROM sqlite_sequence;
INSERT INTO sqlite_sequence VALUES('country',22);
INSERT INTO sqlite_sequence VALUES('city',80);
INSERT INTO sqlite_sequence VALUES('affiliation',186);
INSERT INTO sqlite_sequence VALUES('author',444);
INSERT INTO sqlite_sequence VALUES('algorithm',103);
INSERT INTO sqlite_sequence VALUES('publication',127);
CREATE INDEX idx_publication_citation_cited ON publication_citation(cited_id);
COMMIT;
