PRAGMA foreign_keys=OFF;
BEGIN TRANSACTION;
CREATE TABLE author (
    id INTEGER PRIMARY KEY AUTOINCREMENT,
    name TEXT NOT NULL,
    email TEXT
);
INSERT INTO author VALUES(1,'Kevin Eloff','k.eloff@instadeep.com');
INSERT INTO author VALUES(2,'Konstantinos Kalogeropoulos','konka@dtu.dk');
INSERT INTO author VALUES(3,'Amandla Mabona',NULL);
INSERT INTO author VALUES(4,'Oliver Morell',NULL);
INSERT INTO author VALUES(5,'Rachel Catzel',NULL);
INSERT INTO author VALUES(6,'Esperanza Rivera-de-Torre',NULL);
INSERT INTO author VALUES(7,'Jakob Berg Jespersen',NULL);
INSERT INTO author VALUES(8,'Wesley Williams',NULL);
INSERT INTO author VALUES(9,'Sam P. B. van Beljouw',NULL);
INSERT INTO author VALUES(10,'Marcin J. Skwark',NULL);
INSERT INTO author VALUES(11,'Andreas Hougaard Laustsen',NULL);
INSERT INTO author VALUES(12,'Stan J. J. Brouns',NULL);
INSERT INTO author VALUES(13,'Anne Ljungars',NULL);
INSERT INTO author VALUES(14,'Erwin M. Schoof',NULL);
INSERT INTO author VALUES(15,'Jeroen Van Goey',NULL);
INSERT INTO author VALUES(16,'Ulrich auf dem Keller',NULL);
INSERT INTO author VALUES(17,'Karim Beguir',NULL);
INSERT INTO author VALUES(18,'Nicolas Lopez Carranza',NULL);
INSERT INTO author VALUES(19,'Timothy P. Jenkins','tpaje@dtu.dk');
INSERT INTO author VALUES(20,'Jesper Lauridsen',NULL);
INSERT INTO author VALUES(21,'Pathmanaban Ramasamy',NULL);
INSERT INTO author VALUES(22,'Vahap Canbay',NULL);
INSERT INTO author VALUES(23,'Paul Fullwood',NULL);
INSERT INTO author VALUES(24,'Jennifer Ferguson',NULL);
INSERT INTO author VALUES(25,'Annekatrine Kirketerp-Møller',NULL);
INSERT INTO author VALUES(26,'Ida Sofie Goldschmidt',NULL);
INSERT INTO author VALUES(27,'Tine Claeys',NULL);
INSERT INTO author VALUES(28,'Sam van Puyenbroeck',NULL);
INSERT INTO author VALUES(29,'Lennart Martens',NULL);
INSERT INTO author VALUES(30,'Chiara Francavilla',NULL);
INSERT INTO author VALUES(31,'Joel Lapin',NULL);
INSERT INTO author VALUES(32,'Alfred Nilsson',NULL);
INSERT INTO author VALUES(33,'Mathias Wilhelm','mathias.wilhelm@tum.de');
INSERT INTO author VALUES(34,'Lukas Käll','lukas.kall@scilifelab.se');
INSERT INTO author VALUES(35,'Zixuan Cao',NULL);
INSERT INTO author VALUES(36,'Xueli Peng',NULL);
INSERT INTO author VALUES(37,'Di Zhang',NULL);
INSERT INTO author VALUES(38,'Piyu Zhou',NULL);
INSERT INTO author VALUES(39,'Li Kang',NULL);
INSERT INTO author VALUES(40,'Hao Chi','chihao@ict.ac.cn');
INSERT INTO author VALUES(41,'Ruitao Wu',NULL);
INSERT INTO author VALUES(42,'Zhiyuan Cheng',NULL);
INSERT INTO author VALUES(43,'Yao Zhang',NULL);
INSERT INTO author VALUES(44,'Jiaxin Dai',NULL);
INSERT INTO author VALUES(45,'Yanchang Li',NULL);
INSERT INTO author VALUES(46,'Lijin Yao',NULL);
INSERT INTO author VALUES(47,'Xinming Li',NULL);
INSERT INTO author VALUES(48,'Jinghan Yang',NULL);
INSERT INTO author VALUES(49,'Haipeng Wang','hpwang@sdut.edu.cn');
INSERT INTO author VALUES(50,'Ping Xu','xuping_bprc@126.com');
INSERT INTO author VALUES(51,'Yan Fu','yfu@amss.ac.cn');
INSERT INTO author VALUES(52,'Yuqi Chang',NULL);
INSERT INTO author VALUES(53,'Siqi Liu','siqiliu@genomics.cn');
INSERT INTO author VALUES(54,'Karsten Kristiansen','kk@bio.ku.dk');
INSERT INTO author VALUES(55,'Shaorong Chen','chenshaorong@westlake.edu.cn');
INSERT INTO author VALUES(56,'Jingbo Zhou',NULL);
INSERT INTO author VALUES(57,'Jun Xia','junxia@hkust-gz.edu.cn');
INSERT INTO author VALUES(58,'Yuhan Chen',NULL);
INSERT INTO author VALUES(59,'Shang Qu',NULL);
INSERT INTO author VALUES(60,'Zhiqiang Gao','gaozhiqiang@pjlab.org.cn');
INSERT INTO author VALUES(61,'Yuejin Yang',NULL);
INSERT INTO author VALUES(62,'Xiang Zhang','xzhang23@ualberta.ca');
INSERT INTO author VALUES(63,'Sheng Xu',NULL);
INSERT INTO author VALUES(64,'Xinjie Mao',NULL);
INSERT INTO author VALUES(65,'Liujia Qian',NULL);
INSERT INTO author VALUES(66,'Jiaqi Wei',NULL);
INSERT INTO author VALUES(67,'Zijie Qiu',NULL);
INSERT INTO author VALUES(68,'Chenyu You',NULL);
INSERT INTO author VALUES(69,'Lei Bai',NULL);
INSERT INTO author VALUES(70,'Ning Ding',NULL);
INSERT INTO author VALUES(71,'Tiannan Guo','guotiannan@westlake.edu.cn');
INSERT INTO author VALUES(72,'Bowen Zhou',NULL);
INSERT INTO author VALUES(73,'Siqi Sun','siqisun@fudan.edu.cn');
INSERT INTO author VALUES(74,'Zhi Jin',NULL);
INSERT INTO author VALUES(75,'Nanqing Dong',NULL);
INSERT INTO author VALUES(76,'Daniela Klaproth-Andrade',NULL);
INSERT INTO author VALUES(77,'Yanik Bruns',NULL);
INSERT INTO author VALUES(78,'Wassim Gabriel',NULL);
INSERT INTO author VALUES(79,'Christian Nix',NULL);
INSERT INTO author VALUES(80,'Valter Bergant',NULL);
INSERT INTO author VALUES(81,'Andreas Pichlmair',NULL);
INSERT INTO author VALUES(82,'Julien Gagneur',NULL);
INSERT INTO author VALUES(83,'Zheng Ma',NULL);
INSERT INTO author VALUES(84,'Gwenneth Straub',NULL);
INSERT INTO author VALUES(85,'Varun Ananth',NULL);
INSERT INTO author VALUES(86,'William E. Fondrie',NULL);
INSERT INTO author VALUES(87,'Chris Hsu',NULL);
INSERT INTO author VALUES(88,'Michael Riffle',NULL);
INSERT INTO author VALUES(89,'Justin Sanders',NULL);
INSERT INTO author VALUES(90,'Bo Wen',NULL);
INSERT INTO author VALUES(91,'Lingwen Xu',NULL);
INSERT INTO author VALUES(92,'Melih Yilmaz',NULL);
INSERT INTO author VALUES(93,'Michael J. MacCoss',NULL);
INSERT INTO author VALUES(94,'Sewoong Oh',NULL);
INSERT INTO author VALUES(95,'Wout Bittremieux','wout.bittremieux@uantwerpen.be');
INSERT INTO author VALUES(96,'William Stafford Noble','william-noble@uw.edu');
INSERT INTO author VALUES(97,'Shiva Ebrahimi','Shiva.Ebrahimi@unt.edu');
INSERT INTO author VALUES(98,'Jiancheng Li',NULL);
INSERT INTO author VALUES(99,'Xuan Guo','Xuan.Guo@unt.edu');
INSERT INTO author VALUES(100,'Zeping Mao',NULL);
INSERT INTO author VALUES(101,'Chao Peng',NULL);
INSERT INTO author VALUES(102,'Yuling Chen',NULL);
INSERT INTO author VALUES(103,'Ping Wu',NULL);
INSERT INTO author VALUES(104,'Qianqiu Zhang',NULL);
INSERT INTO author VALUES(105,'Lei Xin','lxin@bioinfor.com');
INSERT INTO author VALUES(106,'Haiteng Deng',NULL);
INSERT INTO author VALUES(107,'Ming Li','mli@uwaterloo.ca');
INSERT INTO author VALUES(108,'Jun A',NULL);
INSERT INTO author VALUES(109,'Xiaofan Zhang',NULL);
INSERT INTO author VALUES(110,'Te Zhang',NULL);
INSERT INTO author VALUES(111,'Yamin Deng',NULL);
INSERT INTO author VALUES(112,'Pu Liu',NULL);
INSERT INTO author VALUES(113,'Zongxiang Nie',NULL);
INSERT INTO author VALUES(114,'Yi Chen',NULL);
INSERT INTO author VALUES(115,'Ye Du',NULL);
INSERT INTO author VALUES(116,'Chen Yang',NULL);
INSERT INTO author VALUES(117,'Nanxi Yu',NULL);
INSERT INTO author VALUES(118,'Wanyu Lin',NULL);
INSERT INTO author VALUES(119,'Qian Zhao',NULL);
INSERT INTO author VALUES(120,'Shujun Wang','shu-jun.wang@polyu.edu.hk');
INSERT INTO author VALUES(121,'Yang Zhao',NULL);
INSERT INTO author VALUES(122,'Shuo Wang',NULL);
INSERT INTO author VALUES(123,'Jinze Huang',NULL);
INSERT INTO author VALUES(124,'Bo Meng',NULL);
INSERT INTO author VALUES(125,'Dong An',NULL);
INSERT INTO author VALUES(126,'Xiang Fang',NULL);
INSERT INTO author VALUES(127,'Yaoguang Wei',NULL);
INSERT INTO author VALUES(128,'Xinhua Dai',NULL);
INSERT INTO author VALUES(129,'Yueting Xiong',NULL);
INSERT INTO author VALUES(130,'Wenbin Jiang',NULL);
INSERT INTO author VALUES(131,'Jin Xiao',NULL);
INSERT INTO author VALUES(132,'Qingfang Bu',NULL);
INSERT INTO author VALUES(133,'Jingyi Wang',NULL);
INSERT INTO author VALUES(134,'Zhenjian Jiang',NULL);
INSERT INTO author VALUES(135,'Ling Luo',NULL);
INSERT INTO author VALUES(136,'Xiaoqing Chen',NULL);
INSERT INTO author VALUES(137,'Yijie Qiu',NULL);
INSERT INTO author VALUES(138,'Yangtao Wu',NULL);
INSERT INTO author VALUES(139,'Fan Liu',NULL);
INSERT INTO author VALUES(140,'Rongshan Yu',NULL);
INSERT INTO author VALUES(141,'Ning-Shao Xia',NULL);
INSERT INTO author VALUES(142,'Quan Yuan',NULL);
INSERT INTO author VALUES(143,'Tianze Ling',NULL);
INSERT INTO author VALUES(144,'Boyan Sun',NULL);
INSERT INTO author VALUES(145,'Guangshuai Wang',NULL);
INSERT INTO author VALUES(146,'Guibin Wang',NULL);
INSERT INTO author VALUES(147,'Leyuan Li',NULL);
INSERT INTO author VALUES(148,'Muhammad Abdul-Mageed',NULL);
INSERT INTO author VALUES(149,'Laks V.S. Lakshmanan',NULL);
INSERT INTO author VALUES(150,'Wanli Ouyang','ouyangwanli@pjlab.org.cn');
INSERT INTO author VALUES(151,'Cheng Chang','changcheng@ncpsb.org.cn');
INSERT INTO author VALUES(152,'Lecheng Zhang',NULL);
INSERT INTO author VALUES(153,'Zhangyang Gao',NULL);
INSERT INTO author VALUES(154,'Bozhen Hu',NULL);
INSERT INTO author VALUES(155,'Cheng Tan',NULL);
INSERT INTO author VALUES(156,'Wenjie Du',NULL);
INSERT INTO author VALUES(157,'Stan Z. Li','stan.zq.li@westlake.edu.cn');
INSERT INTO author VALUES(158,'Ruixue Zhang',NULL);
INSERT INTO author VALUES(159,'Jiazhen Chen',NULL);
INSERT INTO author VALUES(160,'Paul Shan',NULL);
INSERT INTO author VALUES(161,'Ali Ghodsi','ali.ghodsi@uwaterloo.ca');
INSERT INTO author VALUES(162,'Kai Zou',NULL);
INSERT INTO author VALUES(163,'Yu Wang','wangy20@pcl.ac.cn');
INSERT INTO author VALUES(164,'Zhendong Liang',NULL);
INSERT INTO author VALUES(165,'Tingpeng Yang',NULL);
INSERT INTO author VALUES(166,'Linhai Xie',NULL);
INSERT INTO author VALUES(167,'Yonghong He',NULL);
INSERT INTO author VALUES(168,'Rowan Nelson',NULL);
INSERT INTO author VALUES(169,'Matin Ahmadi',NULL);
INSERT INTO author VALUES(170,'Denis V. Petrovskiy',NULL);
INSERT INTO author VALUES(171,'Kirill S. Nikolsky',NULL);
INSERT INTO author VALUES(172,'Liudmila I. Kulikova',NULL);
INSERT INTO author VALUES(173,'Vladimir R. Rudnev',NULL);
INSERT INTO author VALUES(174,'Tatiana V. Butkova',NULL);
INSERT INTO author VALUES(175,'Kristina A. Malsagova',NULL);
INSERT INTO author VALUES(176,'Arthur T. Kopylov',NULL);
INSERT INTO author VALUES(177,'Anna L. Kaysheva','kaysheva1@gmail.com');
INSERT INTO author VALUES(178,'Paul Rudnick',NULL);
INSERT INTO author VALUES(179,'Rich Johnson',NULL);
INSERT INTO author VALUES(180,'Christine C. Wu',NULL);
INSERT INTO author VALUES(181,'Seunghyuk Choi',NULL);
INSERT INTO author VALUES(182,'Eunok Paek','eunokpaek@hanyang.ac.kr');
INSERT INTO author VALUES(183,'Sizhe Liu',NULL);
INSERT INTO author VALUES(184,'Sangjeong Lee',NULL);
INSERT INTO author VALUES(185,'Hyunwoo Kim','pardess@kisti.re.kr');
INSERT INTO author VALUES(186,'Fan Xu',NULL);
INSERT INTO author VALUES(187,'Xiansong Huang',NULL);
INSERT INTO author VALUES(188,'Fuchu He',NULL);
INSERT INTO author VALUES(189,'Hanqing Liao',NULL);
INSERT INTO author VALUES(190,'Carolina Barra',NULL);
INSERT INTO author VALUES(191,'Zhicheng Zhou',NULL);
INSERT INTO author VALUES(192,'Xu Peng',NULL);
INSERT INTO author VALUES(193,'Isaac Woodhouse',NULL);
INSERT INTO author VALUES(194,'Arun Tailor',NULL);
INSERT INTO author VALUES(195,'Robert Parker',NULL);
INSERT INTO author VALUES(196,'Alexia Carré',NULL);
INSERT INTO author VALUES(197,'Persephone Borrow',NULL);
INSERT INTO author VALUES(198,'Michael J. Hogan',NULL);
INSERT INTO author VALUES(199,'Wayne Paes',NULL);
INSERT INTO author VALUES(200,'Laurence C. Eisenlohr',NULL);
INSERT INTO author VALUES(201,'Roberto Mallone',NULL);
INSERT INTO author VALUES(202,'Morten Nielsen',NULL);
INSERT INTO author VALUES(203,'Nicola Ternette','nicola.ternette@ndm.ox.ac.uk');
INSERT INTO author VALUES(204,'Johannes Hingerl',NULL);
INSERT INTO author VALUES(205,'Nicholas H. Smith',NULL);
INSERT INTO author VALUES(206,'Jakob Träuble',NULL);
INSERT INTO author VALUES(207,'Kaiyuan Liu',NULL);
INSERT INTO author VALUES(208,'Yuzhen Ye',NULL);
INSERT INTO author VALUES(209,'Sujun Li',NULL);
INSERT INTO author VALUES(210,'Haixu Tang',NULL);
INSERT INTO author VALUES(211,'Ngoc Hieu Tran','nh2tran@uwaterloo.ca');
INSERT INTO author VALUES(212,'Ke Wang','wangke@jnu.edu.cn');
INSERT INTO author VALUES(213,'Mingjia Zhu',NULL);
INSERT INTO author VALUES(214,'Weiping Sun',NULL);
INSERT INTO author VALUES(215,'Yizhou Li',NULL);
INSERT INTO author VALUES(216,'Siyu Wu',NULL);
INSERT INTO author VALUES(217,'Zhongzhi Luan','luan.zhongzhi@buaa.edu.cn');
INSERT INTO author VALUES(218,'Zhenxin Fu',NULL);
INSERT INTO author VALUES(219,'Qunying Wang',NULL);
INSERT INTO author VALUES(220,'Xiaofang Xu',NULL);
INSERT INTO author VALUES(221,'Chunde Yang',NULL);
INSERT INTO author VALUES(222,'Qiang He',NULL);
INSERT INTO author VALUES(223,'Kunxian Shu',NULL);
INSERT INTO author VALUES(224,'Yuan Xinpu',NULL);
INSERT INTO author VALUES(225,'Zhiguang Chen','zhiguang.chen@nscc-gz.cn');
INSERT INTO author VALUES(226,'Yunping Zhu','zhuyunping@ncpsb.org.cn');
INSERT INTO author VALUES(227,'Tao Chen','taochen1019@163.com');
INSERT INTO author VALUES(228,'Rui Zhang',NULL);
INSERT INTO author VALUES(229,'Qixin Liu',NULL);
INSERT INTO author VALUES(230,'Mingjie Xie',NULL);
INSERT INTO author VALUES(231,'Dennis Trede',NULL);
INSERT INTO author VALUES(232,'Tharan Srikumar',NULL);
INSERT INTO author VALUES(233,'Jonathan Krieger',NULL);
INSERT INTO author VALUES(234,'Bin Ma',NULL);
INSERT INTO author VALUES(235,'George Rosenberger',NULL);
INSERT INTO author VALUES(236,'Runtao Wang',NULL);
INSERT INTO author VALUES(237,'Jangho Seo',NULL);
INSERT INTO author VALUES(238,'Joon-Yong Lee',NULL);
INSERT INTO author VALUES(239,'Hugh D. Mitchell',NULL);
INSERT INTO author VALUES(240,'Cheng Ge','13851520957@163.com');
INSERT INTO author VALUES(241,'Yi Lu',NULL);
INSERT INTO author VALUES(242,'Jia Qu',NULL);
INSERT INTO author VALUES(243,'Liangxu Xie',NULL);
INSERT INTO author VALUES(244,'Feng Wang',NULL);
INSERT INTO author VALUES(245,'Hong Zhang',NULL);
INSERT INTO author VALUES(246,'Ren Kong','rkong@jsut.edu.cn');
INSERT INTO author VALUES(247,'Shan Chang','schang@jsut.edu.cn');
INSERT INTO author VALUES(248,'Lei Di',NULL);
INSERT INTO author VALUES(249,'Yongxing He',NULL);
INSERT INTO author VALUES(250,'Rui Qiao','rqiao@uwaterloo.ca');
INSERT INTO author VALUES(251,'Xin Chen',NULL);
INSERT INTO author VALUES(252,'Baozhen Shan','bshan@bioinfor.com');
INSERT INTO author VALUES(253,'Bahar Behsaz','bbehsaz@ucsd.edu');
INSERT INTO author VALUES(254,'Hosein Mohimani',NULL);
INSERT INTO author VALUES(255,'Hao Yang',NULL);
INSERT INTO author VALUES(256,'Wen-Feng Zeng',NULL);
INSERT INTO author VALUES(257,'Wen-Jing Zhou',NULL);
INSERT INTO author VALUES(258,'Si-Min He','smhe@ict.ac.cn');
INSERT INTO author VALUES(259,'Samuel E. Miller',NULL);
INSERT INTO author VALUES(260,'Adriana I. Rizzo',NULL);
INSERT INTO author VALUES(261,'Jacob R. Waldbauer',NULL);
INSERT INTO author VALUES(262,'Xianglilan Zhang',NULL);
INSERT INTO author VALUES(263,'Yuanliang Zhang',NULL);
INSERT INTO author VALUES(264,'Lequan Yu',NULL);
INSERT INTO author VALUES(265,'J. Alex Taylor',NULL);
INSERT INTO author VALUES(266,'Richard S. Johnson',NULL);
INSERT INTO author VALUES(267,'Vlado Dancík',NULL);
INSERT INTO author VALUES(268,'Theresa A. Addona',NULL);
INSERT INTO author VALUES(269,'Karl R. Clauser',NULL);
INSERT INTO author VALUES(270,'James E. Vath',NULL);
INSERT INTO author VALUES(271,'Pavel A. Pevzner',NULL);
INSERT INTO author VALUES(272,'Kaizhong Zhang',NULL);
INSERT INTO author VALUES(273,'Christopher Hendrie',NULL);
INSERT INTO author VALUES(274,'Chengzhi Liang',NULL);
INSERT INTO author VALUES(275,'Amanda Doherty-Kirby',NULL);
INSERT INTO author VALUES(276,'Gilles Lajoie',NULL);
INSERT INTO author VALUES(277,'Ari Frank',NULL);
INSERT INTO author VALUES(278,'Bernd Fischer',NULL);
INSERT INTO author VALUES(279,'Volker Roth',NULL);
INSERT INTO author VALUES(280,'Franz Roos',NULL);
INSERT INTO author VALUES(281,'Jonas Grossmann',NULL);
INSERT INTO author VALUES(282,'Sacha Baginsky',NULL);
INSERT INTO author VALUES(283,'Peter Widmayer',NULL);
INSERT INTO author VALUES(284,'Wilhelm Gruissem',NULL);
INSERT INTO author VALUES(285,'Joachim M. Buhmann',NULL);
INSERT INTO author VALUES(286,'Lijuan Mo',NULL);
INSERT INTO author VALUES(287,'Debojyoti Dutta',NULL);
INSERT INTO author VALUES(288,'Yunhu Wan',NULL);
INSERT INTO author VALUES(289,'Ting Chen',NULL);
INSERT INTO author VALUES(290,'Rui-Xiang Sun',NULL);
INSERT INTO author VALUES(291,'Bing Yang',NULL);
INSERT INTO author VALUES(292,'Chun-Qing Song',NULL);
INSERT INTO author VALUES(293,'Le-Heng Wang',NULL);
INSERT INTO author VALUES(294,'Chao Liu',NULL);
INSERT INTO author VALUES(295,'Zuo-Fei Yuan',NULL);
INSERT INTO author VALUES(298,'Meng-Qiu Dong',NULL);
INSERT INTO author VALUES(299,'Haifeng Chen',NULL);
INSERT INTO author VALUES(300,'Kun He',NULL);
INSERT INTO author VALUES(301,'Long Wu',NULL);
INSERT INTO author VALUES(302,'Jianyun Liu',NULL);
INSERT INTO author VALUES(303,'Yonggang Lu',NULL);
CREATE TABLE country (
    id INTEGER PRIMARY KEY AUTOINCREMENT,
    name TEXT NOT NULL UNIQUE
);
INSERT INTO country VALUES(1,'Belgium');
INSERT INTO country VALUES(2,'China');
INSERT INTO country VALUES(3,'Denmark');
INSERT INTO country VALUES(4,'Germany');
INSERT INTO country VALUES(5,'Netherlands');
INSERT INTO country VALUES(6,'Sweden');
INSERT INTO country VALUES(7,'UK');
INSERT INTO country VALUES(8,'USA');
INSERT INTO country VALUES(9,'Canada');
INSERT INTO country VALUES(10,'Slovenia');
INSERT INTO country VALUES(11,'UAE');
INSERT INTO country VALUES(12,'Russia');
INSERT INTO country VALUES(13,'South Korea');
INSERT INTO country VALUES(14,'France');
INSERT INTO country VALUES(15,'Australia');
INSERT INTO country VALUES(16,'Switzerland');
INSERT INTO country VALUES(17,'Slovakia');
CREATE TABLE city (
    id INTEGER PRIMARY KEY AUTOINCREMENT,
    name TEXT NOT NULL,
    country_id INTEGER,
    FOREIGN KEY (country_id) REFERENCES country(id)
        ON DELETE CASCADE
        ON UPDATE CASCADE
);
INSERT INTO city VALUES(1,'London',7);
INSERT INTO city VALUES(2,'Manchester',7);
INSERT INTO city VALUES(3,'Copenhagen',3);
INSERT INTO city VALUES(4,'Kongens Lyngby',3);
INSERT INTO city VALUES(5,'Delft',5);
INSERT INTO city VALUES(6,'Freising',4);
INSERT INTO city VALUES(7,'Garching',4);
INSERT INTO city VALUES(8,'Stockholm',6);
INSERT INTO city VALUES(9,'Beijing',2);
INSERT INTO city VALUES(10,'Shenzhen',2);
INSERT INTO city VALUES(11,'Shenyang',2);
INSERT INTO city VALUES(12,'Zibo',2);
INSERT INTO city VALUES(13,'Ghent',1);
INSERT INTO city VALUES(14,'Brussels',1);
INSERT INTO city VALUES(15,'Hangzhou',2);
INSERT INTO city VALUES(16,'Guangzhou',2);
INSERT INTO city VALUES(17,'Hong Kong',2);
INSERT INTO city VALUES(18,'Shanghai',2);
INSERT INTO city VALUES(19,'New York',8);
INSERT INTO city VALUES(20,'Vancouver',9);
INSERT INTO city VALUES(21,'Munich',4);
INSERT INTO city VALUES(22,'Ljubljana',10);
INSERT INTO city VALUES(23,'Neuherberg',4);
INSERT INTO city VALUES(24,'Waterloo',9);
INSERT INTO city VALUES(25,'Seattle',8);
INSERT INTO city VALUES(26,'Antwerp',1);
INSERT INTO city VALUES(27,'Denton',8);
INSERT INTO city VALUES(28,'Wuhan',2);
INSERT INTO city VALUES(29,'Xiamen',2);
INSERT INTO city VALUES(30,'Suzhou',2);
INSERT INTO city VALUES(31,'Abu Dhabi',11);
INSERT INTO city VALUES(32,'Moscow',12);
INSERT INTO city VALUES(33,'Seoul',13);
INSERT INTO city VALUES(34,'Los Angeles',8);
INSERT INTO city VALUES(35,'Daejeon',13);
INSERT INTO city VALUES(36,'Oxford',7);
INSERT INTO city VALUES(37,'Paris',14);
INSERT INTO city VALUES(38,'Philadelphia',8);
INSERT INTO city VALUES(39,'Utrecht',5);
INSERT INTO city VALUES(40,'Bloomington',8);
INSERT INTO city VALUES(41,'Guiyang',2);
INSERT INTO city VALUES(42,'London',9);
INSERT INTO city VALUES(43,'Chongqing',2);
INSERT INTO city VALUES(44,'Melbourne',15);
INSERT INTO city VALUES(45,'Kitchener',9);
INSERT INTO city VALUES(46,'Bremen',4);
INSERT INTO city VALUES(47,'Milton',9);
INSERT INTO city VALUES(48,'Fällanden',16);
INSERT INTO city VALUES(49,'San Diego',8);
INSERT INTO city VALUES(50,'Richland',8);
INSERT INTO city VALUES(51,'Provo',8);
INSERT INTO city VALUES(52,'Changzhou',2);
INSERT INTO city VALUES(53,'Xuzhou',2);
INSERT INTO city VALUES(54,'Pittsburgh',8);
INSERT INTO city VALUES(55,'Chicago',8);
INSERT INTO city VALUES(56,'La Jolla',8);
INSERT INTO city VALUES(57,'Cambridge',8);
INSERT INTO city VALUES(58,'Košice',17);
INSERT INTO city VALUES(59,'Zurich',16);
INSERT INTO city VALUES(60,'Lanzhou',2);
CREATE TABLE affiliation (
    id INTEGER PRIMARY KEY AUTOINCREMENT,
    name TEXT NOT NULL,
    department TEXT,
    country_id INTEGER,
    city_id INTEGER,
    UNIQUE (name, department),
    FOREIGN KEY (country_id) REFERENCES country(id)
        ON DELETE SET NULL
        ON UPDATE CASCADE,
    FOREIGN KEY (city_id) REFERENCES city(id)
        ON DELETE SET NULL
        ON UPDATE CASCADE
);
INSERT INTO affiliation VALUES(1,'InstaDeep Ltd',NULL,7,1);
INSERT INTO affiliation VALUES(2,'Technical University of Denmark','Department of Biotechnology and Biomedicine',3,4);
INSERT INTO affiliation VALUES(3,'Technical University of Denmark','Novo Nordisk Foundation Center for Biosustainability',3,4);
INSERT INTO affiliation VALUES(4,'Delft University of Technology','Department of Bionanoscience',5,5);
INSERT INTO affiliation VALUES(5,'Kavli Institute of Nanoscience',NULL,5,5);
INSERT INTO affiliation VALUES(6,'Technical University of Denmark','Department of Applied Mathematics and Computer Science',3,4);
INSERT INTO affiliation VALUES(7,'VIB','CompOmics, VIB Center for Medical Biotechnology',1,13);
INSERT INTO affiliation VALUES(8,'Ghent University','Department of Biomolecular Medicine, Faculty of Medicine and Health Sciences',1,13);
INSERT INTO affiliation VALUES(9,'ULB-VUB','Interuniversity Institute of Bioinformatics in Brussels',1,14);
INSERT INTO affiliation VALUES(10,'Vrije Universiteit Brussel','Structural Biology Brussels',1,14);
INSERT INTO affiliation VALUES(11,'The University of Manchester',replace('Division of Molecular and Cellular Function, School of Biological Science, Faculty of Biology Medicine and Health\n(FBMH)','\n',char(10)),7,2);
INSERT INTO affiliation VALUES(12,'Technical University of Munich','Computational Mass Spectrometry, TUM School of Life Sciences',4,6);
INSERT INTO affiliation VALUES(13,'Technical University of Munich','Munich Data Science Institute',4,7);
INSERT INTO affiliation VALUES(14,'KTH - Royal Institute of Technology','Science for Life Laboratory',6,8);
INSERT INTO affiliation VALUES(15,'Chinese Academy of Sciences','State Key Laboratory of Mathematical Science, Academy of Mathematics and Systems Science',2,9);
INSERT INTO affiliation VALUES(16,'Shandong University of Technology','School of Computer Science and Technology',2,12);
INSERT INTO affiliation VALUES(17,'Beijing Institute of Lifeomics',replace('State Key Laboratory of Medical Proteomics, National Center for Protein Sciences (Beijing),\nResearch Unit of Proteomics and Research and Development of New Drug of Chinese Academy of\nMedical Sciences, Beijing Proteome Research Center','\n',char(10)),2,9);
INSERT INTO affiliation VALUES(18,'Chinese Academy of Sciences',replace('Key Laboratory of Intelligent Information Processing of Chinese Academy of Sciences, Institute of\nComputing Technology','\n',char(10)),2,9);
INSERT INTO affiliation VALUES(19,'University of Chinese Academy of Sciences',NULL,2,9);
INSERT INTO affiliation VALUES(20,'China Medical University','Program of Environmental Toxicology, School of Public Health',2,11);
INSERT INTO affiliation VALUES(21,'University of Copenhagen','Department of Biology',3,3);
INSERT INTO affiliation VALUES(22,'BGI-Shenzhen',NULL,2,10);
INSERT INTO affiliation VALUES(23,'Zhejiang University',NULL,2,15);
INSERT INTO affiliation VALUES(24,'Westlake University','AI Lab',2,15);
INSERT INTO affiliation VALUES(25,'The Hong Kong University of Science and Technology (Guangzhou)','AIMS Lab',2,16);
INSERT INTO affiliation VALUES(26,'The Hong Kong University of Science and Technology',NULL,2,17);
INSERT INTO affiliation VALUES(27,'Tongji University','Shanghai Research Institute for Intelligent Autonomous Systems',2,18);
INSERT INTO affiliation VALUES(28,'Westlake University','School of Medicine',2,15);
INSERT INTO affiliation VALUES(29,'Shanghai Innovation Institute',NULL,2,18);
INSERT INTO affiliation VALUES(30,'Stony Brook University','Department of Computer Science',8,19);
INSERT INTO affiliation VALUES(31,'Shanghai Artificial Intelligence Laboratory',NULL,2,18);
INSERT INTO affiliation VALUES(32,'Tsinghua University','Department of Electronic Engineering',2,9);
INSERT INTO affiliation VALUES(33,'Fudan University','Research Institute of Intelligent Complex Systems',2,18);
INSERT INTO affiliation VALUES(34,'University of British Columbia','Department of Computer Science',9,20);
INSERT INTO affiliation VALUES(35,'Zhejiang University','College of Computer Science and Technology',2,15);
INSERT INTO affiliation VALUES(36,'Technical University of Munich','Institute of Virology, School of Medicine',4,21);
INSERT INTO affiliation VALUES(37,'National Institute of Chemistry',NULL,10,22);
INSERT INTO affiliation VALUES(38,'German Centre for Infection Research (DZIF)',NULL,4,21);
INSERT INTO affiliation VALUES(39,'Technical University of Munich','Institute of Human Genetics, School of Medicine',4,21);
INSERT INTO affiliation VALUES(40,'Helmholtz Center Munich','Computational Health Center',4,23);
INSERT INTO affiliation VALUES(41,'Technical University of Munich','TUM School of Computation, Information and Technology',4,7);
INSERT INTO affiliation VALUES(42,'Technical University of Munich','TUM School of Life Sciences',4,21);
INSERT INTO affiliation VALUES(43,'University of Waterloo','David R. Cheriton School of Computer Science',9,24);
INSERT INTO affiliation VALUES(44,'Talus Bioscience',NULL,8,25);
INSERT INTO affiliation VALUES(45,'University of Washington','Department of Electrical and Computer Engineering',8,25);
INSERT INTO affiliation VALUES(46,'University of Antwerp','Department of Computer Science',1,26);
INSERT INTO affiliation VALUES(47,'University of Washington','Department of Genome Sciences',8,25);
INSERT INTO affiliation VALUES(48,'University of Washington','Paul G. Allen School of Computer Science and Engineering',8,25);
INSERT INTO affiliation VALUES(49,'University of North Texas','Department of Computer Science and Engineering',8,27);
INSERT INTO affiliation VALUES(50,'Baizhen Biotechnologies Inc.',NULL,2,28);
INSERT INTO affiliation VALUES(51,'Tsinghua University',NULL,2,9);
INSERT INTO affiliation VALUES(52,'Bioinformatics Solutions Inc.',NULL,9,24);
INSERT INTO affiliation VALUES(53,'Westlake University','Affiliated Hangzhou First People''s Hospital, School of Medicine',2,15);
INSERT INTO affiliation VALUES(54,'Westlake University','Westlake Center for Intelligent Proteomics, Westlake Laboratory of Life Sciences and Biomedicine',2,15);
INSERT INTO affiliation VALUES(55,'Westlake University','Research Center for Industries of the Future, School of Life Sciences',2,15);
INSERT INTO affiliation VALUES(56,'Westlake Omics (Hangzhou) Biotechnology Co., Ltd.',NULL,2,15);
INSERT INTO affiliation VALUES(57,'The Hong Kong Polytechnic University','Department of Biomedical Engineering',2,17);
INSERT INTO affiliation VALUES(58,'The Hong Kong Polytechnic University','Department of Computing',2,17);
INSERT INTO affiliation VALUES(59,'The Hong Kong Polytechnic University','Department of Applied Biology and Chemical Technology',2,17);
INSERT INTO affiliation VALUES(60,'The Hong Kong Polytechnic University','Research Institute for Smart Ageing',2,17);
INSERT INTO affiliation VALUES(61,'The Hong Kong Polytechnic University','Research Institute for Artificial Intelligence of Things',2,17);
INSERT INTO affiliation VALUES(62,'National Institute of Metrology',NULL,2,9);
INSERT INTO affiliation VALUES(63,'Beijing University of Technology',NULL,2,9);
INSERT INTO affiliation VALUES(64,'Xiang An Biomedicine Laboratory',NULL,2,29);
INSERT INTO affiliation VALUES(65,'Xiamen University',NULL,2,29);
INSERT INTO affiliation VALUES(66,'Fudan University','Department of Pathology, Zhongshan Hospital',2,18);
INSERT INTO affiliation VALUES(67,'Soochow University',NULL,2,30);
INSERT INTO affiliation VALUES(68,'Mohamed bin Zayed University of Artificial Intelligence',NULL,11,31);
INSERT INTO affiliation VALUES(69,'Tsinghua University','School of Life Sciences',2,9);
INSERT INTO affiliation VALUES(70,'Beijing Institute of Lifeomics','State Key Laboratory of Medical Proteomics, Beijing Proteome Research Center, National Center for Protein Sciences (Beijing)',2,9);
INSERT INTO affiliation VALUES(71,'Westlake University','School of Engineering',2,15);
INSERT INTO affiliation VALUES(72,'University of Waterloo','Department of Statistics and Actuarial Science',9,24);
INSERT INTO affiliation VALUES(73,'Tsinghua University','Tsinghua Shenzhen International Graduate School',2,10);
INSERT INTO affiliation VALUES(74,'Beijing Institute of Lifeomics','National Center for Protein Sciences (Beijing)',2,9);
INSERT INTO affiliation VALUES(75,'Peng Cheng Laboratory',NULL,2,10);
INSERT INTO affiliation VALUES(76,'Institute of Biomedical Chemistry',NULL,12,32);
INSERT INTO affiliation VALUES(77,'Spectragen Informatics',NULL,8,25);
INSERT INTO affiliation VALUES(78,'Hanyang University',NULL,13,33);
INSERT INTO affiliation VALUES(79,'University of Southern California',NULL,8,34);
INSERT INTO affiliation VALUES(80,'Korea Institute of Science and Technology Information','Center for Biomedical Computing',13,35);
INSERT INTO affiliation VALUES(81,'Beijing Institute of Lifeomics','Research Unit of Proteomics Driven Cancer Precision Medicine, Chinese Academy of Medical Sciences',2,9);
INSERT INTO affiliation VALUES(82,'University of Oxford','The Jenner Institute',7,36);
INSERT INTO affiliation VALUES(83,'University of Oxford','Centre for Immuno-Oncology, Nuffield Department of Medicine',7,36);
INSERT INTO affiliation VALUES(84,'Technical University of Denmark',NULL,3,3);
INSERT INTO affiliation VALUES(85,'Université Paris Cité','Institut Cochin, CNRS, INSERM',14,37);
INSERT INTO affiliation VALUES(86,'Children''s Hospital of Philadelphia','Department of Pathology and Laboratory Medicine',8,38);
INSERT INTO affiliation VALUES(87,'University of Pennsylvania','Department of Pathology and Laboratory Medicine, Perelman School of Medicine',8,38);
INSERT INTO affiliation VALUES(88,'Assistance Publique Hôpitaux de Paris','Service de Diabétologie et Immunologie Clinique, Cochin Hospital',14,37);
INSERT INTO affiliation VALUES(89,'Utrecht University','Department of Pharmaceutical Sciences',5,39);
INSERT INTO affiliation VALUES(90,'Technical University of Munich','Computational Molecular Medicine, School of Computation, Information and Technology',4,21);
INSERT INTO affiliation VALUES(91,'Technical University of Munich','Computational Mass Spectrometry, School of Life Sciences',4,21);
INSERT INTO affiliation VALUES(92,'Indiana University Bloomington','Luddy School of Informatics, Computing, and Engineering',8,40);
INSERT INTO affiliation VALUES(93,'Guizhou University','Key Laboratory of Advanced Manufacturing Technology',2,41);
INSERT INTO affiliation VALUES(94,'Jinan University','College of Information Science and Technology',2,16);
INSERT INTO affiliation VALUES(95,'Western University','Department of Computer Science',9,42);
INSERT INTO affiliation VALUES(96,'Beihang University','Sino-German Joint Software Institute (JSI)',2,9);
INSERT INTO affiliation VALUES(97,'Westlake University','Zhejiang Provincial Laboratory of Life Sciences and Biomedicine, School of Life Sciences',2,15);
INSERT INTO affiliation VALUES(98,'Westlake Institute for Advanced Study','Institute of Basic Medical Sciences',2,15);
INSERT INTO affiliation VALUES(99,'Peking University','Computer Center',2,9);
INSERT INTO affiliation VALUES(100,'Chongqing University of Posts and Telecommunications','School of Computer Science and Technology',2,43);
INSERT INTO affiliation VALUES(101,'Swinburne University of Technology','School of Software and Electrical Engineering',15,44);
INSERT INTO affiliation VALUES(102,'Sun Yat-Sen University','School of Computer Science and Engineering',2,16);
INSERT INTO affiliation VALUES(103,'Chinese PLA General Hospital','Department of General Surgery, First Medical Center',2,9);
INSERT INTO affiliation VALUES(104,'Rapid Novor Inc.',NULL,9,45);
INSERT INTO affiliation VALUES(105,'Bruker Daltonics GmbH & Co. KG',NULL,4,46);
INSERT INTO affiliation VALUES(106,'Bruker Ltd.',NULL,9,47);
INSERT INTO affiliation VALUES(107,'Bruker AG',NULL,16,48);
INSERT INTO affiliation VALUES(108,'University of California San Diego','Skaggs School of Pharmacy and Pharmaceutical Science',8,49);
INSERT INTO affiliation VALUES(109,'Pacific Northwest National Laboratory',NULL,8,50);
INSERT INTO affiliation VALUES(110,'Brigham Young University',NULL,8,51);
INSERT INTO affiliation VALUES(111,'Jiangsu University of Technology','Institute of Bioinformatics and Medical Engineering, School of Electrical and Information Engineering',2,52);
INSERT INTO affiliation VALUES(112,'Changzhou University','School of Computer Science and Artificial Intelligence & Aliyun School of Big Data',2,52);
INSERT INTO affiliation VALUES(113,'China University of Mining and Technology','School of Mathematics',2,53);
INSERT INTO affiliation VALUES(114,'University of California San Diego',NULL,8,49);
INSERT INTO affiliation VALUES(115,'Carnegie Mellon University',NULL,8,54);
INSERT INTO affiliation VALUES(116,'Chinese Academy of Sciences','Key Laboratory of Intelligent Information Processing, Institute of Computing Technology',2,9);
INSERT INTO affiliation VALUES(117,'University of Waterloo','Department of Electrical & Computer Engineering',9,24);
INSERT INTO affiliation VALUES(118,'Beijing Institute of Microbiology and Epidemiology','State Key Laboratory of Pathogen and Biosecurity',2,9);
INSERT INTO affiliation VALUES(119,'University of Chicago','Department of the Geophysical Sciences',8,55);
INSERT INTO affiliation VALUES(120,'National Institute of Biological Sciences, Beijing',NULL,2,9);
INSERT INTO affiliation VALUES(121,'Beihang University','Laboratory of Intelligent Recognition and Image Processing, Beijing Key Laboratory of Digital Media',2,9);
INSERT INTO affiliation VALUES(122,'Immunex Corporation',NULL,8,25);
INSERT INTO affiliation VALUES(123,'Millennium Pharmaceuticals',NULL,8,57);
INSERT INTO affiliation VALUES(124,'Slovak Academy of Sciences','Mathematical Institute',17,58);
INSERT INTO affiliation VALUES(125,'University of Southern California','Departments of Mathematics, Computer Science and Molecular Biology',8,34);
INSERT INTO affiliation VALUES(126,'University of California San Diego','Department of Computer Science & Engineering',8,56);
INSERT INTO affiliation VALUES(127,'ETH Zurich','Institute of Computational Science, Institute of Plant Sciences, and Institute of Theoretical Computer Science',16,59);
INSERT INTO affiliation VALUES(128,'University of Southern California','Department of Biology, Department of Mathematics',8,34);
INSERT INTO affiliation VALUES(129,'Lanzhou University','School of Information Science and Engineering',2,60);
INSERT INTO affiliation VALUES(130,'Lanzhou University','School of Life Science',2,60);
INSERT INTO affiliation VALUES(131,'University of Western Ontario','Department of Computer Science',9,42);
INSERT INTO affiliation VALUES(132,'University of Western Ontario','Department of Biochemistry',9,42);
INSERT INTO affiliation VALUES(133,'The University of Hong Kong',NULL,2,17);
CREATE TABLE author_affiliation (
    author_id INTEGER, -- NOT NULL,
    affiliation_id INTEGER, -- NOT NULL,
    PRIMARY KEY (author_id, affiliation_id),
    FOREIGN KEY (author_id) REFERENCES author(id)
        ON DELETE CASCADE,
    FOREIGN KEY (affiliation_id) REFERENCES affiliation(id)
        ON DELETE CASCADE
);
INSERT INTO author_affiliation VALUES(1,1);
INSERT INTO author_affiliation VALUES(2,2);
INSERT INTO author_affiliation VALUES(3,1);
INSERT INTO author_affiliation VALUES(4,2);
INSERT INTO author_affiliation VALUES(5,1);
INSERT INTO author_affiliation VALUES(6,2);
INSERT INTO author_affiliation VALUES(7,3);
INSERT INTO author_affiliation VALUES(8,1);
INSERT INTO author_affiliation VALUES(9,4);
INSERT INTO author_affiliation VALUES(9,5);
INSERT INTO author_affiliation VALUES(10,1);
INSERT INTO author_affiliation VALUES(11,2);
INSERT INTO author_affiliation VALUES(12,4);
INSERT INTO author_affiliation VALUES(12,5);
INSERT INTO author_affiliation VALUES(13,2);
INSERT INTO author_affiliation VALUES(14,2);
INSERT INTO author_affiliation VALUES(15,1);
INSERT INTO author_affiliation VALUES(16,2);
INSERT INTO author_affiliation VALUES(17,1);
INSERT INTO author_affiliation VALUES(18,1);
INSERT INTO author_affiliation VALUES(19,2);
INSERT INTO author_affiliation VALUES(20,2);
INSERT INTO author_affiliation VALUES(20,6);
INSERT INTO author_affiliation VALUES(21,7);
INSERT INTO author_affiliation VALUES(21,8);
INSERT INTO author_affiliation VALUES(21,9);
INSERT INTO author_affiliation VALUES(21,10);
INSERT INTO author_affiliation VALUES(22,2);
INSERT INTO author_affiliation VALUES(23,11);
INSERT INTO author_affiliation VALUES(24,11);
INSERT INTO author_affiliation VALUES(25,2);
INSERT INTO author_affiliation VALUES(26,2);
INSERT INTO author_affiliation VALUES(27,7);
INSERT INTO author_affiliation VALUES(27,8);
INSERT INTO author_affiliation VALUES(28,7);
INSERT INTO author_affiliation VALUES(28,8);
INSERT INTO author_affiliation VALUES(29,7);
INSERT INTO author_affiliation VALUES(29,8);
INSERT INTO author_affiliation VALUES(30,11);
INSERT INTO author_affiliation VALUES(31,12);
INSERT INTO author_affiliation VALUES(32,14);
INSERT INTO author_affiliation VALUES(33,12);
INSERT INTO author_affiliation VALUES(33,13);
INSERT INTO author_affiliation VALUES(34,14);
INSERT INTO author_affiliation VALUES(35,15);
INSERT INTO author_affiliation VALUES(35,19);
INSERT INTO author_affiliation VALUES(36,15);
INSERT INTO author_affiliation VALUES(36,19);
INSERT INTO author_affiliation VALUES(37,16);
INSERT INTO author_affiliation VALUES(38,15);
INSERT INTO author_affiliation VALUES(38,19);
INSERT INTO author_affiliation VALUES(39,17);
INSERT INTO author_affiliation VALUES(39,20);
INSERT INTO author_affiliation VALUES(40,18);
INSERT INTO author_affiliation VALUES(40,19);
INSERT INTO author_affiliation VALUES(41,16);
INSERT INTO author_affiliation VALUES(42,15);
INSERT INTO author_affiliation VALUES(42,19);
INSERT INTO author_affiliation VALUES(43,17);
INSERT INTO author_affiliation VALUES(44,17);
INSERT INTO author_affiliation VALUES(45,17);
INSERT INTO author_affiliation VALUES(46,16);
INSERT INTO author_affiliation VALUES(47,16);
INSERT INTO author_affiliation VALUES(48,15);
INSERT INTO author_affiliation VALUES(48,19);
INSERT INTO author_affiliation VALUES(49,16);
INSERT INTO author_affiliation VALUES(50,17);
INSERT INTO author_affiliation VALUES(50,20);
INSERT INTO author_affiliation VALUES(51,15);
INSERT INTO author_affiliation VALUES(51,19);
INSERT INTO author_affiliation VALUES(52,21);
INSERT INTO author_affiliation VALUES(53,22);
INSERT INTO author_affiliation VALUES(54,21);
INSERT INTO author_affiliation VALUES(54,22);
INSERT INTO author_affiliation VALUES(55,23);
INSERT INTO author_affiliation VALUES(55,24);
INSERT INTO author_affiliation VALUES(56,23);
INSERT INTO author_affiliation VALUES(56,24);
INSERT INTO author_affiliation VALUES(57,25);
INSERT INTO author_affiliation VALUES(57,26);
INSERT INTO author_affiliation VALUES(58,27);
INSERT INTO author_affiliation VALUES(58,31);
INSERT INTO author_affiliation VALUES(59,31);
INSERT INTO author_affiliation VALUES(59,32);
INSERT INTO author_affiliation VALUES(60,31);
INSERT INTO author_affiliation VALUES(61,31);
INSERT INTO author_affiliation VALUES(61,33);
INSERT INTO author_affiliation VALUES(62,34);
INSERT INTO author_affiliation VALUES(63,31);
INSERT INTO author_affiliation VALUES(63,33);
INSERT INTO author_affiliation VALUES(64,31);
INSERT INTO author_affiliation VALUES(64,28);
INSERT INTO author_affiliation VALUES(64,29);
INSERT INTO author_affiliation VALUES(65,28);
INSERT INTO author_affiliation VALUES(66,31);
INSERT INTO author_affiliation VALUES(66,35);
INSERT INTO author_affiliation VALUES(67,31);
INSERT INTO author_affiliation VALUES(68,30);
INSERT INTO author_affiliation VALUES(69,31);
INSERT INTO author_affiliation VALUES(70,31);
INSERT INTO author_affiliation VALUES(70,32);
INSERT INTO author_affiliation VALUES(71,28);
INSERT INTO author_affiliation VALUES(72,31);
INSERT INTO author_affiliation VALUES(72,32);
INSERT INTO author_affiliation VALUES(73,33);
INSERT INTO author_affiliation VALUES(62,33);
INSERT INTO author_affiliation VALUES(67,33);
INSERT INTO author_affiliation VALUES(74,31);
INSERT INTO author_affiliation VALUES(75,31);
INSERT INTO author_affiliation VALUES(73,31);
INSERT INTO author_affiliation VALUES(76,41);
INSERT INTO author_affiliation VALUES(77,41);
INSERT INTO author_affiliation VALUES(78,42);
INSERT INTO author_affiliation VALUES(79,41);
INSERT INTO author_affiliation VALUES(80,36);
INSERT INTO author_affiliation VALUES(80,37);
INSERT INTO author_affiliation VALUES(81,36);
INSERT INTO author_affiliation VALUES(81,38);
INSERT INTO author_affiliation VALUES(33,42);
INSERT INTO author_affiliation VALUES(82,41);
INSERT INTO author_affiliation VALUES(82,13);
INSERT INTO author_affiliation VALUES(82,39);
INSERT INTO author_affiliation VALUES(82,40);
INSERT INTO author_affiliation VALUES(83,43);
INSERT INTO author_affiliation VALUES(84,47);
INSERT INTO author_affiliation VALUES(85,48);
INSERT INTO author_affiliation VALUES(86,44);
INSERT INTO author_affiliation VALUES(87,47);
INSERT INTO author_affiliation VALUES(88,47);
INSERT INTO author_affiliation VALUES(89,48);
INSERT INTO author_affiliation VALUES(90,47);
INSERT INTO author_affiliation VALUES(91,45);
INSERT INTO author_affiliation VALUES(92,48);
INSERT INTO author_affiliation VALUES(93,47);
INSERT INTO author_affiliation VALUES(94,48);
INSERT INTO author_affiliation VALUES(95,46);
INSERT INTO author_affiliation VALUES(96,47);
INSERT INTO author_affiliation VALUES(96,48);
INSERT INTO author_affiliation VALUES(97,49);
INSERT INTO author_affiliation VALUES(98,49);
INSERT INTO author_affiliation VALUES(99,49);
INSERT INTO author_affiliation VALUES(100,43);
INSERT INTO author_affiliation VALUES(101,50);
INSERT INTO author_affiliation VALUES(102,51);
INSERT INTO author_affiliation VALUES(103,50);
INSERT INTO author_affiliation VALUES(104,43);
INSERT INTO author_affiliation VALUES(105,52);
INSERT INTO author_affiliation VALUES(106,51);
INSERT INTO author_affiliation VALUES(107,43);
INSERT INTO author_affiliation VALUES(108,53);
INSERT INTO author_affiliation VALUES(108,54);
INSERT INTO author_affiliation VALUES(108,55);
INSERT INTO author_affiliation VALUES(109,53);
INSERT INTO author_affiliation VALUES(109,54);
INSERT INTO author_affiliation VALUES(109,55);
INSERT INTO author_affiliation VALUES(110,53);
INSERT INTO author_affiliation VALUES(110,54);
INSERT INTO author_affiliation VALUES(110,55);
INSERT INTO author_affiliation VALUES(111,53);
INSERT INTO author_affiliation VALUES(111,54);
INSERT INTO author_affiliation VALUES(111,55);
INSERT INTO author_affiliation VALUES(112,56);
INSERT INTO author_affiliation VALUES(113,54);
INSERT INTO author_affiliation VALUES(114,54);
INSERT INTO author_affiliation VALUES(71,53);
INSERT INTO author_affiliation VALUES(71,54);
INSERT INTO author_affiliation VALUES(71,55);
INSERT INTO author_affiliation VALUES(115,57);
INSERT INTO author_affiliation VALUES(116,57);
INSERT INTO author_affiliation VALUES(117,57);
INSERT INTO author_affiliation VALUES(118,58);
INSERT INTO author_affiliation VALUES(119,59);
INSERT INTO author_affiliation VALUES(120,57);
INSERT INTO author_affiliation VALUES(120,60);
INSERT INTO author_affiliation VALUES(120,61);
INSERT INTO author_affiliation VALUES(121,62);
INSERT INTO author_affiliation VALUES(121,63);
INSERT INTO author_affiliation VALUES(122,62);
INSERT INTO author_affiliation VALUES(123,62);
INSERT INTO author_affiliation VALUES(123,63);
INSERT INTO author_affiliation VALUES(124,63);
INSERT INTO author_affiliation VALUES(125,62);
INSERT INTO author_affiliation VALUES(126,63);
INSERT INTO author_affiliation VALUES(127,62);
INSERT INTO author_affiliation VALUES(128,63);
INSERT INTO author_affiliation VALUES(129,64);
INSERT INTO author_affiliation VALUES(130,65);
INSERT INTO author_affiliation VALUES(131,65);
INSERT INTO author_affiliation VALUES(132,65);
INSERT INTO author_affiliation VALUES(133,64);
INSERT INTO author_affiliation VALUES(134,66);
INSERT INTO author_affiliation VALUES(135,65);
INSERT INTO author_affiliation VALUES(136,65);
INSERT INTO author_affiliation VALUES(137,64);
INSERT INTO author_affiliation VALUES(138,65);
INSERT INTO author_affiliation VALUES(139,64);
INSERT INTO author_affiliation VALUES(140,65);
INSERT INTO author_affiliation VALUES(141,65);
INSERT INTO author_affiliation VALUES(142,65);
INSERT INTO author_affiliation VALUES(62,31);
INSERT INTO author_affiliation VALUES(143,69);
INSERT INTO author_affiliation VALUES(143,70);
INSERT INTO author_affiliation VALUES(74,67);
INSERT INTO author_affiliation VALUES(144,70);
INSERT INTO author_affiliation VALUES(145,31);
INSERT INTO author_affiliation VALUES(146,70);
INSERT INTO author_affiliation VALUES(147,70);
INSERT INTO author_affiliation VALUES(148,34);
INSERT INTO author_affiliation VALUES(148,68);
INSERT INTO author_affiliation VALUES(149,34);
INSERT INTO author_affiliation VALUES(150,31);
INSERT INTO author_affiliation VALUES(151,70);
INSERT INTO author_affiliation VALUES(152,71);
INSERT INTO author_affiliation VALUES(153,71);
INSERT INTO author_affiliation VALUES(154,71);
INSERT INTO author_affiliation VALUES(155,71);
INSERT INTO author_affiliation VALUES(156,71);
INSERT INTO author_affiliation VALUES(157,71);
INSERT INTO author_affiliation VALUES(158,43);
INSERT INTO author_affiliation VALUES(159,72);
INSERT INTO author_affiliation VALUES(160,52);
INSERT INTO author_affiliation VALUES(161,72);
INSERT INTO author_affiliation VALUES(162,31);
INSERT INTO author_affiliation VALUES(163,75);
INSERT INTO author_affiliation VALUES(164,75);
INSERT INTO author_affiliation VALUES(151,74);
INSERT INTO author_affiliation VALUES(165,75);
INSERT INTO author_affiliation VALUES(165,73);
INSERT INTO author_affiliation VALUES(166,70);
INSERT INTO author_affiliation VALUES(167,73);
INSERT INTO author_affiliation VALUES(168,47);
INSERT INTO author_affiliation VALUES(170,76);
INSERT INTO author_affiliation VALUES(171,76);
INSERT INTO author_affiliation VALUES(172,76);
INSERT INTO author_affiliation VALUES(173,76);
INSERT INTO author_affiliation VALUES(174,76);
INSERT INTO author_affiliation VALUES(175,76);
INSERT INTO author_affiliation VALUES(176,76);
INSERT INTO author_affiliation VALUES(177,76);
INSERT INTO author_affiliation VALUES(178,77);
INSERT INTO author_affiliation VALUES(179,47);
INSERT INTO author_affiliation VALUES(180,47);
INSERT INTO author_affiliation VALUES(181,78);
INSERT INTO author_affiliation VALUES(182,78);
INSERT INTO author_affiliation VALUES(57,71);
INSERT INTO author_affiliation VALUES(55,71);
INSERT INTO author_affiliation VALUES(56,71);
INSERT INTO author_affiliation VALUES(143,51);
INSERT INTO author_affiliation VALUES(183,79);
INSERT INTO author_affiliation VALUES(184,80);
INSERT INTO author_affiliation VALUES(185,80);
INSERT INTO author_affiliation VALUES(164,73);
INSERT INTO author_affiliation VALUES(186,75);
INSERT INTO author_affiliation VALUES(187,75);
INSERT INTO author_affiliation VALUES(167,75);
INSERT INTO author_affiliation VALUES(188,70);
INSERT INTO author_affiliation VALUES(188,81);
INSERT INTO author_affiliation VALUES(151,81);
INSERT INTO author_affiliation VALUES(189,82);
INSERT INTO author_affiliation VALUES(189,83);
INSERT INTO author_affiliation VALUES(190,84);
INSERT INTO author_affiliation VALUES(191,85);
INSERT INTO author_affiliation VALUES(192,82);
INSERT INTO author_affiliation VALUES(193,82);
INSERT INTO author_affiliation VALUES(193,83);
INSERT INTO author_affiliation VALUES(194,82);
INSERT INTO author_affiliation VALUES(194,83);
INSERT INTO author_affiliation VALUES(195,82);
INSERT INTO author_affiliation VALUES(195,83);
INSERT INTO author_affiliation VALUES(196,85);
INSERT INTO author_affiliation VALUES(197,83);
INSERT INTO author_affiliation VALUES(198,86);
INSERT INTO author_affiliation VALUES(199,82);
INSERT INTO author_affiliation VALUES(199,83);
INSERT INTO author_affiliation VALUES(200,86);
INSERT INTO author_affiliation VALUES(200,87);
INSERT INTO author_affiliation VALUES(201,85);
INSERT INTO author_affiliation VALUES(201,88);
INSERT INTO author_affiliation VALUES(202,84);
INSERT INTO author_affiliation VALUES(203,82);
INSERT INTO author_affiliation VALUES(203,83);
INSERT INTO author_affiliation VALUES(203,89);
INSERT INTO author_affiliation VALUES(76,90);
INSERT INTO author_affiliation VALUES(204,90);
INSERT INTO author_affiliation VALUES(205,90);
INSERT INTO author_affiliation VALUES(206,90);
INSERT INTO author_affiliation VALUES(33,91);
INSERT INTO author_affiliation VALUES(82,90);
INSERT INTO author_affiliation VALUES(143,74);
INSERT INTO author_affiliation VALUES(207,92);
INSERT INTO author_affiliation VALUES(208,92);
INSERT INTO author_affiliation VALUES(209,92);
INSERT INTO author_affiliation VALUES(210,92);
INSERT INTO author_affiliation VALUES(211,43);
INSERT INTO author_affiliation VALUES(212,93);
INSERT INTO author_affiliation VALUES(212,94);
INSERT INTO author_affiliation VALUES(213,94);
INSERT INTO author_affiliation VALUES(214,52);
INSERT INTO author_affiliation VALUES(215,95);
INSERT INTO author_affiliation VALUES(216,96);
INSERT INTO author_affiliation VALUES(217,96);
INSERT INTO author_affiliation VALUES(218,99);
INSERT INTO author_affiliation VALUES(219,96);
INSERT INTO author_affiliation VALUES(71,97);
INSERT INTO author_affiliation VALUES(71,98);
INSERT INTO author_affiliation VALUES(220,100);
INSERT INTO author_affiliation VALUES(221,100);
INSERT INTO author_affiliation VALUES(222,101);
INSERT INTO author_affiliation VALUES(223,100);
INSERT INTO author_affiliation VALUES(224,103);
INSERT INTO author_affiliation VALUES(225,102);
INSERT INTO author_affiliation VALUES(226,70);
INSERT INTO author_affiliation VALUES(227,70);
INSERT INTO author_affiliation VALUES(228,104);
INSERT INTO author_affiliation VALUES(229,104);
INSERT INTO author_affiliation VALUES(230,104);
INSERT INTO author_affiliation VALUES(231,105);
INSERT INTO author_affiliation VALUES(232,106);
INSERT INTO author_affiliation VALUES(233,106);
INSERT INTO author_affiliation VALUES(234,104);
INSERT INTO author_affiliation VALUES(235,107);
INSERT INTO author_affiliation VALUES(62,16);
INSERT INTO author_affiliation VALUES(236,16);
INSERT INTO author_affiliation VALUES(95,108);
INSERT INTO author_affiliation VALUES(237,78);
INSERT INTO author_affiliation VALUES(238,109);
INSERT INTO author_affiliation VALUES(239,109);
INSERT INTO author_affiliation VALUES(240,111);
INSERT INTO author_affiliation VALUES(241,111);
INSERT INTO author_affiliation VALUES(242,112);
INSERT INTO author_affiliation VALUES(243,111);
INSERT INTO author_affiliation VALUES(244,112);
INSERT INTO author_affiliation VALUES(245,113);
INSERT INTO author_affiliation VALUES(246,111);
INSERT INTO author_affiliation VALUES(247,111);
INSERT INTO author_affiliation VALUES(250,72);
INSERT INTO author_affiliation VALUES(251,52);
INSERT INTO author_affiliation VALUES(252,52);
INSERT INTO author_affiliation VALUES(253,114);
INSERT INTO author_affiliation VALUES(254,115);
INSERT INTO author_affiliation VALUES(255,116);
INSERT INTO author_affiliation VALUES(255,19);
INSERT INTO author_affiliation VALUES(40,116);
INSERT INTO author_affiliation VALUES(256,116);
INSERT INTO author_affiliation VALUES(256,19);
INSERT INTO author_affiliation VALUES(257,116);
INSERT INTO author_affiliation VALUES(257,19);
INSERT INTO author_affiliation VALUES(258,116);
INSERT INTO author_affiliation VALUES(258,19);
INSERT INTO author_affiliation VALUES(259,119);
INSERT INTO author_affiliation VALUES(260,119);
INSERT INTO author_affiliation VALUES(261,119);
INSERT INTO author_affiliation VALUES(262,43);
INSERT INTO author_affiliation VALUES(262,118);
INSERT INTO author_affiliation VALUES(299,116);
INSERT INTO author_affiliation VALUES(300,116);
INSERT INTO author_affiliation VALUES(301,116);
INSERT INTO author_affiliation VALUES(290,116);
INSERT INTO author_affiliation VALUES(299,19);
INSERT INTO author_affiliation VALUES(300,19);
INSERT INTO author_affiliation VALUES(301,19);
INSERT INTO author_affiliation VALUES(291,120);
INSERT INTO author_affiliation VALUES(292,120);
INSERT INTO author_affiliation VALUES(298,120);
INSERT INTO author_affiliation VALUES(302,121);
INSERT INTO author_affiliation VALUES(265,122);
INSERT INTO author_affiliation VALUES(266,122);
INSERT INTO author_affiliation VALUES(267,123);
INSERT INTO author_affiliation VALUES(267,124);
INSERT INTO author_affiliation VALUES(268,123);
INSERT INTO author_affiliation VALUES(269,123);
INSERT INTO author_affiliation VALUES(270,123);
INSERT INTO author_affiliation VALUES(271,125);
INSERT INTO author_affiliation VALUES(271,126);
INSERT INTO author_affiliation VALUES(277,126);
INSERT INTO author_affiliation VALUES(278,127);
INSERT INTO author_affiliation VALUES(279,127);
INSERT INTO author_affiliation VALUES(280,127);
INSERT INTO author_affiliation VALUES(281,127);
INSERT INTO author_affiliation VALUES(282,127);
INSERT INTO author_affiliation VALUES(283,127);
INSERT INTO author_affiliation VALUES(284,127);
INSERT INTO author_affiliation VALUES(285,127);
INSERT INTO author_affiliation VALUES(286,128);
INSERT INTO author_affiliation VALUES(287,128);
INSERT INTO author_affiliation VALUES(288,128);
INSERT INTO author_affiliation VALUES(289,128);
INSERT INTO author_affiliation VALUES(248,129);
INSERT INTO author_affiliation VALUES(249,130);
INSERT INTO author_affiliation VALUES(303,129);
INSERT INTO author_affiliation VALUES(107,131);
INSERT INTO author_affiliation VALUES(234,131);
INSERT INTO author_affiliation VALUES(272,131);
INSERT INTO author_affiliation VALUES(273,52);
INSERT INTO author_affiliation VALUES(274,52);
INSERT INTO author_affiliation VALUES(275,132);
INSERT INTO author_affiliation VALUES(276,132);
INSERT INTO author_affiliation VALUES(263,57);
INSERT INTO author_affiliation VALUES(264,133);
INSERT INTO author_affiliation VALUES(294,116);
INSERT INTO author_affiliation VALUES(294,19);
INSERT INTO author_affiliation VALUES(295,116);
INSERT INTO author_affiliation VALUES(295,19);
INSERT INTO author_affiliation VALUES(49,116);
INSERT INTO author_affiliation VALUES(49,19);
INSERT INTO author_affiliation VALUES(51,116);
INSERT INTO author_affiliation VALUES(293,116);
CREATE TABLE algorithm (
    id INTEGER PRIMARY KEY AUTOINCREMENT,
    name TEXT NOT NULL UNIQUE,
    repository TEXT,
    documentation TEXT,
    website TEXT
, algorithm_family TEXT, short_description TEXT, kind TEXT, is_deep_learning INTEGER, acquisition_mode TEXT);
INSERT INTO algorithm VALUES(1,'InstaNovo','https://github.com/instadeepai/instanovo','https://instadeepai.github.io/InstaNovo/','https://instanovo.ai/','Transformer (AR)','Knapsack beam search','algorithm',1,'DDA');
INSERT INTO algorithm VALUES(2,'InstaNovo+','https://github.com/instadeepai/instanovo','https://instadeepai.github.io/InstaNovo/','https://instanovo.ai/','Diffusion','Multinomial diffusion','algorithm',1,'DDA');
INSERT INTO algorithm VALUES(3,'InstaNovo-P','https://github.com/InstaDeepAI/InstaNovo-P',NULL,'https://instanovo.ai/','Transformer (AR)','Phosphoproteomics','algorithm',1,'DDA');
INSERT INTO algorithm VALUES(4,'Pairwise','https://github.com/statisticalbiotechnology/pairwise',NULL,NULL,'Transformer (AR)','Mass difference attention','algorithm',1,'DDA');
INSERT INTO algorithm VALUES(5,'DiNovo','https://github.com/YanFuGroup/DiNovo',NULL,'http://fugroup.amss.ac.cn/software/DiNovo/DiNovoIndex.html','Transformer (AR)','Mirror proteases + DL','algorithm',1,'DDA');
INSERT INTO algorithm VALUES(6,'PepGo','https://github.com/alifare/PepGo/tree/main',NULL,NULL,'Transformer (AR)','Tree search-based decoding','algorithm',1,'DDA');
INSERT INTO algorithm VALUES(7,'DiffuNovo',NULL,NULL,NULL,'Diffusion','Regressor-guided diffusion','algorithm',1,'DDA');
INSERT INTO algorithm VALUES(8,'OmniNovo',NULL,NULL,NULL,'Transformer (NAR)','PTM-aware NAR','algorithm',1,'DDA');
INSERT INTO algorithm VALUES(9,'CrossNovo','https://github.com/BEAM-Labs/denovo',NULL,NULL,'Transformer (NAR)','AR + NAR hybrid','algorithm',1,'DDA');
INSERT INTO algorithm VALUES(10,'Modanovo','https://github.com/gagneurlab/Modanovo',NULL,NULL,'Transformer (AR)','Unified PTM-aware model','algorithm',1,'DDA');
INSERT INTO algorithm VALUES(11,'DIANovo',NULL,NULL,NULL,'GNN','Graph-based DIA sequencing','algorithm',1,'DIA');
INSERT INTO algorithm VALUES(12,'Casanovo','https://github.com/Noble-Lab/casanovo',NULL,NULL,'Transformer (AR)','First Transformer','algorithm',1,'DDA');
INSERT INTO algorithm VALUES(13,'DiffNovo','https://github.com/Biocomputing-Research-Group/DiffNovo',NULL,NULL,'Transformer (NAR)','Transformer-diffusion model','algorithm',1,'DDA');
INSERT INTO algorithm VALUES(14,'RNovA','https://github.com/AmadeusloveIris/RNovA_SeqFiller_Inference',NULL,NULL,'Transformer (AR)','Zero-shot open PTM discovery','algorithm',1,'DDA');
INSERT INTO algorithm VALUES(15,'XuanjiNovo','https://github.com/guomics-lab/MassNet-DDA',NULL,NULL,'Transformer (NAR)','Billion-scale pretraining','algorithm',1,'DDA');
INSERT INTO algorithm VALUES(16,'RefineNovo','https://github.com/BEAM-Labs/denovo/tree/main/RefineNovo',NULL,NULL,'Transformer (NAR)','Curriculum learning','algorithm',1,'DDA');
INSERT INTO algorithm VALUES(17,'LIPNovo','https://github.com/usr922/LIPNovo',NULL,NULL,'Transformer (AR)','Latent imputation','algorithm',1,'DDA');
INSERT INTO algorithm VALUES(18,'TSARseqNovo','https://github.com/qiyueliuhuo8/TSARseqNovo',NULL,NULL,'Transformer (AR)','Semi-autoregressive','algorithm',1,'DDA');
INSERT INTO algorithm VALUES(19,'XA-Novo','https://github.com/biocc/SP-MEGD_Fusion',NULL,NULL,'Transformer (AR)','NAR knowledge distillation','algorithm',1,'DDA');
INSERT INTO algorithm VALUES(20,'π-PrimeNovo','https://github.com/BEAM-Labs/denovo/tree/main/PrimeNovo',NULL,NULL,'Transformer (NAR)','NAR Transformer (CTC)','algorithm',1,'DDA');
INSERT INTO algorithm VALUES(21,'ReNovo',NULL,NULL,NULL,'Transformer (AR)','Retrieval-based sequencing','algorithm',1,'DDA');
INSERT INTO algorithm VALUES(22,'DiaNovo','https://github.com/hearthewind/dianovo',NULL,NULL,'Transformer (AR)','Multiplexed DIA spectra','algorithm',1,'DIA');
INSERT INTO algorithm VALUES(23,'RankNovo',NULL,NULL,NULL,'Transformer (AR)','Universal reranking','post-processor',1,'both');
INSERT INTO algorithm VALUES(24,'π-xNovo','https://github.com/PHOENIXcenter/pi-xNovo',NULL,NULL,'Transformer (AR)','Explainable AI sequencing','algorithm',1,'DDA');
INSERT INTO algorithm VALUES(25,'TransNovo','https://github.com/ThatMatin/TransNovo',NULL,NULL,'Transformer (AR)','Transformer-based sequencing','algorithm',1,'DDA');
INSERT INTO algorithm VALUES(26,'PowerNovo','https://github.com/protdb/PowerNovo',NULL,NULL,'Transformer (AR)','Transformer + BERT ensemble','algorithm',1,'DDA');
INSERT INTO algorithm VALUES(27,'Cascadia',NULL,NULL,NULL,'Transformer (AR)','Transformer for DIA','algorithm',1,'DIA');
INSERT INTO algorithm VALUES(28,'DiaTrans','https://github.com/Biocomputing-Research-Group/Casanovo-DIA',NULL,NULL,'Transformer (AR)','Transformer for DIA','algorithm',1,'DIA');
INSERT INTO algorithm VALUES(29,'pXg','https://github.com/progistar/pXg',NULL,NULL,NULL,'MHC-I noncanonical peptides','downstream-application',0,'DDA');
INSERT INTO algorithm VALUES(30,'AdaNovo',NULL,NULL,NULL,'Transformer (AR)','Mutual info for PTMs','algorithm',1,'DDA');
INSERT INTO algorithm VALUES(31,'NovoB','https://github.com/ProteomeTeam/NovoB',NULL,NULL,'Transformer (AR)','Bidirectional decoding','algorithm',1,'DDA');
INSERT INTO algorithm VALUES(32,'π-HelixNovo','https://github.com/PHOENIXcenter/pi-HelixNovo',NULL,NULL,'Transformer (AR)','Complementary spectra','algorithm',1,'DDA');
INSERT INTO algorithm VALUES(33,'Casanovo-DB',NULL,NULL,NULL,'Transformer (AR)','Database search scoring','adjacent',1,'DDA');
INSERT INTO algorithm VALUES(34,'MARS',NULL,NULL,NULL,NULL,'Non-canonical antigen selection','downstream-application',0,'DDA');
INSERT INTO algorithm VALUES(35,'Spectralis','https://github.com/gagneurlab/spectralis',NULL,NULL,'CNN','AA-gapped convolutional layer','post-processor',1,'DDA');
INSERT INTO algorithm VALUES(36,'ContraNovo','https://github.com/BEAM-Labs/ContraNovo',NULL,NULL,'Transformer (AR)','Contrastive learning','algorithm',1,'DDA');
INSERT INTO algorithm VALUES(37,'PepNet','https://github.com/lkytal/PepNet',NULL,NULL,'CNN','Temporal convolutional network','algorithm',1,'DDA');
INSERT INTO algorithm VALUES(38,'DeepNovo Peptidome',NULL,NULL,NULL,'CNN + RNN','Immunopeptidomics pipeline','downstream-application',1,'DDA');
INSERT INTO algorithm VALUES(39,'GraphNovo','https://github.com/AmadeusloveIris/Graphnovo',NULL,NULL,'GNN','Missing fragments','algorithm',1,'DDA');
INSERT INTO algorithm VALUES(40,'SeqNovo',NULL,NULL,NULL,'Transformer (AR)','Seq2Seq for IoMT','algorithm',1,'DDA');
INSERT INTO algorithm VALUES(41,'GlycanFinder',NULL,NULL,NULL,'CNN','Glycopeptide sequencing','adjacent',1,'DDA');
INSERT INTO algorithm VALUES(42,'DpNovo',NULL,NULL,NULL,'Transformer (AR)','Transformer + dynamic programming','algorithm',1,'DDA');
INSERT INTO algorithm VALUES(43,'BiATNovo',NULL,NULL,NULL,'Transformer (AR)','Bidirectional self-attention','algorithm',1,'DDA');
INSERT INTO algorithm VALUES(44,'PGPointNovo','https://github.com/shallFun4Learning/PGPointNovo',NULL,NULL,'CNN + RNN','Parallel GPU-based PointNovo','algorithm',1,'DDA');
INSERT INTO algorithm VALUES(45,'PaSER Novor',NULL,NULL,NULL,'Transformer (AR)','Real-time 4D-proteomics','algorithm',1,'DDA');
INSERT INTO algorithm VALUES(46,'Denovo-GCN',NULL,NULL,NULL,'GNN','GCN on spectrum graph','algorithm',1,'DDA');
INSERT INTO algorithm VALUES(47,'NovoRank','https://github.com/HanyangBISLab/NovoRank',NULL,NULL,'CNN + RNN','Spectral clustering refinement','post-processor',1,'DDA');
INSERT INTO algorithm VALUES(48,'Kaiko','https://github.com/PNNL-Comp-Mass-Spec/Kaiko',NULL,NULL,'CNN + RNN','Metaproteomics','downstream-application',1,'DDA');
INSERT INTO algorithm VALUES(49,'DePS',NULL,NULL,NULL,'CNN + RNN','Improved deep learning model','algorithm',1,'DDA');
INSERT INTO algorithm VALUES(50,'Deep Novo A+',NULL,NULL,NULL,'CNN + RNN','Improved DeepNovo model','algorithm',1,'DDA');
INSERT INTO algorithm VALUES(51,'PointNovo','https://github.com/irleader/PointNovo',NULL,NULL,'CNN + RNN','Point-set network','algorithm',1,'DDA');
INSERT INTO algorithm VALUES(52,'DeepNovoAA','https://github.com/nh2tran/DeepNovoAA',NULL,NULL,'CNN + RNN','Immunopeptidome neoantigen discovery','downstream-application',1,'DDA');
INSERT INTO algorithm VALUES(53,'CycloNovo','https://github.com/bbehsaz/cyclonovo',NULL,NULL,'Graph / DP','Cyclopeptide sequencing','algorithm',0,'DDA');
INSERT INTO algorithm VALUES(54,'pNovo 3','http://pfind.org/software/pNovo/index.html',NULL,NULL,'Learning-to-rank','Learning-to-rank + pDeep','algorithm',0,'DDA');
INSERT INTO algorithm VALUES(55,'DeepNovo V2','https://github.com/volpato30/DeepNovoV2',NULL,NULL,'CNN + RNN','Improved CNN+LSTM model','algorithm',1,'DDA');
INSERT INTO algorithm VALUES(56,'DeepNovo-DIA','https://github.com/nh2tran/DeepNovo-DIA',NULL,NULL,'CNN + RNN','First de novo for DIA','algorithm',1,'DIA');
INSERT INTO algorithm VALUES(57,'PostNovo',NULL,NULL,NULL,'Random Forest','FDR-controlled ensembling','post-processor',0,'DDA');
INSERT INTO algorithm VALUES(58,'DeepNovo','https://github.com/nh2tran/DeepNovo',NULL,NULL,'CNN + RNN','First DL model (CNN+LSTM)','algorithm',1,'DDA');
INSERT INTO algorithm VALUES(59,'CausalNovo','https://anonymous.4open.science/r/CausalNovo-C134',NULL,NULL,'Transformer (AR)','Causality-informed framework','algorithm',1,'DDA');
INSERT INTO algorithm VALUES(60,'Lutefisk',NULL,NULL,'https://www.proteomesoftware.com/','Heuristic','First widely-used heuristic de novo tool','algorithm',0,'DDA');
INSERT INTO algorithm VALUES(61,'Sherenga',NULL,NULL,NULL,'Graph / DP','Graph-theoretic de novo (foundational)','algorithm',0,'DDA');
INSERT INTO algorithm VALUES(62,'PEAKS',NULL,NULL,'https://www.bioinfor.com/peaks-de-novo/','Graph / DP','Commercial DP-based de novo','algorithm',0,'DDA');
INSERT INTO algorithm VALUES(63,'PepNovo',NULL,NULL,'http://proteomics.ucsd.edu/Software/PepNovo/','Graph / DP','Probabilistic network + DP','algorithm',0,'DDA');
INSERT INTO algorithm VALUES(64,'NovoHMM',NULL,NULL,NULL,'HMM','Generative HMM scoring','algorithm',0,'DDA');
INSERT INTO algorithm VALUES(65,'MSNovo',NULL,NULL,NULL,'Graph / DP','Mass-array dynamic programming','algorithm',0,'DDA');
INSERT INTO algorithm VALUES(66,'pNovo',NULL,NULL,'http://pfind.org/software/pNovo/','Graph / DP','First HCD-focused de novo','algorithm',0,'DDA');
INSERT INTO algorithm VALUES(67,'pNovo+',NULL,NULL,'http://pfind.org/software/pNovo/','Graph / DP','Complementary HCD + ETD spectra','algorithm',0,'DDA');
INSERT INTO algorithm VALUES(68,'Novor',NULL,NULL,'https://novor.cloud/','Decision tree','Real-time decision-tree scoring','algorithm',0,'DDA');
CREATE TABLE publication (
    id INTEGER PRIMARY KEY AUTOINCREMENT,
    title TEXT NOT NULL,
    publication_date DATE,
    doi TEXT UNIQUE,
    publisher TEXT,
    abstract TEXT,
    url TEXT,
    journal TEXT,
    publication_type TEXT NOT NULL -- 'preprint' or 'peer-reviewed'
);
INSERT INTO publication VALUES(1,'De novo peptide sequencing with InstaNovo: Accurate, database-free peptide identification for large scale proteomics experiments','2023-08-30','10.1101/2023.08.30.555055','Cold Spring Harbor Laboratory','Bottom-up mass spectrometry-based proteomics is challenged by the task of identifying the peptide that generates a tandem mass spectrum. Traditional methods that rely on known peptide sequence databases are limited and may not be applicable in certain contexts. De novo peptide sequencing, which assigns peptide sequences to the spectra without prior information, is valuable for various biological applications; yet, due to a lack of accuracy, it remains challenging to apply this approach in many situations. Here, we introduce InstaNovo, a transformer neural network with the ability to translate fragment ion peaks into the sequence of amino acids that make up the studied peptide(s). The model was trained on 28 million labelled spectra matched to 742k human peptides from the ProteomeTools project. We demonstrate that InstaNovo outperforms current state-of-the-art methods on benchmark datasets and showcase its utility in several applications. Building upon human intuition, we also introduce InstaNovo+, a multinomial diffusion model that further improves performance by iterative refinement of predicted sequences. Using these models, we could de novo sequence antibody-based therapeutics with unprecedented coverage, discover novel peptides, and detect unreported organisms in different datasets, thereby expanding the scope and detection rate of proteomics searches. Finally, we could experimentally validate tryptic and non-tryptic peptides with targeted proteomics, demonstrating the fidelity of our predictions. Our models unlock a plethora of opportunities across different scientific domains, such as direct protein sequencing, immunopeptidomics, and exploration of the dark proteome.','https://www.biorxiv.org/content/10.1101/2023.08.30.555055v3','bioRxiv','preprint');
INSERT INTO publication VALUES(2,'InstaNovo enables diffusion-powered de novo peptide sequencing in large-scale proteomics experiments','2025-04-01','10.1038/s42256-025-01019-5','Nature Machine Intelligence','Mass spectrometry-based proteomics focuses on identifying the peptide that generates a tandem mass spectrum. Traditional methods rely on protein databases but are often limited or inapplicable in certain contexts. De novo peptide sequencing, which assigns peptide sequences to spectra without prior information, is valuable for diverse biological applications; however, owing to a lack of accuracy, it remains challenging to apply. Here we introduce InstaNovo, a transformer model that translates fragment ion peaks into peptide sequences. We demonstrate that InstaNovo outperforms state-of-the-art methods and showcase its utility in several applications. We also introduce InstaNovo+, a diffusion model that improves performance through iterative refinement of predicted sequences. Using these models, we achieve improved therapeutic sequencing coverage, discover novel peptides and detect unreported organisms in diverse datasets, thereby expanding the scope and detection rate of proteomics searches. Our models unlock opportunities across domains such as direct protein sequencing, immunopeptidomics and exploration of the dark proteome.','https://doi.org/10.1038/s42256-025-01019-5','Nature Machine Intelligence','peer-reviewed');
INSERT INTO publication VALUES(3,'InstaNovo-P: A de novo peptide sequencing model for phosphoproteomics','2025-05-14','10.1101/2025.05.14.654049','bioRxiv','Phosphorylation, a crucial post-translational modification (PTM), plays a central role in cellular signaling and disease mechanisms. Mass spectrometry-based phosphoproteomics is widely used for system-wide characterization of phosphorylation events. However, traditional methods struggle with accurate phosphorylated site localization, complex search spaces, and detecting sequences outside the reference database. Advances in de novo peptide sequencing offer opportunities to address these limitations, but have yet to become integrated and adapted for phosphoproteomics datasets. Here, we present InstaNovo-P, a phosphorylation specific version of our transformer-based InstaNovo model, fine-tuned on extensive phosphoproteomics datasets. InstaNovo-P significantly surpasses existing methods in phosphorylated peptide detection and phosphorylated site localization accuracy across multiple datasets, including complex experimental scenarios. Our model robustly identifies peptides with single and multiple phosphorylated sites, effectively localizing phosphorylation events on serine, threonine, and tyrosine residues. We experimentally validate our model predictions by studying FGFR2 signaling, further demonstrating that InstaNovo-P uncovers phosphorylated sites previously missed by traditional database searches. These predictions align with critical biological processes, confirming the model''s capacity to yield valuable biological insights. InstaNovo-P adds value to phosphoproteomics experiments by effectively identifying biologically relevant phosphorylation events without prior information, providing a powerful analytical tool for the dissection of signaling pathways.','https://www.biorxiv.org/content/10.1101/2025.05.14.654049v1','bioRxiv','preprint');
INSERT INTO publication VALUES(4,'Pairwise Attention: Leveraging Mass Differences to Enhance De Novo Sequencing of Mass Spectra','2025-03-28','10.1101/2025.03.28.645943','bioRxiv','A fundamental challenge in mass spectrometry-based proteomics is determining which peptide generated a given MS2 spectrum. Peptide sequencing typically relies on matching spectra against a known sequence database, which in some applications is not available. Deep learning-based de novo sequencing can address this limitation by directly predicting peptide sequences from MS2 data. We have seen the application of the transformer architecture to de novo sequencing produce state-of-the-art results on the so-called nine-species benchmark. In this study, we propose an improved transformer encoder inspired by the heuristics used in the manual interpretation of spectra. We modify the attention mechanism with a learned bias based on pairwise mass differences, termed Pairwise Attention (PA). Adding PA improves average peptide precision at 100\% coverage by 12.7\% (5.9 percentage points) over our base transformer on the original nine-species benchmark. We have also achieved a 7.4\% increase over the previously published model Casanovo. Our MS2 encoding strategy is largely orthogonal to other transformer-based models encoding MS2 spectra, enabling straightforward integration into existing deep-learning approaches. Our results show that integrating domain-specific knowledge into transformers boosts de novo sequencing performance.Competing Interest StatementThe authors have declared no competing interest.','https://www.biorxiv.org/content/10.1101/2025.03.28.645943v1','bioRxiv','preprint');
INSERT INTO publication VALUES(5,'DiNovo: high-coverage, high-confidence de novo peptide sequencing using mirror proteases and deep learning','2025-03-20','10.1101/2025.03.20.643920','Cold Spring Harbor Laboratory','Despite the recent advancements driven by deep learning, de novo peptide sequencing is still constrained by incomplete peptide fragmentation and insufficient protein digestion in current single protease-based proteomic experiments. Here, we present a software system, named DiNovo, for high-coverage and confidence de novo peptide sequencing by leveraging the complementarity of mirror proteases. DiNovo is empowered by several innovative algorithms, including a mirror-spectra recognition algorithm independent of pre-sequencing, two sequencing algorithms based on deep learning and graph theory, respectively, and target-decoy mapping, a method for sequencing result evaluation free of prior peptide identification. Compared with the trypsin protease used alone, DiNovo using two pairs of mirror proteases led to two to three times high-confidence amino acids sequenced. Compared with previous single-protease de novo sequencing algorithms, DiNovo achieved much higher sequence coverages. DiNovo also showed great potential as a powerful complement or alternative to database search for peptide identification with quality control.Competing Interest StatementThe authors have declared no competing interest.','https://www.biorxiv.org/content/10.1101/2025.03.20.643920v1','bioRxiv','preprint');
INSERT INTO publication VALUES(6,'PepGo: a deep learning and tree search-based model for de novo peptide sequencing','2025-02-24','10.1101/2025.02.24.640018','bioRxiv','Identifying peptide sequences from tandem mass spectra is a fundamental problem in proteomics. Unlike search-based methods that rely on matching spectra to databases, de novo peptide sequencing determines peptides directly from mass spectra without any prior information. However, the design of models and algorithms for de novo peptide sequencing remains a challenge. Many de novo approaches leverage deep learning but primarily focus on the architecture of neural networks, paying less attention to search algorithms. We introduce PepGo, a de novo peptide sequencing model that integrates Transformer neural networks with Monte Carlo Tree Search (MCTS). PepGo predicts peptide sequences directly from mass spectra without databases, even without prior training. We show that PepGo surpasses existing methods, achieving state-of-the-art performance. To our knowledge, this is the first approach to combine deep learning with MCTS for de novo peptide sequencing, offering a powerful and adaptable solution for peptide identification in proteomics research. Competing Interest Statement The authors have declared no competing interest.','https://www.biorxiv.org/content/10.1101/2025.02.24.640018v1','bioRxiv','preprint');
INSERT INTO publication VALUES(7,'Regressor-guided Diffusion Model for De Novo Peptide Sequencing with Explicit Mass Control','2026-02-23','10.1609/aaai.v40i1.36968','arXiv',NULL,'https://ojs.aaai.org/index.php/AAAI/article/view/36968','AAAI 2026','preprint');
INSERT INTO publication VALUES(8,'Accurate de novo sequencing of the modified proteome with OmniNovo','2025-12-13','10.48550/arXiv.2512.12272','arXiv',NULL,'https://arxiv.org/abs/2512.12272','arXiv','preprint');
INSERT INTO publication VALUES(9,'Bidirectional Representations Augmented Autoregressive Biological Sequence Generation: Applications in De Novo Peptide Sequencing','2025-10-17','10.48550/arXiv.2510.08169','arXiv',NULL,'https://arxiv.org/abs/2510.08169','NeurIPS 2025','preprint');
INSERT INTO publication VALUES(10,'Modanovo: A Unified Model for Post-Translational Modification-Aware de Novo Sequencing Using Experimental Spectra from In Vivo and Synthetic Peptides','2025-09-16','10.1101/2025.09.12.675784','bioRxiv',NULL,'https://www.biorxiv.org/content/10.1101/2025.09.12.675784v1','bioRxiv','preprint');
INSERT INTO publication VALUES(11,'Advancing Proteomic Analyses with Graph-Based Deep Learning: Protein Inference and DIA De Novo Peptide Sequencing','2025-08-15',NULL,'PhD thesis',NULL,'https://dspacemainprd01.lib.uwaterloo.ca/server/api/core/bitstreams/2cd3373a-a4cd-4536-8cec-464a86330205/content',NULL,'thesis');
INSERT INTO publication VALUES(12,'Improvements to CasaNovo, a deep learning de novo peptide sequencer','2025-07-26','10.1101/2025.07.25.666826','Cold Spring Harbor Laboratory',NULL,'https://www.biorxiv.org/content/10.1101/2025.07.25.666826v1','bioRxiv','preprint');
INSERT INTO publication VALUES(13,'DiffNovo: A Transformer-Diffusion Model for De Novo Peptide Sequencing','2025-07-24','10.1007/978-3-031-94039-2_8','Bioinformatics and Computational Biology: 17th International Conference',NULL,NULL,'Bioinformatics and Computational Biology (BICOB 2025)','peer-reviewed');
INSERT INTO publication VALUES(14,'Zero-Shot De Novo Peptide Sequencing with Open Post-Translational Modification Discovery','2025-06-27','10.21203/rs.3.rs-6950964/v1','Research Square',NULL,NULL,'Research Square','preprint');
INSERT INTO publication VALUES(15,'MassNet: billion-scale AI-friendly mass spectral corpus enables robust de novo peptide sequencing','2025-06-26','10.1101/2025.06.20.660691','bioRxiv',NULL,'https://www.biorxiv.org/content/10.1101/2025.06.20.660691v1','bioRxiv','preprint');
INSERT INTO publication VALUES(16,'Curriculum Learning for Biological Sequence Prediction: The Case of De Novo Peptide Sequencing','2025-06-16','10.48550/arXiv.2506.13485','arXiv',NULL,'https://arxiv.org/abs/2506.13485','ICML 2025','preprint');
INSERT INTO publication VALUES(17,'Latent Imputation before Prediction: A New Computational Paradigm for De Novo Peptide Sequencing','2025-05-23','10.48550/arXiv.2505.17524','arXiv',NULL,'https://arxiv.org/abs/2505.17524','ICML 2025','preprint');
INSERT INTO publication VALUES(18,'A transformer-based semi-autoregressive framework for high-speed and accurate de novo peptide sequencing','2025-02-14','10.1038/s42003-025-07584-0','Nature communications biology',NULL,'https://doi.org/10.1038/s42003-025-07584-0','Communications Biology','peer-reviewed');
INSERT INTO publication VALUES(19,'XA-Novo: an accurate and high-throughput mass spectrometry-based de novo sequencing technology for monoclonal antibodies and antibody mixtures','2025-02-07','10.21203/rs.3.rs-5858891/v1','Research Square',NULL,NULL,'Research Square','preprint');
INSERT INTO publication VALUES(20,'Distilling Non-Autoregressive Model Knowledge for Autoregressive De Novo Peptide Sequencing','2025-02-05',NULL,'OpenReview, bioRxiv',NULL,'https://openreview.net/forum?id=I2ZYngkRW6','ICLR 2025','preprint');
INSERT INTO publication VALUES(21,'π-PrimeNovo: an accurate and efficient non-autoregressive deep learning model for de novo peptide sequencing','2025-01-02','10.1038/s41467-024-55021-3','Nature Communications',NULL,'https://doi.org/10.1038/s41467-024-55021-3','Nature Communications','peer-reviewed');
INSERT INTO publication VALUES(22,'ReNovo: Retrieval-Based De Novo Mass Spectrometry Peptide Sequencing','2024-11-27',NULL,'ICLR 2025',NULL,'https://openreview.net/forum?id=uQnvYP7yX9','ICLR 2025','ML conference');
INSERT INTO publication VALUES(23,'Disentangling the Complex Multiplexed DIA Spectra in De Novo Peptide Sequencing','2024-11-24','10.48550/arXiv.2411.15684','arXiv',NULL,'https://arxiv.org/abs/2411.15684','arXiv','preprint');
INSERT INTO publication VALUES(24,'RankNovo: A Universal Reranking Approach for Robust De Novo Peptide Sequencing','2024-11-20',NULL,'ICLR 2025',NULL,'https://openreview.net/forum?id=87B3zDRMjv','ICLR 2025','ML conference');
INSERT INTO publication VALUES(25,'Transforming de novo peptide sequencing by explainable AI','2024-08-04','10.21203/rs.3.rs-4716013/v1','Research Square',NULL,NULL,'Research Square','preprint');
INSERT INTO publication VALUES(26,'Sequence-to-sequence translation from mass spectra to peptides with a transformer model','2024-07-30','10.1038/s41467-024-49731-x','Nature Communications',NULL,'https://doi.org/10.1038/s41467-024-49731-x','Nature Communications','peer-reviewed');
INSERT INTO publication VALUES(27,'TransNovo','2024-07-15',NULL,NULL,NULL,'https://github.com/ThatMatin/TransNovo',NULL,'preprint');
INSERT INTO publication VALUES(28,'PowerNovo: de novo peptide sequencing via tandem mass spectrometry using an ensemble of transformer and BERT models','2024-07-01','10.1038/s41598-024-65861-0','Scientific Reports',NULL,'https://doi.org/10.1038/s41598-024-65861-0','Scientific Reports','peer-reviewed');
INSERT INTO publication VALUES(29,'A transformer model for de novo sequencing of data independent acquisition mass spectrometry data','2024-06-04','10.1101/2024.06.03.597251','bioRxiv',NULL,'https://www.biorxiv.org/content/10.1101/2024.06.03.597251v1','bioRxiv','preprint');
INSERT INTO publication VALUES(30,'Transformer-Based De Novo Peptide Sequencing for Data-Independent Acquisition Mass Spectrometry','2024-04-09','10.48550/arXiv.2305.14920','arXiv',NULL,'https://arxiv.org/abs/2305.14920','arXiv','preprint');
INSERT INTO publication VALUES(31,'pXg: Comprehensive Identification of Noncanonical MHC-I-Associated Peptides From De Novo Peptide Sequencing Using RNA-Seq Reads','2024-04-01','10.1016/j.mcpro.2024.100743','Molecular and Cellular Proteomics',NULL,'https://doi.org/10.1016/j.mcpro.2024.100743','Molecular and Cellular Proteomics','peer-reviewed');
INSERT INTO publication VALUES(32,'AdaNovo: Adaptive De Novo Peptide Sequencing with Conditional Mutual Information','2024-03-15','10.48550/arXiv.2403.07013',NULL,NULL,'https://arxiv.org/abs/2403.07013','ICML 2024','preprint');
INSERT INTO publication VALUES(33,'Bidirectional de novo peptide sequencing using a transformer model','2024-02-28','10.1371/journal.pcbi.1011892','PLoS Computational Biology',NULL,'https://doi.org/10.1371/journal.pcbi.1011892','PLoS Computational Biology','peer-reviewed');
INSERT INTO publication VALUES(34,'Introducing π-HelixNovo for practical large-scale de novo peptide sequencing','2024-02-10','10.1093/bib/bbae019','Briefings in Bioinformatics',NULL,'https://doi.org/10.1093/bib/bbae019','Briefings in Bioinformatics','peer-reviewed');
INSERT INTO publication VALUES(35,'A learned score function improves the power of mass spectrometry database search','2024-02-07','10.1101/2024.01.26.577425','bioRxiv',NULL,'https://www.biorxiv.org/content/10.1101/2024.01.26.577425v1','bioRxiv','preprint');
INSERT INTO publication VALUES(36,'MARS an improved de novo peptide candidate selection method for non-canonical antigen target discovery in cancer','2024-01-22','10.1038/s41467-023-44460-z','Nature Communications',NULL,'https://doi.org/10.1038/s41467-023-44460-z','Nature Communications','peer-reviewed');
INSERT INTO publication VALUES(37,'Deep learning-driven fragment ion series classification enables highly precise and sensitive de novo peptide sequencing','2024-01-02','10.1038/s41467-023-44323-7','Nature Communications',NULL,'https://doi.org/10.1038/s41467-023-44323-7','Nature Communications','peer-reviewed');
INSERT INTO publication VALUES(38,'ContraNovo: A Contrastive Learning Approach to Enhance De Novo Peptide Sequencing','2023-12-18','10.1609/aaai.v38i1.27765','arXiv',NULL,'https://ojs.aaai.org/index.php/AAAI/article/view/27765','AAAI 2024','preprint');
INSERT INTO publication VALUES(39,'Accurate de novo peptide sequencing using fully convolutional neural networks','2023-12-02','10.1038/s41467-023-43010-x','Nature Communications',NULL,'https://doi.org/10.1038/s41467-023-43010-x','Nature Communications','peer-reviewed');
INSERT INTO publication VALUES(40,'A complete mass spectrometry-based immunopeptidomics pipeline for neoantigen identification and validation','2023-11-09','10.21203/rs.3.rs-3548498/v1','Research Square',NULL,NULL,'Research Square','preprint');
INSERT INTO publication VALUES(41,'Mitigating the missing-fragmentation problem in de novo peptide sequencing with a two-stage graph-based deep learning model','2023-10-19','10.1038/s42256-023-00738-x','Nature Machine Intelligence',NULL,'https://doi.org/10.1038/s42256-023-00738-x','Nature Machine Intelligence','peer-reviewed');
INSERT INTO publication VALUES(42,'SeqNovo: De Novo Peptide Sequencing Prediction in IoMT via Seq2Seq','2023-10-04','10.1109/JBHI.2023.3322277','IEEE Journal of Biomedical and Health Informatics',NULL,NULL,'IEEE Journal of Biomedical and Health Informatics','peer-reviewed');
INSERT INTO publication VALUES(43,'Glycopeptide database search and de novo sequencing with PEAKS GlycanFinder enable highly sensitive glycoproteomics','2023-07-08','10.1038/s41467-023-39699-5','Nature Communications',NULL,'https://doi.org/10.1038/s41467-023-39699-5','Nature Communications','peer-reviewed');
INSERT INTO publication VALUES(44,'DpNovo: A DEEP LEARNING MODEL COMBINED WITH DYNAMIC PROGRAMMING FOR DE NOVO PEPTIDE SEQUENCING','2023-07-07',NULL,'MSc thesis',NULL,'https://ir.lib.uwo.ca/etd/9373',NULL,'thesis');
INSERT INTO publication VALUES(45,'BiATNovo: A Self-Attention based Bidirectional Peptide Sequencing Method','2023-05-14','10.1101/2023.05.12.540277','bioRxiv',NULL,'https://www.biorxiv.org/content/10.1101/2023.05.12.540277v1','bioRxiv','preprint');
INSERT INTO publication VALUES(46,'PGPointNovo: an efficient neural network-based tool for parallel de novo peptide sequencing','2023-04-25','10.1093/bioadv/vbad057','Bioinformatics Advances',NULL,'https://doi.org/10.1093/bioadv/vbad057','Bioinformatics Advances','peer-reviewed');
INSERT INTO publication VALUES(47,'PaSER Novor: Real-time de novo sequencing for 4D-Proteomics applications','2023-04-20',NULL,NULL,NULL,'https://www.bruker.com/en/news-and-events/news/2023/bruker-launches-de-novo-sequencing-for-immunopeptidomics.html',NULL,'preprint');
INSERT INTO publication VALUES(48,'Denovo-GCN: De Novo Peptide Sequencing by Graph Convolutional Neural Networks','2023-04-05','10.3390/app13074604','MDPI Applied Sciences',NULL,'https://doi.org/10.3390/app13074604','Applied Sciences (MDPI)','peer-reviewed');
INSERT INTO publication VALUES(49,'De novo mass spectrometry peptide sequencing with a transformer model','2022-02-07','10.1101/2022.02.07.479481','Cold Spring Harbor Laboratory',NULL,'https://www.biorxiv.org/content/10.1101/2022.02.07.479481v1','bioRxiv','preprint');
INSERT INTO publication VALUES(50,'NovoRank: Refinement for De Novo Peptide Sequencing Based on Spectral Clustering and Deep Learning','2022-08-01','10.1021/acs.jproteome.2c00062',NULL,NULL,'https://doi.org/10.1021/acs.jproteome.2c00062','Journal of Proteome Research','peer-reviewed');
INSERT INTO publication VALUES(51,'Uncovering Hidden Members and Functions of the Soil Microbiome Using De Novo Metaproteomics','2022-07-06','10.1021/acs.jproteome.2c00334','Journal of Proteome Research',NULL,'https://doi.org/10.1021/acs.jproteome.2c00334','Journal of Proteome Research','peer-reviewed');
INSERT INTO publication VALUES(52,'DePS: An improved deep learning model for de novo peptide sequencing','2022-03-16','10.48550/arXiv.2203.08820','arXiv',NULL,'https://arxiv.org/abs/2203.08820','arXiv','preprint');
INSERT INTO publication VALUES(53,'Deep Novo A+: Improving the Deep Learning Model for De Novo Peptide Sequencing with Additional Ion Types and Validation Set','2022-02-01','10.2174/1574893615666200204112347','Current Bioinformatics',NULL,'https://www.eurekaselect.com/article/104202','Current Bioinformatics','peer-reviewed');
INSERT INTO publication VALUES(54,'Computationally instrument-resolution-independent de novo peptide sequencing for high-resolution devices','2021-03-18','10.1038/s42256-021-00304-3','Nature Machine Intelligence',NULL,'https://doi.org/10.1038/s42256-021-00304-3','Nature Machine Intelligence','peer-reviewed');
INSERT INTO publication VALUES(55,'Personalized deep learning of individual immunopeptidomes to identify neoantigens for cancer vaccines','2020-11-16','10.1038/s42256-020-00260-4','Nature Machine Intelligence',NULL,'https://doi.org/10.1038/s42256-020-00260-4','Nature Machine Intelligence','peer-reviewed');
INSERT INTO publication VALUES(56,'De Novo Peptide Sequencing Reveals Many Cyclopeptides in the Human Gut and Other Environments','2020-01-22','10.1016/j.cels.2019.11.007','Cell Systems',NULL,'https://doi.org/10.1016/j.cels.2019.11.007','Cell Systems','peer-reviewed');
INSERT INTO publication VALUES(57,'Peptide Sequencing with Deep Learning','2020-01-01',NULL,'PhD thesis',NULL,'https://uwspace.uwaterloo.ca/items/58cef361-a66f-4fe2-a4aa-018da0c4762d',NULL,'thesis');
INSERT INTO publication VALUES(58,'pNovo 3: precise de novo peptide sequencing using a learning-to-rank framework','2019-07-24','10.1093/bioinformatics/btz366','Bioinformatics',NULL,'https://doi.org/10.1093/bioinformatics/btz366','Bioinformatics','peer-reviewed');
INSERT INTO publication VALUES(59,'DeepNovoV2: Better de novo peptide sequencing with deep learning','2019-05-22','10.48550/arXiv.1904.08514','arXiv',NULL,'https://arxiv.org/abs/1904.08514','arXiv','preprint');
INSERT INTO publication VALUES(60,'Deep learning enables de novo peptide sequencing from data-independent-acquisition mass spectrometry','2018-12-20','10.1038/s41592-018-0260-3','Nature Methods',NULL,'https://doi.org/10.1038/s41592-018-0260-3','Nature Methods','peer-reviewed');
INSERT INTO publication VALUES(61,'Postnovo: Postprocessing Enables Accurate and FDR-Controlled de Novo Peptide Sequencing','2018-10-02','10.1021/acs.jproteome.8b00278','Journal of Proteome Research',NULL,'https://doi.org/10.1021/acs.jproteome.8b00278','Journal of Proteome Research','peer-reviewed');
INSERT INTO publication VALUES(62,'De novo peptide sequencing by deep learning','2017-07-18','10.1073/pnas.1705691114','PNAS',NULL,'https://doi.org/10.1073/pnas.1705691114','PNAS','peer-reviewed');
INSERT INTO publication VALUES(63,'De novo mass spectrometry peptide sequencing with a transformer model','2023-02-09','10.1038/s42256-023-00624-6','Springer Nature',NULL,NULL,'Nature Machine Intelligence','peer-reviewed');
INSERT INTO publication VALUES(64,'CausalNovo: Advancing De Novo Peptide Sequencing via a Causality-Informed Framework','2026-02-14',NULL,'OpenReview',NULL,'https://openreview.net/forum?id=55GsILa8c9','ICLR 2026','preprint');
INSERT INTO publication VALUES(65,'Sequence database searches via de novo peptide sequencing by tandem mass spectrometry','1997-09-01',NULL,'Wiley',NULL,'https://pubs.acs.org/doi/10.1021/ac001196o','Rapid Communications in Mass Spectrometry','peer-reviewed');
INSERT INTO publication VALUES(66,'De novo peptide sequencing via tandem mass spectrometry','1999-01-01','10.1089/106652799318300','Mary Ann Liebert',NULL,'https://www.liebertpub.com/doi/abs/10.1089/106652799318300','Journal of Computational Biology','peer-reviewed');
INSERT INTO publication VALUES(67,'PEAKS: powerful software for peptide de novo sequencing by tandem mass spectrometry','2003-10-15','10.1002/rcm.1196','Wiley',NULL,'https://analyticalsciencejournals.onlinelibrary.wiley.com/doi/abs/10.1002/rcm.1196','Rapid Communications in Mass Spectrometry','peer-reviewed');
INSERT INTO publication VALUES(68,'PepNovo: de novo peptide sequencing via probabilistic network modeling','2005-02-15','10.1021/ac048788h','American Chemical Society',NULL,'https://pubs.acs.org/doi/abs/10.1021/ac048788h','Analytical Chemistry','peer-reviewed');
INSERT INTO publication VALUES(69,'NovoHMM: A Hidden Markov Model for de Novo Peptide Sequencing','2005-11-15','10.1021/ac0508853','American Chemical Society',NULL,'https://pubs.acs.org/doi/10.1021/ac0508853','Analytical Chemistry','peer-reviewed');
INSERT INTO publication VALUES(70,'MSNovo: A Dynamic Programming Algorithm for de Novo Peptide Sequencing via Tandem Mass Spectrometry','2007-06-15','10.1021/ac070039n','American Chemical Society',NULL,'https://pubs.acs.org/doi/10.1021/ac070039n','Analytical Chemistry','peer-reviewed');
INSERT INTO publication VALUES(71,'pNovo: De novo Peptide Sequencing and Identification Using HCD Spectra','2010-05-07','10.1021/pr100182k','American Chemical Society',NULL,'https://pubs.acs.org/doi/10.1021/pr100182k','Journal of Proteome Research','peer-reviewed');
INSERT INTO publication VALUES(72,'pNovo+: De Novo Peptide Sequencing Using Complementary HCD and ETD Tandem Mass Spectra','2013-02-01','10.1021/pr3006843','American Chemical Society',NULL,'https://pubs.acs.org/doi/10.1021/pr3006843','Journal of Proteome Research','peer-reviewed');
INSERT INTO publication VALUES(73,'Novor: Real-Time Peptide de Novo Sequencing Software','2015-06-30','10.1007/s13361-015-1204-0','Springer',NULL,'https://link.springer.com/article/10.1007/s13361-015-1204-0','Journal of The American Society for Mass Spectrometry','peer-reviewed');
CREATE TABLE publication_algorithm (
    publication_id INTEGER NOT NULL,
    algorithm_id INTEGER NOT NULL,
    PRIMARY KEY (publication_id, algorithm_id),
    FOREIGN KEY (publication_id) REFERENCES publication(id)
        ON DELETE CASCADE,
    FOREIGN KEY (algorithm_id) REFERENCES algorithm(id)
        ON DELETE CASCADE
);
INSERT INTO publication_algorithm VALUES(1,1);
INSERT INTO publication_algorithm VALUES(1,2);
INSERT INTO publication_algorithm VALUES(2,1);
INSERT INTO publication_algorithm VALUES(2,2);
INSERT INTO publication_algorithm VALUES(3,3);
INSERT INTO publication_algorithm VALUES(4,4);
INSERT INTO publication_algorithm VALUES(5,5);
INSERT INTO publication_algorithm VALUES(6,6);
INSERT INTO publication_algorithm VALUES(7,7);
INSERT INTO publication_algorithm VALUES(8,8);
INSERT INTO publication_algorithm VALUES(9,9);
INSERT INTO publication_algorithm VALUES(10,10);
INSERT INTO publication_algorithm VALUES(11,11);
INSERT INTO publication_algorithm VALUES(12,12);
INSERT INTO publication_algorithm VALUES(13,13);
INSERT INTO publication_algorithm VALUES(14,14);
INSERT INTO publication_algorithm VALUES(15,15);
INSERT INTO publication_algorithm VALUES(16,16);
INSERT INTO publication_algorithm VALUES(17,17);
INSERT INTO publication_algorithm VALUES(18,18);
INSERT INTO publication_algorithm VALUES(19,19);
INSERT INTO publication_algorithm VALUES(20,19);
INSERT INTO publication_algorithm VALUES(21,20);
INSERT INTO publication_algorithm VALUES(22,21);
INSERT INTO publication_algorithm VALUES(23,22);
INSERT INTO publication_algorithm VALUES(24,23);
INSERT INTO publication_algorithm VALUES(25,24);
INSERT INTO publication_algorithm VALUES(27,25);
INSERT INTO publication_algorithm VALUES(28,26);
INSERT INTO publication_algorithm VALUES(29,27);
INSERT INTO publication_algorithm VALUES(30,28);
INSERT INTO publication_algorithm VALUES(31,29);
INSERT INTO publication_algorithm VALUES(32,30);
INSERT INTO publication_algorithm VALUES(33,31);
INSERT INTO publication_algorithm VALUES(34,32);
INSERT INTO publication_algorithm VALUES(35,33);
INSERT INTO publication_algorithm VALUES(36,34);
INSERT INTO publication_algorithm VALUES(37,35);
INSERT INTO publication_algorithm VALUES(38,36);
INSERT INTO publication_algorithm VALUES(39,37);
INSERT INTO publication_algorithm VALUES(40,38);
INSERT INTO publication_algorithm VALUES(41,39);
INSERT INTO publication_algorithm VALUES(42,40);
INSERT INTO publication_algorithm VALUES(43,41);
INSERT INTO publication_algorithm VALUES(44,42);
INSERT INTO publication_algorithm VALUES(45,43);
INSERT INTO publication_algorithm VALUES(46,44);
INSERT INTO publication_algorithm VALUES(47,45);
INSERT INTO publication_algorithm VALUES(48,46);
INSERT INTO publication_algorithm VALUES(50,47);
INSERT INTO publication_algorithm VALUES(51,48);
INSERT INTO publication_algorithm VALUES(52,49);
INSERT INTO publication_algorithm VALUES(53,50);
INSERT INTO publication_algorithm VALUES(54,51);
INSERT INTO publication_algorithm VALUES(55,52);
INSERT INTO publication_algorithm VALUES(56,53);
INSERT INTO publication_algorithm VALUES(58,54);
INSERT INTO publication_algorithm VALUES(59,55);
INSERT INTO publication_algorithm VALUES(60,56);
INSERT INTO publication_algorithm VALUES(61,57);
INSERT INTO publication_algorithm VALUES(62,58);
INSERT INTO publication_algorithm VALUES(49,12);
INSERT INTO publication_algorithm VALUES(63,12);
INSERT INTO publication_algorithm VALUES(64,59);
INSERT INTO publication_algorithm VALUES(26,12);
INSERT INTO publication_algorithm VALUES(65,60);
INSERT INTO publication_algorithm VALUES(66,61);
INSERT INTO publication_algorithm VALUES(67,62);
INSERT INTO publication_algorithm VALUES(68,63);
INSERT INTO publication_algorithm VALUES(69,64);
INSERT INTO publication_algorithm VALUES(70,65);
INSERT INTO publication_algorithm VALUES(71,66);
INSERT INTO publication_algorithm VALUES(72,67);
INSERT INTO publication_algorithm VALUES(73,68);
CREATE TABLE publication_author (
    publication_id INTEGER NOT NULL,
    author_id INTEGER NOT NULL,
    author_order INTEGER NOT NULL,
    PRIMARY KEY (publication_id, author_id),
    FOREIGN KEY (publication_id) REFERENCES publication(id)
        ON DELETE CASCADE,
    FOREIGN KEY (author_id) REFERENCES author(id)
        ON DELETE CASCADE
);
INSERT INTO publication_author VALUES(1,1,1);
INSERT INTO publication_author VALUES(1,2,2);
INSERT INTO publication_author VALUES(1,4,3);
INSERT INTO publication_author VALUES(1,3,4);
INSERT INTO publication_author VALUES(1,7,5);
INSERT INTO publication_author VALUES(1,8,6);
INSERT INTO publication_author VALUES(1,9,7);
INSERT INTO publication_author VALUES(1,10,8);
INSERT INTO publication_author VALUES(1,11,9);
INSERT INTO publication_author VALUES(1,12,10);
INSERT INTO publication_author VALUES(1,13,11);
INSERT INTO publication_author VALUES(1,14,12);
INSERT INTO publication_author VALUES(1,15,13);
INSERT INTO publication_author VALUES(1,16,14);
INSERT INTO publication_author VALUES(1,17,15);
INSERT INTO publication_author VALUES(1,18,16);
INSERT INTO publication_author VALUES(1,19,17);
INSERT INTO publication_author VALUES(2,1,1);
INSERT INTO publication_author VALUES(2,2,2);
INSERT INTO publication_author VALUES(2,3,3);
INSERT INTO publication_author VALUES(2,4,4);
INSERT INTO publication_author VALUES(2,5,5);
INSERT INTO publication_author VALUES(2,6,6);
INSERT INTO publication_author VALUES(2,7,7);
INSERT INTO publication_author VALUES(2,8,8);
INSERT INTO publication_author VALUES(2,9,9);
INSERT INTO publication_author VALUES(2,10,10);
INSERT INTO publication_author VALUES(2,11,11);
INSERT INTO publication_author VALUES(2,12,12);
INSERT INTO publication_author VALUES(2,13,13);
INSERT INTO publication_author VALUES(2,14,14);
INSERT INTO publication_author VALUES(2,15,15);
INSERT INTO publication_author VALUES(2,16,16);
INSERT INTO publication_author VALUES(2,17,17);
INSERT INTO publication_author VALUES(2,18,18);
INSERT INTO publication_author VALUES(2,19,19);
INSERT INTO publication_author VALUES(3,20,1);
INSERT INTO publication_author VALUES(3,21,2);
INSERT INTO publication_author VALUES(3,5,3);
INSERT INTO publication_author VALUES(3,22,4);
INSERT INTO publication_author VALUES(3,3,5);
INSERT INTO publication_author VALUES(3,1,6);
INSERT INTO publication_author VALUES(3,23,7);
INSERT INTO publication_author VALUES(3,24,8);
INSERT INTO publication_author VALUES(3,25,9);
INSERT INTO publication_author VALUES(3,26,10);
INSERT INTO publication_author VALUES(3,27,11);
INSERT INTO publication_author VALUES(3,28,12);
INSERT INTO publication_author VALUES(3,18,13);
INSERT INTO publication_author VALUES(3,14,14);
INSERT INTO publication_author VALUES(3,29,15);
INSERT INTO publication_author VALUES(3,15,16);
INSERT INTO publication_author VALUES(3,30,17);
INSERT INTO publication_author VALUES(3,19,18);
INSERT INTO publication_author VALUES(3,2,19);
INSERT INTO publication_author VALUES(4,31,1);
INSERT INTO publication_author VALUES(4,32,2);
INSERT INTO publication_author VALUES(4,33,3);
INSERT INTO publication_author VALUES(4,34,4);
INSERT INTO publication_author VALUES(5,35,1);
INSERT INTO publication_author VALUES(5,36,2);
INSERT INTO publication_author VALUES(5,37,3);
INSERT INTO publication_author VALUES(5,38,4);
INSERT INTO publication_author VALUES(5,39,5);
INSERT INTO publication_author VALUES(5,40,6);
INSERT INTO publication_author VALUES(5,41,7);
INSERT INTO publication_author VALUES(5,42,8);
INSERT INTO publication_author VALUES(5,43,9);
INSERT INTO publication_author VALUES(5,44,10);
INSERT INTO publication_author VALUES(5,45,11);
INSERT INTO publication_author VALUES(5,46,12);
INSERT INTO publication_author VALUES(5,47,13);
INSERT INTO publication_author VALUES(5,48,14);
INSERT INTO publication_author VALUES(5,49,15);
INSERT INTO publication_author VALUES(5,50,16);
INSERT INTO publication_author VALUES(5,51,17);
INSERT INTO publication_author VALUES(6,52,1);
INSERT INTO publication_author VALUES(6,53,2);
INSERT INTO publication_author VALUES(6,54,3);
INSERT INTO publication_author VALUES(7,55,1);
INSERT INTO publication_author VALUES(7,56,2);
INSERT INTO publication_author VALUES(7,57,3);
INSERT INTO publication_author VALUES(8,58,1);
INSERT INTO publication_author VALUES(8,59,2);
INSERT INTO publication_author VALUES(8,60,3);
INSERT INTO publication_author VALUES(8,61,4);
INSERT INTO publication_author VALUES(8,62,5);
INSERT INTO publication_author VALUES(8,63,6);
INSERT INTO publication_author VALUES(8,64,7);
INSERT INTO publication_author VALUES(8,65,8);
INSERT INTO publication_author VALUES(8,66,9);
INSERT INTO publication_author VALUES(8,67,10);
INSERT INTO publication_author VALUES(8,68,11);
INSERT INTO publication_author VALUES(8,69,12);
INSERT INTO publication_author VALUES(8,70,13);
INSERT INTO publication_author VALUES(8,71,14);
INSERT INTO publication_author VALUES(8,72,15);
INSERT INTO publication_author VALUES(8,73,16);
INSERT INTO publication_author VALUES(9,62,1);
INSERT INTO publication_author VALUES(9,66,2);
INSERT INTO publication_author VALUES(9,67,3);
INSERT INTO publication_author VALUES(9,63,4);
INSERT INTO publication_author VALUES(9,74,5);
INSERT INTO publication_author VALUES(9,60,6);
INSERT INTO publication_author VALUES(9,75,7);
INSERT INTO publication_author VALUES(9,73,8);
INSERT INTO publication_author VALUES(10,76,1);
INSERT INTO publication_author VALUES(10,77,2);
INSERT INTO publication_author VALUES(10,78,3);
INSERT INTO publication_author VALUES(10,79,4);
INSERT INTO publication_author VALUES(10,80,5);
INSERT INTO publication_author VALUES(10,81,6);
INSERT INTO publication_author VALUES(10,33,7);
INSERT INTO publication_author VALUES(10,82,8);
INSERT INTO publication_author VALUES(11,83,1);
INSERT INTO publication_author VALUES(12,84,1);
INSERT INTO publication_author VALUES(12,85,2);
INSERT INTO publication_author VALUES(12,86,3);
INSERT INTO publication_author VALUES(12,87,4);
INSERT INTO publication_author VALUES(12,76,5);
INSERT INTO publication_author VALUES(12,88,6);
INSERT INTO publication_author VALUES(12,89,7);
INSERT INTO publication_author VALUES(12,90,8);
INSERT INTO publication_author VALUES(12,91,9);
INSERT INTO publication_author VALUES(12,92,10);
INSERT INTO publication_author VALUES(12,93,11);
INSERT INTO publication_author VALUES(12,94,12);
INSERT INTO publication_author VALUES(12,95,13);
INSERT INTO publication_author VALUES(12,96,14);
INSERT INTO publication_author VALUES(13,97,1);
INSERT INTO publication_author VALUES(13,98,2);
INSERT INTO publication_author VALUES(13,99,3);
INSERT INTO publication_author VALUES(14,100,1);
INSERT INTO publication_author VALUES(14,101,2);
INSERT INTO publication_author VALUES(14,102,3);
INSERT INTO publication_author VALUES(14,103,4);
INSERT INTO publication_author VALUES(14,104,5);
INSERT INTO publication_author VALUES(14,105,6);
INSERT INTO publication_author VALUES(14,106,7);
INSERT INTO publication_author VALUES(14,107,8);
INSERT INTO publication_author VALUES(15,108,1);
INSERT INTO publication_author VALUES(15,62,2);
INSERT INTO publication_author VALUES(15,109,3);
INSERT INTO publication_author VALUES(15,66,4);
INSERT INTO publication_author VALUES(15,110,5);
INSERT INTO publication_author VALUES(15,111,6);
INSERT INTO publication_author VALUES(15,112,7);
INSERT INTO publication_author VALUES(15,113,8);
INSERT INTO publication_author VALUES(15,114,9);
INSERT INTO publication_author VALUES(15,75,10);
INSERT INTO publication_author VALUES(15,60,11);
INSERT INTO publication_author VALUES(15,73,12);
INSERT INTO publication_author VALUES(15,71,13);
INSERT INTO publication_author VALUES(16,62,1);
INSERT INTO publication_author VALUES(16,66,2);
INSERT INTO publication_author VALUES(16,67,3);
INSERT INTO publication_author VALUES(16,63,4);
INSERT INTO publication_author VALUES(16,75,5);
INSERT INTO publication_author VALUES(16,60,6);
INSERT INTO publication_author VALUES(16,73,7);
INSERT INTO publication_author VALUES(17,115,1);
INSERT INTO publication_author VALUES(17,116,2);
INSERT INTO publication_author VALUES(17,117,3);
INSERT INTO publication_author VALUES(17,118,4);
INSERT INTO publication_author VALUES(17,119,5);
INSERT INTO publication_author VALUES(17,120,6);
INSERT INTO publication_author VALUES(18,121,1);
INSERT INTO publication_author VALUES(18,122,2);
INSERT INTO publication_author VALUES(18,123,3);
INSERT INTO publication_author VALUES(18,124,4);
INSERT INTO publication_author VALUES(18,125,5);
INSERT INTO publication_author VALUES(18,126,6);
INSERT INTO publication_author VALUES(18,127,7);
INSERT INTO publication_author VALUES(18,128,8);
INSERT INTO publication_author VALUES(19,129,1);
INSERT INTO publication_author VALUES(19,130,2);
INSERT INTO publication_author VALUES(19,131,3);
INSERT INTO publication_author VALUES(19,132,4);
INSERT INTO publication_author VALUES(19,133,5);
INSERT INTO publication_author VALUES(19,134,6);
INSERT INTO publication_author VALUES(19,135,7);
INSERT INTO publication_author VALUES(19,136,8);
INSERT INTO publication_author VALUES(19,137,9);
INSERT INTO publication_author VALUES(19,138,10);
INSERT INTO publication_author VALUES(19,139,11);
INSERT INTO publication_author VALUES(19,140,12);
INSERT INTO publication_author VALUES(19,141,13);
INSERT INTO publication_author VALUES(19,142,14);
INSERT INTO publication_author VALUES(20,62,1);
INSERT INTO publication_author VALUES(20,66,2);
INSERT INTO publication_author VALUES(20,67,3);
INSERT INTO publication_author VALUES(20,63,4);
INSERT INTO publication_author VALUES(20,74,5);
INSERT INTO publication_author VALUES(20,60,6);
INSERT INTO publication_author VALUES(20,75,7);
INSERT INTO publication_author VALUES(20,73,8);
INSERT INTO publication_author VALUES(21,62,1);
INSERT INTO publication_author VALUES(21,143,2);
INSERT INTO publication_author VALUES(21,74,3);
INSERT INTO publication_author VALUES(21,63,4);
INSERT INTO publication_author VALUES(21,60,5);
INSERT INTO publication_author VALUES(21,144,6);
INSERT INTO publication_author VALUES(21,67,7);
INSERT INTO publication_author VALUES(21,75,8);
INSERT INTO publication_author VALUES(21,145,9);
INSERT INTO publication_author VALUES(21,146,10);
INSERT INTO publication_author VALUES(21,147,11);
INSERT INTO publication_author VALUES(21,148,12);
INSERT INTO publication_author VALUES(21,149,13);
INSERT INTO publication_author VALUES(21,150,14);
INSERT INTO publication_author VALUES(21,151,15);
INSERT INTO publication_author VALUES(21,73,16);
INSERT INTO publication_author VALUES(22,55,1);
INSERT INTO publication_author VALUES(22,57,2);
INSERT INTO publication_author VALUES(22,56,3);
INSERT INTO publication_author VALUES(22,152,4);
INSERT INTO publication_author VALUES(22,153,5);
INSERT INTO publication_author VALUES(22,154,6);
INSERT INTO publication_author VALUES(22,155,7);
INSERT INTO publication_author VALUES(22,156,8);
INSERT INTO publication_author VALUES(22,157,9);
INSERT INTO publication_author VALUES(23,83,1);
INSERT INTO publication_author VALUES(23,100,2);
INSERT INTO publication_author VALUES(23,158,3);
INSERT INTO publication_author VALUES(23,159,4);
INSERT INTO publication_author VALUES(23,105,5);
INSERT INTO publication_author VALUES(23,160,6);
INSERT INTO publication_author VALUES(23,161,7);
INSERT INTO publication_author VALUES(23,107,8);
INSERT INTO publication_author VALUES(24,67,1);
INSERT INTO publication_author VALUES(24,66,2);
INSERT INTO publication_author VALUES(24,62,3);
INSERT INTO publication_author VALUES(24,63,4);
INSERT INTO publication_author VALUES(24,162,5);
INSERT INTO publication_author VALUES(24,74,6);
INSERT INTO publication_author VALUES(24,60,7);
INSERT INTO publication_author VALUES(24,75,8);
INSERT INTO publication_author VALUES(24,73,9);
INSERT INTO publication_author VALUES(25,163,1);
INSERT INTO publication_author VALUES(25,164,2);
INSERT INTO publication_author VALUES(25,143,3);
INSERT INTO publication_author VALUES(25,151,4);
INSERT INTO publication_author VALUES(25,165,5);
INSERT INTO publication_author VALUES(25,166,6);
INSERT INTO publication_author VALUES(25,167,7);
INSERT INTO publication_author VALUES(26,92,1);
INSERT INTO publication_author VALUES(26,86,2);
INSERT INTO publication_author VALUES(26,95,3);
INSERT INTO publication_author VALUES(26,168,4);
INSERT INTO publication_author VALUES(26,85,5);
INSERT INTO publication_author VALUES(26,94,6);
INSERT INTO publication_author VALUES(26,96,7);
INSERT INTO publication_author VALUES(27,169,1);
INSERT INTO publication_author VALUES(28,170,1);
INSERT INTO publication_author VALUES(28,171,2);
INSERT INTO publication_author VALUES(28,172,3);
INSERT INTO publication_author VALUES(28,173,4);
INSERT INTO publication_author VALUES(28,174,5);
INSERT INTO publication_author VALUES(28,175,6);
INSERT INTO publication_author VALUES(28,176,7);
INSERT INTO publication_author VALUES(28,177,8);
INSERT INTO publication_author VALUES(29,89,1);
INSERT INTO publication_author VALUES(29,90,2);
INSERT INTO publication_author VALUES(29,178,3);
INSERT INTO publication_author VALUES(29,179,4);
INSERT INTO publication_author VALUES(29,180,5);
INSERT INTO publication_author VALUES(29,94,6);
INSERT INTO publication_author VALUES(29,93,7);
INSERT INTO publication_author VALUES(29,96,8);
INSERT INTO publication_author VALUES(30,97,1);
INSERT INTO publication_author VALUES(30,99,2);
INSERT INTO publication_author VALUES(31,181,1);
INSERT INTO publication_author VALUES(31,182,2);
INSERT INTO publication_author VALUES(32,57,1);
INSERT INTO publication_author VALUES(32,55,2);
INSERT INTO publication_author VALUES(32,56,3);
INSERT INTO publication_author VALUES(32,143,4);
INSERT INTO publication_author VALUES(32,156,5);
INSERT INTO publication_author VALUES(32,183,6);
INSERT INTO publication_author VALUES(32,157,7);
INSERT INTO publication_author VALUES(33,184,1);
INSERT INTO publication_author VALUES(33,185,2);
INSERT INTO publication_author VALUES(34,165,1);
INSERT INTO publication_author VALUES(34,143,2);
INSERT INTO publication_author VALUES(34,144,3);
INSERT INTO publication_author VALUES(34,164,4);
INSERT INTO publication_author VALUES(34,186,5);
INSERT INTO publication_author VALUES(34,187,6);
INSERT INTO publication_author VALUES(34,166,7);
INSERT INTO publication_author VALUES(34,167,8);
INSERT INTO publication_author VALUES(34,147,9);
INSERT INTO publication_author VALUES(34,188,10);
INSERT INTO publication_author VALUES(34,163,11);
INSERT INTO publication_author VALUES(34,151,12);
INSERT INTO publication_author VALUES(35,85,1);
INSERT INTO publication_author VALUES(35,89,2);
INSERT INTO publication_author VALUES(35,92,3);
INSERT INTO publication_author VALUES(35,94,4);
INSERT INTO publication_author VALUES(35,96,5);
INSERT INTO publication_author VALUES(36,189,1);
INSERT INTO publication_author VALUES(36,190,2);
INSERT INTO publication_author VALUES(36,191,3);
INSERT INTO publication_author VALUES(36,192,4);
INSERT INTO publication_author VALUES(36,193,5);
INSERT INTO publication_author VALUES(36,194,6);
INSERT INTO publication_author VALUES(36,195,7);
INSERT INTO publication_author VALUES(36,196,8);
INSERT INTO publication_author VALUES(36,197,9);
INSERT INTO publication_author VALUES(36,198,10);
INSERT INTO publication_author VALUES(36,199,11);
INSERT INTO publication_author VALUES(36,200,12);
INSERT INTO publication_author VALUES(36,201,13);
INSERT INTO publication_author VALUES(36,202,14);
INSERT INTO publication_author VALUES(36,203,15);
INSERT INTO publication_author VALUES(37,76,1);
INSERT INTO publication_author VALUES(37,204,2);
INSERT INTO publication_author VALUES(37,205,3);
INSERT INTO publication_author VALUES(37,206,4);
INSERT INTO publication_author VALUES(37,33,5);
INSERT INTO publication_author VALUES(37,82,6);
INSERT INTO publication_author VALUES(38,74,1);
INSERT INTO publication_author VALUES(38,63,2);
INSERT INTO publication_author VALUES(38,62,3);
INSERT INTO publication_author VALUES(38,143,4);
INSERT INTO publication_author VALUES(38,75,5);
INSERT INTO publication_author VALUES(38,150,6);
INSERT INTO publication_author VALUES(38,60,7);
INSERT INTO publication_author VALUES(38,151,8);
INSERT INTO publication_author VALUES(38,73,9);
INSERT INTO publication_author VALUES(39,207,1);
INSERT INTO publication_author VALUES(39,208,2);
INSERT INTO publication_author VALUES(39,209,3);
INSERT INTO publication_author VALUES(39,210,4);
INSERT INTO publication_author VALUES(40,107,1);
INSERT INTO publication_author VALUES(40,211,2);
INSERT INTO publication_author VALUES(41,100,1);
INSERT INTO publication_author VALUES(41,158,2);
INSERT INTO publication_author VALUES(41,105,3);
INSERT INTO publication_author VALUES(41,107,4);
INSERT INTO publication_author VALUES(42,212,1);
INSERT INTO publication_author VALUES(42,213,2);
INSERT INTO publication_author VALUES(43,214,1);
INSERT INTO publication_author VALUES(43,104,2);
INSERT INTO publication_author VALUES(44,215,1);
INSERT INTO publication_author VALUES(45,216,1);
INSERT INTO publication_author VALUES(45,217,2);
INSERT INTO publication_author VALUES(45,218,3);
INSERT INTO publication_author VALUES(45,219,4);
INSERT INTO publication_author VALUES(45,71,5);
INSERT INTO publication_author VALUES(46,220,1);
INSERT INTO publication_author VALUES(46,221,2);
INSERT INTO publication_author VALUES(46,222,3);
INSERT INTO publication_author VALUES(46,223,4);
INSERT INTO publication_author VALUES(46,224,5);
INSERT INTO publication_author VALUES(46,225,6);
INSERT INTO publication_author VALUES(46,226,7);
INSERT INTO publication_author VALUES(46,227,8);
INSERT INTO publication_author VALUES(47,228,1);
INSERT INTO publication_author VALUES(47,229,2);
INSERT INTO publication_author VALUES(47,230,3);
INSERT INTO publication_author VALUES(47,231,4);
INSERT INTO publication_author VALUES(47,232,5);
INSERT INTO publication_author VALUES(47,233,6);
INSERT INTO publication_author VALUES(47,234,7);
INSERT INTO publication_author VALUES(47,235,8);
INSERT INTO publication_author VALUES(48,41,1);
INSERT INTO publication_author VALUES(48,62,2);
INSERT INTO publication_author VALUES(48,236,3);
INSERT INTO publication_author VALUES(48,49,4);
INSERT INTO publication_author VALUES(49,92,1);
INSERT INTO publication_author VALUES(49,86,2);
INSERT INTO publication_author VALUES(49,95,3);
INSERT INTO publication_author VALUES(49,94,4);
INSERT INTO publication_author VALUES(49,96,5);
INSERT INTO publication_author VALUES(50,237,1);
INSERT INTO publication_author VALUES(50,181,2);
INSERT INTO publication_author VALUES(50,182,3);
INSERT INTO publication_author VALUES(51,238,1);
INSERT INTO publication_author VALUES(51,239,2);
INSERT INTO publication_author VALUES(52,240,1);
INSERT INTO publication_author VALUES(52,241,2);
INSERT INTO publication_author VALUES(52,242,3);
INSERT INTO publication_author VALUES(52,243,4);
INSERT INTO publication_author VALUES(52,244,5);
INSERT INTO publication_author VALUES(52,245,6);
INSERT INTO publication_author VALUES(52,246,7);
INSERT INTO publication_author VALUES(52,247,8);
INSERT INTO publication_author VALUES(53,248,1);
INSERT INTO publication_author VALUES(53,249,2);
INSERT INTO publication_author VALUES(54,250,1);
INSERT INTO publication_author VALUES(54,211,2);
INSERT INTO publication_author VALUES(55,211,1);
INSERT INTO publication_author VALUES(55,250,2);
INSERT INTO publication_author VALUES(55,105,3);
INSERT INTO publication_author VALUES(55,251,4);
INSERT INTO publication_author VALUES(55,252,5);
INSERT INTO publication_author VALUES(55,107,6);
INSERT INTO publication_author VALUES(56,253,1);
INSERT INTO publication_author VALUES(56,254,2);
INSERT INTO publication_author VALUES(57,250,1);
INSERT INTO publication_author VALUES(58,255,1);
INSERT INTO publication_author VALUES(58,40,2);
INSERT INTO publication_author VALUES(58,256,3);
INSERT INTO publication_author VALUES(58,257,4);
INSERT INTO publication_author VALUES(58,258,5);
INSERT INTO publication_author VALUES(59,250,1);
INSERT INTO publication_author VALUES(59,211,2);
INSERT INTO publication_author VALUES(59,105,3);
INSERT INTO publication_author VALUES(59,252,4);
INSERT INTO publication_author VALUES(59,107,5);
INSERT INTO publication_author VALUES(59,161,6);
INSERT INTO publication_author VALUES(60,211,1);
INSERT INTO publication_author VALUES(60,250,2);
INSERT INTO publication_author VALUES(61,259,1);
INSERT INTO publication_author VALUES(61,260,2);
INSERT INTO publication_author VALUES(61,261,3);
INSERT INTO publication_author VALUES(62,211,1);
INSERT INTO publication_author VALUES(62,262,2);
INSERT INTO publication_author VALUES(62,105,3);
INSERT INTO publication_author VALUES(62,252,4);
INSERT INTO publication_author VALUES(62,107,5);
INSERT INTO publication_author VALUES(64,115,1);
INSERT INTO publication_author VALUES(64,116,2);
INSERT INTO publication_author VALUES(64,263,3);
INSERT INTO publication_author VALUES(64,264,4);
INSERT INTO publication_author VALUES(64,119,5);
INSERT INTO publication_author VALUES(64,120,6);
INSERT INTO publication_author VALUES(65,265,1);
INSERT INTO publication_author VALUES(65,266,2);
INSERT INTO publication_author VALUES(66,267,1);
INSERT INTO publication_author VALUES(66,268,2);
INSERT INTO publication_author VALUES(66,269,3);
INSERT INTO publication_author VALUES(66,270,4);
INSERT INTO publication_author VALUES(66,271,5);
INSERT INTO publication_author VALUES(67,234,1);
INSERT INTO publication_author VALUES(67,272,2);
INSERT INTO publication_author VALUES(67,273,3);
INSERT INTO publication_author VALUES(67,274,4);
INSERT INTO publication_author VALUES(67,107,5);
INSERT INTO publication_author VALUES(67,275,6);
INSERT INTO publication_author VALUES(67,276,7);
INSERT INTO publication_author VALUES(68,277,1);
INSERT INTO publication_author VALUES(68,271,2);
INSERT INTO publication_author VALUES(69,278,1);
INSERT INTO publication_author VALUES(69,279,2);
INSERT INTO publication_author VALUES(69,280,3);
INSERT INTO publication_author VALUES(69,281,4);
INSERT INTO publication_author VALUES(69,282,5);
INSERT INTO publication_author VALUES(69,283,6);
INSERT INTO publication_author VALUES(69,284,7);
INSERT INTO publication_author VALUES(69,285,8);
INSERT INTO publication_author VALUES(70,286,1);
INSERT INTO publication_author VALUES(70,287,2);
INSERT INTO publication_author VALUES(70,288,3);
INSERT INTO publication_author VALUES(70,289,4);
INSERT INTO publication_author VALUES(71,40,1);
INSERT INTO publication_author VALUES(71,290,2);
INSERT INTO publication_author VALUES(71,291,3);
INSERT INTO publication_author VALUES(71,292,4);
INSERT INTO publication_author VALUES(71,293,5);
INSERT INTO publication_author VALUES(71,294,6);
INSERT INTO publication_author VALUES(71,51,7);
INSERT INTO publication_author VALUES(71,295,8);
INSERT INTO publication_author VALUES(71,49,9);
INSERT INTO publication_author VALUES(71,258,10);
INSERT INTO publication_author VALUES(71,298,11);
INSERT INTO publication_author VALUES(73,234,1);
INSERT INTO publication_author VALUES(72,40,1);
INSERT INTO publication_author VALUES(72,299,2);
INSERT INTO publication_author VALUES(72,300,3);
INSERT INTO publication_author VALUES(72,301,4);
INSERT INTO publication_author VALUES(72,291,5);
INSERT INTO publication_author VALUES(72,290,6);
INSERT INTO publication_author VALUES(72,302,7);
INSERT INTO publication_author VALUES(72,256,8);
INSERT INTO publication_author VALUES(72,292,9);
INSERT INTO publication_author VALUES(72,258,10);
INSERT INTO publication_author VALUES(72,298,11);
INSERT INTO publication_author VALUES(53,303,3);
DELETE FROM sqlite_sequence;
INSERT INTO sqlite_sequence VALUES('country',17);
INSERT INTO sqlite_sequence VALUES('city',60);
INSERT INTO sqlite_sequence VALUES('affiliation',133);
INSERT INTO sqlite_sequence VALUES('author',303);
INSERT INTO sqlite_sequence VALUES('algorithm',68);
INSERT INTO sqlite_sequence VALUES('publication',73);
COMMIT;
