feed_date,pmid,title,link,doi,journal,year,verdict,kind,family,subdomain,note
2026-03-21,41861674,Mass spectrometry-based de novo sequencing reveals non-canonical neoantigens with antitumor efficacy in hepatocellular carcinoma.,https://pubmed.ncbi.nlm.nih.gov/41861674/,10.1016/j.jhepr.2026.101775,JHEP reports : innovation in hepatology,2026,add,downstream-application,,immunopeptidomics,"neoantigens found by de novo, validated in HCC"
2024-04-18,38635925,"Identification and Molecular Mechanism of Novel Two-Way Immunomodulatory Peptides from Ovalbumin: In Vitro Cell Experiments, De Novo Sequencing, and Molecular Docking.",https://pubmed.ncbi.nlm.nih.gov/38635925/,10.1021/acs.jafc.4c00203,Journal of agricultural and food chemistry,2024,add,downstream-application,,bioactive-peptides,ovalbumin immunomodulatory peptides
2024-03-21,38508723,Reverse-engineering the anti-MUC1 antibody 139H2 by mass spectrometry-based de novo sequencing.,https://pubmed.ncbi.nlm.nih.gov/38508723/,10.26508/lsa.202302366,Life science alliance,2024,add,downstream-application,,antibodyomics,reverse-engineers anti-MUC1 139H2
2023-10-28,37894596,Tandem Mass Spectrometry de novo Sequencing of the Skin Defense Peptides of the Central Slovenian Agile Frog,https://pubmed.ncbi.nlm.nih.gov/37894596/,10.3390/molecules28207118,"Molecules (Basel, Switzerland)",2023,add,downstream-application,,bioactive-peptides,agile frog skin defence peptides
2022-12-07,36471561,Facile de Novo Sequencing of Tetrazine-Cyclized Peptides through UV-Induced Ring-Opening and Cleavage from the Solid Phase.,https://pubmed.ncbi.nlm.nih.gov/36471561/,10.1002/cbic.202200590,Chembiochem : a European journal of chemical biology,2023,add,algorithm,Chemical derivatization assisted,,UV ring-opening of tetrazine-cyclized peptides
2022-11-16,36378644,De novo sequencing and construction of a unique antibody for the recognition of alternative conformations of cytochrome,https://pubmed.ncbi.nlm.nih.gov/36378644/,10.1073/pnas.2213432119,Proceedings of the National Academy of Sciences of the United States of America,2022,add,downstream-application,,antibodyomics,de novo sequencing then antibody construction
2022-06-15,35699511,A perspective toward mass spectrometry-based de novo sequencing of endogenous antibodies.,https://pubmed.ncbi.nlm.nih.gov/35699511/,10.1080/19420862.2022.2079449,mAbs,2022,add,review,,antibodyomics,perspective on de novo sequencing of endogenous antibodies
2022-01-26,35076636,Validation of De Novo Peptide Sequences with Bottom-Up Tag Convolution.,https://pubmed.ncbi.nlm.nih.gov/35076636/,10.3390/proteomes10010001,Proteomes,2021,add,post-processor,,,validates de novo sequences by tag convolution
2021-09-04,34478140,Use of PASEF for Accelerated Protein Sequence Confirmation and De Novo Sequencing with High Data Quality.,https://pubmed.ncbi.nlm.nih.gov/34478140/,10.1007/978-1-0716-1450-1_12,"Methods in molecular biology (Clifton, N.J.)",2022,add,algorithm,,,PASEF protocol for sequence confirmation + de novo
2021-02-03,33527491,Manual mass spectrometry de novo sequencing of the anionic host defense peptides of the Cuban Treefrog Osteopilus septentrionalis.,https://pubmed.ncbi.nlm.nih.gov/33527491/,10.1002/rcm.9061,Rapid communications in mass spectrometry : RCM,2021,add,downstream-application,,bioactive-peptides,Cuban treefrog anionic host defence peptides
2021-01-23,33480451,Tri- and dipeptides identification in whey protein and porcine liver protein hydrolysates by fast LC-MS/MS neutral loss screening and de novo sequencing.,https://pubmed.ncbi.nlm.nih.gov/33480451/,10.1002/jms.4701,Journal of mass spectrometry : JMS,2021,add,downstream-application,,bioactive-peptides,whey / liver hydrolysate di- and tripeptides
2020-04-28,32338916,Complementary Methods for de Novo Monoclonal Antibody Sequencing to Achieve Complete Sequence Coverage.,https://pubmed.ncbi.nlm.nih.gov/32338916/,10.1021/acs.jproteome.0c00223,Journal of proteome research,2020,add,downstream-application,,antibodyomics,complementary methods for complete mAb coverage
2019-10-14,31606636,"Generation of antioxidative peptides from Atlantic sea cucumber using alcalase versus trypsin: In vitro activity, de novo sequencing, and in silico docking for in vivo function prediction.",https://pubmed.ncbi.nlm.nih.gov/31606636/,10.1016/j.foodchem.2019.125581,Food chemistry,2020,add,downstream-application,,bioactive-peptides,sea cucumber antioxidative peptides
2019-06-18,31203793,Proteome Based de novo Sequencing of Novel Conotoxins from Marine Molluscivorous Cone Snail Conus amadis and Neurological Activities of Its Natural Venom in Zebrafish Model.,https://pubmed.ncbi.nlm.nih.gov/31203793/,10.2174/0929866526666190614144006,Protein and peptide letters,2019,add,downstream-application,,venomics,Conus amadis conotoxins
2018-01-24,29359928,De Novo Sequencing of Tryptic Phosphopeptides Using Matrix-Assisted Laser Desorption/Ionization Based Tandem Mass Spectrometry with Hydrogen Atom Attachment.,https://pubmed.ncbi.nlm.nih.gov/29359928/,10.1021/acs.analchem.7b04635,Analytical chemistry,2018,add,algorithm,Chemical derivatization assisted,,"hydrogen atom attachment, tryptic phosphopeptides"
2017-09-29,28955989,"De novo protein sequencing, humanization and in vitro effects of an antihuman CD34 mouse monoclonal antibody.",https://pubmed.ncbi.nlm.nih.gov/28955989/,10.1016/j.bbrep.2016.11.006,Biochemistry and biophysics reports,2017,add,downstream-application,,antibodyomics,anti-CD34 mAb sequencing and humanization
2017-09-25,28941793,Complete de novo sequencing of antimicrobial peptides in the venom of the scorpion Isometrus maculatus.,https://pubmed.ncbi.nlm.nih.gov/28941793/,10.1016/j.toxicon.2017.09.010,Toxicon : official journal of the International Society on Toxinology,2017,add,downstream-application,,venomics,scorpion Isometrus maculatus AMPs
2017-03-02,28248257,De Novo Sequencing of Top-Down Tandem Mass Spectra: A Next Step towards Retrieving a Complete Protein Sequence.,https://pubmed.ncbi.nlm.nih.gov/28248257/,10.3390/proteomes5010006,Proteomes,2017,add,algorithm,,,de novo sequencing of top-down spectra
2016-12-14,27956353,Batch-processing of imaging or liquid-chromatography mass spectrometry datasets and De Novo sequencing of polyketide siderophores.,https://pubmed.ncbi.nlm.nih.gov/27956353/,10.1016/j.bbapap.2016.12.003,Biochimica et biophysica acta. Proteins and proteomics,2017,SKIP,,,,"CycloBranch MS-imaging DEREPLICATION of siderophores by library m/z matching, not peptide sequencing"
2016-05-24,27213181,De Novo Sequencing and Resurrection of a Human Astrovirus-Neutralizing Antibody.,https://pubmed.ncbi.nlm.nih.gov/27213181/,10.1021/acsinfecdis.6b00026,ACS infectious diseases,2016,add,downstream-application,,antibodyomics,astrovirus-neutralizing antibody resurrected
2016-05-18,27187201,Top-down analysis of protein samples by de novo sequencing techniques.,https://pubmed.ncbi.nlm.nih.gov/27187201/,10.1093/bioinformatics/btw307,"Bioinformatics (Oxford, England)",2016,add,algorithm,,,top-down protein analysis from de novo strings
2016-04-14,27071218,LTQ Orbitrap Velos in routine de novo sequencing of non-tryptic skin peptides from the frog Rana latastei with traditional and reliable manual spectra interpretation.,https://pubmed.ncbi.nlm.nih.gov/27071218/,10.1002/rcm.7436,Rapid communications in mass spectrometry : RCM,2016,add,downstream-application,,bioactive-peptides,Rana latastei non-tryptic skin peptides
2016-01-23,26800542,De Novo Sequencing Assisted Approach for Characterizing Mixture MS/MS Spectra.,https://pubmed.ncbi.nlm.nih.gov/26800542/,10.1109/tnb.2016.2519841,IEEE transactions on nanobioscience,2016,add,algorithm,Grouped spectra,,characterizing MIXTURE MS/MS spectra; cf. publication 318
2015-12-25,26700053,A Proteomic Workflow Using High-Throughput De Novo Sequencing Towards Complementation of Genome Information for Improved Comparative Crop Science.,https://pubmed.ncbi.nlm.nih.gov/26700053/,10.1007/978-1-4939-3341-9_17,"Methods in molecular biology (Clifton, N.J.)",2016,add,downstream-application,,general-proteomics,high-throughput de novo for crop science
2015-10-02,26426307,Mining Novel Allergens from Coconut Pollen Employing Manual De Novo Sequencing and Homology-Driven Proteomics.,https://pubmed.ncbi.nlm.nih.gov/26426307/,10.1021/acs.jproteome.5b00657,Journal of proteome research,2015,add,downstream-application,,food-authentication,"coconut pollen allergens, manual de novo + homology"
2015-08-11,26259198,Novel proline-hydroxyproline glycopeptides from the dandelion (Taraxacum officinale Wigg.) flowers: de novo sequencing and biological activity.,https://pubmed.ncbi.nlm.nih.gov/26259198/,10.1016/j.plantsci.2015.07.002,Plant science : an international journal of experimental plant biology,2015,add,downstream-application,,bioactive-peptides,dandelion proline-hydroxyproline glycopeptides
2015-07-22,26195308,CycloBranch: De Novo Sequencing of Nonribosomal Peptides from Accurate Product Ion Mass Spectra.,https://pubmed.ncbi.nlm.nih.gov/26195308/,10.1007/s13361-015-1211-1,Journal of the American Society for Mass Spectrometry,2015,add,algorithm,,,CycloBranch: de novo sequencing of nonribosomal peptides
2014-11-05,25366406,Mass spectrometric de novo sequencing of natural non-tryptic peptides: comparing peculiarities of collision-induced dissociation (CID) and high energy collision dissociation (HCD).,https://pubmed.ncbi.nlm.nih.gov/25366406/,10.1002/rcm.7049,Rapid communications in mass spectrometry : RCM,2014,add,adjacent,Fragment ion analysis,,CID vs HCD for natural non-tryptic peptides
2014-08-20,25137130,Identification of phosphopeptides with unknown cleavage specificity by a de novo sequencing assisted database search strategy.,https://pubmed.ncbi.nlm.nih.gov/25137130/,10.1002/pmic.201400268,Proteomics,2014,add,algorithm,Hybrid de novo + database search,,phosphopeptides of unknown cleavage specificity
2014-05-23,24845350,A quantitative tool to distinguish isobaric leucine and isoleucine residues for mass spectrometry-based de novo monoclonal antibody sequencing.,https://pubmed.ncbi.nlm.nih.gov/24845350/,10.1007/s13361-014-0892-1,Journal of the American Society for Mass Spectrometry,2014,add,adjacent,Fragment ion analysis,,quantitative Leu/Ile discriminator; cf. algorithms 240 and the 2014 Orbitrap one
2014-02-14,24521884,Mass spectrometry analysis coupled with de novo sequencing reveals amino acid substitutions in nucleocapsid protein from influenza A virus.,https://pubmed.ncbi.nlm.nih.gov/24521884/,10.3390/ijms15022465,International journal of molecular sciences,2014,add,downstream-application,,pathogen-identification,amino acid substitutions in influenza A nucleocapsid
2013-09-03,23996391,High-resolution mass spectrometry and partial de novo sequencing constitute a useful approach for determining the profile of chemokine secretion following the stimulation of human intestinal epithelial cells.,https://pubmed.ncbi.nlm.nih.gov/23996391/,10.1002/rcm.6680,Rapid communications in mass spectrometry : RCM,2013,add,downstream-application,,general-proteomics,"chemokine secretion profile, PARTIAL de novo"
2012-10-16,23064155,De novo sequencing and characterization of a novel Bowman-Birk inhibitor from Lathyrus sativus L. seeds by electrospray mass spectrometry.,https://pubmed.ncbi.nlm.nih.gov/23064155/,10.1039/c2mb25241d,Molecular bioSystems,2012,add,downstream-application,,bioactive-peptides,Bowman-Birk inhibitor from Lathyrus sativus
2012-10-03,23028060,High-definition de novo sequencing of crustacean hyperglycemic hormone (CHH)-family neuropeptides.,https://pubmed.ncbi.nlm.nih.gov/23028060/,10.1074/mcp.m112.020537,Molecular & cellular proteomics : MCP,2012,add,downstream-application,,neuropeptidomics,crustacean hyperglycemic hormone family
2012-08-25,22917879,"Antimicrobial peptides from the skin of the Asian frog, Odorrana jingdongensis: de novo sequencing and analysis of tandem mass spectrometry data.",https://pubmed.ncbi.nlm.nih.gov/22917879/,10.1016/j.jprot.2012.08.004,Journal of proteomics,2012,add,downstream-application,,bioactive-peptides,Odorrana jingdongensis skin AMPs
2012-06-22,22718635,Development of a host blood meal database: de novo sequencing of hemoglobin from nine small mammals using mass spectrometry.,https://pubmed.ncbi.nlm.nih.gov/22718635/,10.1515/hsz-2011-0196,Biological chemistry,2012,add,downstream-application,,forensics,"host blood meal database, hemoglobin from nine mammals"
2012-01-31,22283738,193 nm ultraviolet photodissociation of imidazolinylated Lys-N peptides for de novo sequencing.,https://pubmed.ncbi.nlm.nih.gov/22283738/,10.1021/ac203227y,Analytical chemistry,2012,add,algorithm,Chemical derivatization assisted,,193 nm UVPD of imidazolinylated Lys-N peptides
2011-12-28,22200925,De novo analysis of protein N-terminal sequence utilizing MALDI signal enhancing derivatization with Br signature.,https://pubmed.ncbi.nlm.nih.gov/22200925/,10.1007/s00216-011-5642-7,Analytical and bioanalytical chemistry,2012,add,algorithm,Chemical derivatization assisted,,"MALDI signal-enhancing derivatization, Br signature"
2011-09-06,21888890,C-terminal de novo sequencing of peptides using oxazolone-based derivatization with bromine signature.,https://pubmed.ncbi.nlm.nih.gov/21888890/,10.1016/j.ab.2011.08.011,Analytical biochemistry,2011,add,algorithm,Chemical derivatization assisted,,"oxazolone C-terminal derivatization, Br signature"
2011-01-27,21268269,Resurrection of a clinical antibody: template proteogenomic de novo proteomic sequencing and reverse engineering of an anti-lymphotoxin-α antibody.,https://pubmed.ncbi.nlm.nih.gov/21268269/,10.1002/pmic.201000487,Proteomics,2011,add,downstream-application,,antibodyomics,"template proteogenomic de novo, anti-lymphotoxin-alpha"
2010-12-01,21115026,"De novo sequencing of peptides from the parotid secretion of the cane toad, Bufo marinus (Rhinella marina).",https://pubmed.ncbi.nlm.nih.gov/21115026/,10.1016/j.toxicon.2010.11.012,Toxicon : official journal of the International Society on Toxinology,2011,add,downstream-application,,venomics,cane toad parotid secretion
2010-07-01,20586483,"Extensive de novo sequencing of new parvalbumin isoforms using a novel combination of bottom-up proteomics, accurate molecular mass measurement by FTICR-MS, and selected MS/MS ion monitoring.",https://pubmed.ncbi.nlm.nih.gov/20586483/,10.1021/pr100163e,Journal of proteome research,2010,add,downstream-application,,food-authentication,"parvalbumin isoforms, bottom-up + FTICR"
2010-05-14,20462273,"Analysis of root plasma membrane aquaporins from Brassica oleracea: post-translational modifications, de novo sequencing and detection of isoforms by high resolution mass spectrometry.",https://pubmed.ncbi.nlm.nih.gov/20462273/,10.1021/pr901150g,Journal of proteome research,2010,add,downstream-application,,general-proteomics,Brassica aquaporin PTMs and isoforms
2010-03-25,20329751,Top-down de Novo protein sequencing of a 13.6 kDa camelid single heavy chain antibody by matrix-assisted laser desorption ionization-time-of-flight/time-of-flight mass spectrometry.,https://pubmed.ncbi.nlm.nih.gov/20329751/,10.1021/ac1000515,Analytical chemistry,2010,add,downstream-application,,antibodyomics,top-down de novo of a camelid single-chain antibody
2010-03-04,20198638,"OVNIp: an open source application facilitating the interpretation, the validation and the edition of proteomics data generated by MS analyses and de novo sequencing.",https://pubmed.ncbi.nlm.nih.gov/20198638/,10.1002/pmic.200800783,Proteomics,2010,add,adjacent,,,OVNIp: open-source editor/validator for de novo output
2010-02-16,20155756,De novo sequencing of two new cyclic theta-defensins from baboon (Papio hamadryas) leukocytes by matrix-assisted laser desorption/ionization mass spectrometry.,https://pubmed.ncbi.nlm.nih.gov/20155756/,10.1002/rcm.4424,Rapid communications in mass spectrometry : RCM,2010,add,downstream-application,,bioactive-peptides,baboon cyclic theta-defensins
2009-07-15,19597502,Dereplication and de novo sequencing of nonribosomal peptides.,https://pubmed.ncbi.nlm.nih.gov/19597502/,10.1038/nmeth.1350,Nature methods,2009,add,algorithm,,,dereplication and de novo sequencing of nonribosomal peptides
2008-12-03,19046072,Combining bottom-up and top-down mass spectrometric strategies for de novo sequencing of the crustacean hyperglycemic hormone from Cancer borealis.,https://pubmed.ncbi.nlm.nih.gov/19046072/,10.1021/ac801910g,Analytical chemistry,2009,add,downstream-application,,neuropeptidomics,"CHH from Cancer borealis, bottom-up + top-down"
2008-09-12,18783246,De novo sequencing of unique sequence tags for discovery of post-translational modifications of proteins.,https://pubmed.ncbi.nlm.nih.gov/18783246/,10.1021/ac801123p,Analytical chemistry,2008,add,algorithm,Sequence tag,,unique sequence tags for PTM discovery
2008-06-26,18577371,A method for N-terminal de novo sequence analysis of proteins by matrix-assisted laser desorption/ionization mass spectrometry.,https://pubmed.ncbi.nlm.nih.gov/18577371/,10.1016/j.ab.2008.05.053,Analytical biochemistry,2008,add,algorithm,Chemical derivatization assisted,,N-terminal de novo sequence analysis by MALDI
2008-06-04,18521828,"An improved method for de novo sequencing of arginine-containing, Nalpha-tris(2,4,6-trimethoxyphenyl)phosphonium-acetylated peptides.",https://pubmed.ncbi.nlm.nih.gov/18521828/,10.1002/rcm.3587,Rapid communications in mass spectrometry : RCM,2008,add,algorithm,Chemical derivatization assisted,,TMPP-acetylated arginine-containing peptides
2008-05-13,18470875,Lys Tag: an easy and robust chemical modification for improved de novo sequencing with a matrix-assisted laser desorption/ionization tandem time-of-flight mass spectrometer.,https://pubmed.ncbi.nlm.nih.gov/18470875/,10.1002/rcm.3555,Rapid communications in mass spectrometry : RCM,2008,add,algorithm,Chemical derivatization assisted,,Lys Tag for MALDI TOF/TOF de novo
2007-12-19,18085548,De novo sequencing of a 21-kDa cytochrome c4 from Thiocapsa roseopersicina by nanoelectrospray ionization ion-trap and Fourier-transform ion-cyclotron resonance mass spectrometry.,https://pubmed.ncbi.nlm.nih.gov/18085548/,10.1002/jms.1337,Journal of mass spectrometry : JMS,2007,add,downstream-application,,general-proteomics,21 kDa cytochrome c4 de novo sequenced
2007-09-20,17879392,Specific isolation of N-terminal fragments from proteins and their high-fidelity de novo sequencing.,https://pubmed.ncbi.nlm.nih.gov/17879392/,10.1002/rcm.3215,Rapid communications in mass spectrometry : RCM,2007,add,algorithm,Chemical derivatization assisted,,specific isolation of N-terminal fragments
2007-08-10,17686166,De novo protein sequence analysis of Macaca mulatta.,https://pubmed.ncbi.nlm.nih.gov/17686166/,10.1186/1471-2164-8-270,BMC genomics,2007,add,downstream-application,,general-proteomics,"rhesus macaque proteome, poorly annotated organism"
2007-07-12,17623296,Sequence similarity-driven proteomics in organisms with unknown genomes by LC-MS/MS and automated de novo sequencing.,https://pubmed.ncbi.nlm.nih.gov/17623296/,10.1002/pmic.200700003,Proteomics,2007,add,algorithm,Homology search,,sequence-similarity proteomics for unknown genomes
2007-02-15,17297959,Improving de novo sequencing of peptides using a charged tag and C-terminal digestion.,https://pubmed.ncbi.nlm.nih.gov/17297959/,10.1021/ac061670b,Analytical chemistry,2007,add,algorithm,Chemical derivatization assisted,,charged tag plus C-terminal digestion
2006-12-01,17134143,De novo sequencing and disulfide mapping of a bromotryptophan-containing conotoxin by Fourier transform ion cyclotron resonance mass spectrometry.,https://pubmed.ncbi.nlm.nih.gov/17134143/,10.1021/ac0607764,Analytical chemistry,2006,add,downstream-application,,venomics,"bromotryptophan conotoxin, FTICR, disulfide mapping"
2006-09-30,17007506,Infrared multiphoton dissociation for enhanced de novo sequence interpretation of N-terminal sulfonated peptides in a quadrupole ion trap.,https://pubmed.ncbi.nlm.nih.gov/17007506/,10.1021/ac060760d,Analytical chemistry,2006,add,algorithm,Chemical derivatization assisted,,IRMPD of N-terminal sulfonated peptides
2006-03-21,16545334,De novo proteomic sequencing of a monoclonal antibody raised against OX40 ligand.,https://pubmed.ncbi.nlm.nih.gov/16545334/,10.1016/j.ab.2006.02.001,Analytical biochemistry,2006,add,downstream-application,,antibodyomics,anti-OX40L monoclonal antibody
2005-04-02,15803512,An algorithm for interpretation of low-energy collision-induced dissociation product ion spectra for de novo sequencing of peptides.,https://pubmed.ncbi.nlm.nih.gov/15803512/,10.1002/rcm.1892,Rapid communications in mass spectrometry : RCM,2005,add,algorithm,Heuristic,,algorithm for low-energy CID spectrum interpretation
2005-02-15,15707361,Enhancing TOF/TOF-based de novo sequencing capability for high throughput protein identification with amino acid-coded mass tagging.,https://pubmed.ncbi.nlm.nih.gov/15707361/,10.1021/pr049850u,Journal of proteome research,2005,add,algorithm,Chemical labeling assisted,,amino-acid-coded mass tagging for TOF/TOF
2004-12-14,15589760,A case study of de novo sequence analysis of N-sulfonated peptides by MALDI TOF/TOF mass spectrometry.,https://pubmed.ncbi.nlm.nih.gov/15589760/,10.1016/j.jasms.2004.08.010,Journal of the American Society for Mass Spectrometry,2004,add,algorithm,Chemical derivatization assisted,,N-sulfonated peptides on MALDI TOF/TOF
2004-11-13,15540208,Identification of proteins induced by polycyclic aromatic hydrocarbon in Mycobacterium vanbaalenii PYR-1 using two-dimensional polyacrylamide gel electrophoresis and de novo sequencing methods.,https://pubmed.ncbi.nlm.nih.gov/15540208/,10.1002/pmic.200400872,Proteomics,2004,add?,downstream-application,,general-proteomics,2D-PAGE study where de novo is one identification route; de novo is INCIDENTAL
2004-03-03,14991689,De novo sequencing of antimicrobial peptides isolated from the venom glands of the wolf spider Lycosa singoriensis.,https://pubmed.ncbi.nlm.nih.gov/14991689/,10.1002/jms.577,Journal of mass spectrometry : JMS,2004,add,downstream-application,,venomics,wolf spider Lycosa singoriensis venom AMPs
2003-12-16,14673815,De novo sequencing of novel neuropeptides directly from Ascaris suum tissue using matrix-assisted laser desorption/ionization time-of-flight/time-of-flight.,https://pubmed.ncbi.nlm.nih.gov/14673815/,10.1002/rcm.1240,Rapid communications in mass spectrometry : RCM,2003,add,downstream-application,,neuropeptidomics,Ascaris suum neuropeptides direct from tissue
2003-05-29,12769561,Secondary losses via gamma-lactam formation in hot electron capture dissociation: a missing link to complete de novo sequencing of proteins?,https://pubmed.ncbi.nlm.nih.gov/12769561/,10.1021/ja035042c,Journal of the American Chemical Society,2003,add,adjacent,Fragment ion analysis,,gamma-lactam secondary losses in hot ECD
2001-10-27,11678036,Automated de novo sequencing of proteins using the differential scanning technique.,https://pubmed.ncbi.nlm.nih.gov/11678036/,10.1002/1615-9861(200104)1:5<668::aid-prot668>3.0.co;2-s,Proteomics,2001,add,algorithm,,,automated de novo by differential scanning
2001-06-19,11404841,"Factors determining the performance of triple quadrupole, quadrupole ion trap and sector field mass spectrometer in electrospray ionization mass spectrometry. 2. Suitability for de novo sequencing.",https://pubmed.ncbi.nlm.nih.gov/11404841/,10.1002/rcm.338,Rapid communications in mass spectrometry : RCM,2001,add,benchmark,,,instrument comparison for de novo suitability
1999-11-05,10548809,Evaluation of charge derivatization of a proteolytic protein digest for improved mass spectrometric analysis: de novo sequencing by matrix-assisted laser desorption/ionization post-source decay mass spectrometry.,https://pubmed.ncbi.nlm.nih.gov/10548809/,10.1002/(sici)1096-9888(199911)34:11<1154::aid-jms875>3.0.co;2-8,Journal of mass spectrometry : JMS,1999,add,algorithm,Chemical derivatization assisted,,charge derivatization for MALDI-PSD de novo
